DateTime,latitude,longitude,measuring,raw measuring,Hour,value,UPPER LIMIT,LOWER LIMIT,CHANGE POINT,Diff,Max Diff,Min Diff,QTLE01,QTLE99,DIFF_QTLE01,DIFF_QTLE99,Count,Std,% valid,Tag
2022-11-27 14:30:00,-28.456899,-48.972999,99.44250000000001,91.06,14,187.11348909037503,20000.0,15.0,0.0,-7.655000000000001,100.0,-100.0,19.972499999999997,186.0025,-22.404999999999987,27.194999999999993,2,5.4129024099830225,50.0,LOWSAMPLES
2022-11-27 15:30:00,,,,,15,,,,,,,,,,,,0,,0.0,LOWSAMPLES
2022-11-27 16:30:00,,,,,16,,,,,,,,,,,,0,,0.0,LOWSAMPLES
2022-11-27 17:30:00,-28.456899,-48.972999,95.86875,94.795,17,180.38903192531248,20000.0,15.0,0.0,-1.8549999999999993,100.0,-100.0,17.8175,289.73,-22.404999999999987,27.194999999999993,4,4.302009946912408,100.0,VALID
2022-11-27 18:30:00,-28.456899,-48.972999,99.98125000000002,97.7025,18,188.1272145321875,20000.0,15.0,0.0,0.6000000000000014,100.0,-100.0,17.375,289.73,-22.404999999999987,27.194999999999993,4,0.8875000000000052,100.0,VALID
2022-11-27 19:30:00,-28.456899,-48.972999,93.21375,96.125,19,175.3933176830625,20000.0,15.0,0.0,-0.6950000000000003,100.0,-100.0,17.064999999999998,162.78,-22.404999999999987,27.194999999999993,4,2.0702631676512397,100.0,VALID
2022-11-27 20:30:00,-28.456899,-48.972999,98.4625,94.6675,20,185.269496639375,20000.0,15.0,0.0,0.5687500000000014,100.0,-100.0,17.064999999999998,107.6325,-22.404999999999987,27.194999999999993,4,0.3666174209354071,100.0,VALID
2022-11-27 21:30:00,-28.456899000000003,-48.972998999999994,93.63333333333333,96.41666666666667,21,176.18281615166666,20000.0,15.0,0.0,-1.3916666666666704,100.0,-100.0,17.380000000000003,100.2975,-22.404999999999987,27.194999999999993,3,0.2915618859407563,75.0,VALID
2022-11-27 22:30:00,-28.456899000000003,-48.972998999999994,94.89833333333335,87.81333333333333,22,178.56307171341666,20000.0,15.0,0.0,-3.9649999999999985,100.0,-100.0,20.86,101.31,-22.404999999999987,27.194999999999993,3,5.569408257017383,75.0,VALID
2022-11-27 23:30:00,-28.456899000000003,-48.972998999999994,93.13,93.3,23,175.23573159349996,20000.0,15.0,0.0,-0.63166666666667,100.0,-100.0,20.857499999999998,95.36250000000001,-22.404999999999987,27.194999999999993,3,1.680089283341809,75.0,VALID
2022-11-28 00:30:00,-28.456899,-48.972999,95.61749999999999,97.77,0,179.91627365662498,20000.0,15.0,0.0,1.5174999999999983,100.0,-100.0,21.174999999999997,97.45249999999999,-22.404999999999987,27.194999999999993,2,2.1460690809011695,50.0,LOWSAMPLES
2022-11-28 01:30:00,-28.456899,-48.972999,97.13499999999999,93.5925,1,182.77163951824997,20000.0,15.0,0.0,-0.15875000000000128,100.0,-100.0,17.380000000000003,97.45249999999999,-22.404999999999987,27.194999999999993,4,0.0,100.0,VALID
2022-11-28 02:30:00,-28.456899,-48.972999,90.21000000000001,91.0,2,169.7413867395,20000.0,15.0,0.0,-1.6124999999999972,100.0,-100.0,16.115000000000002,97.13499999999999,-22.404999999999987,27.194999999999993,4,2.5254471551258653,100.0,VALID
2022-11-28 03:30:00,-28.456899,-48.972999,89.4825,88.28,3,168.372504588375,20000.0,15.0,0.0,-2.4025000000000034,100.0,-100.0,16.115000000000002,91.885,-22.404999999999987,27.194999999999993,2,1.7005918087536476,50.0,LOWSAMPLES
2022-11-28 04:30:00,-28.456899,-48.972999,86.22375,86.255,4,162.2407592825625,20000.0,15.0,0.0,-1.3287499999999994,100.0,-100.0,23.07,89.4825,-22.404999999999987,27.194999999999993,4,2.5693493826258784,100.0,VALID
2022-11-28 05:30:00,-28.456899000000003,-48.972998999999994,81.82833333333333,85.2,5,153.97023361691666,20000.0,15.0,0.0,-0.1683333333333318,100.0,-100.0,22.439999999999998,84.1675,-22.404999999999987,27.194999999999993,3,0.6325016469016876,75.0,VALID
2022-11-28 06:30:00,-28.456899000000003,-48.972998999999994,82.04,85.28666666666668,6,154.36851089799998,20000.0,15.0,0.0,-1.6016666666666641,100.0,-100.0,17.695,84.5475,-22.404999999999987,27.194999999999993,3,0.363730669589475,75.0,VALID
2022-11-28 07:30:00,-28.456899,-48.972999,83.66,83.09,7,157.416743317,20000.0,15.0,0.0,0.3149999999999977,100.0,-100.0,20.86,84.54499999999999,-22.404999999999987,27.194999999999993,2,0.8061017305526545,50.0,LOWSAMPLES
2022-11-28 08:30:00,-28.456899000000003,-48.972998999999994,83.00666666666666,85.87333333333333,8,156.1874150163333,20000.0,15.0,0.0,0.2533333333333303,100.0,-100.0,19.97,83.975,-22.404999999999987,27.194999999999993,3,0.7303480905248769,75.0,VALID
2022-11-28 09:30:00,-28.456899,-48.972999,85.685,83.35,9,161.22703384074998,20000.0,15.0,0.0,-1.769999999999996,100.0,-100.0,17.380000000000003,86.57,-22.404999999999987,27.194999999999993,2,0.09192388155424797,50.0,LOWSAMPLES
2022-11-28 10:30:00,-28.456899,-48.972999,82.08375,79.9325,10,154.4508319895625,20000.0,15.0,0.0,-1.3912499999999994,100.0,-100.0,15.26,85.685,-22.404999999999987,27.194999999999993,4,1.5506631645847484,100.0,VALID
2022-11-28 11:30:00,-28.456899000000003,-48.972998999999994,80.44,80.56666666666666,11,151.35791097799998,20000.0,15.0,0.0,0.0,100.0,-100.0,15.26,80.8825,-22.404999999999987,27.194999999999993,3,0.33544746235438583,75.0,VALID
2022-11-28 12:30:00,-28.456899,-48.972999,84.64125,85.685,12,159.26308779918747,20000.0,15.0,0.0,0.8837499999999991,100.0,-100.0,15.7925,100.92750000000001,-22.404999999999987,27.194999999999993,4,1.7748397815014192,100.0,VALID
2022-11-28 13:30:00,-28.456899,-48.972999,83.40875,81.6375,13,156.9439850483125,20000.0,15.0,0.0,-1.0425000000000004,100.0,-100.0,16.8075,98.39750000000001,-22.404999999999987,27.194999999999993,4,1.378485733211145,100.0,VALID
2022-11-28 14:30:00,-28.456899,-48.972999,81.10125,79.9325,14,152.6021354761875,20000.0,15.0,0.0,-0.5687499999999979,100.0,-100.0,19.972499999999997,186.0025,-22.404999999999987,27.194999999999993,4,1.08929162761861,100.0,VALID
2022-11-28 15:30:00,-28.456899,-48.972999,79.8375,81.1975,15,150.224231945625,20000.0,15.0,0.0,0.15749999999999886,100.0,-100.0,16.745,197.39,-22.404999999999987,27.194999999999993,4,0.3149999999999977,100.0,VALID
2022-11-28 16:30:00,-28.456899,-48.972999,80.31125,79.365,16,151.1156517656875,20000.0,15.0,0.0,-0.15749999999999886,100.0,-100.0,16.7425,229.01500000000001,-22.404999999999987,27.194999999999993,4,0.516436104469849,100.0,VALID
2022-11-28 17:30:00,-28.456899,-48.972999,80.62875,81.83,17,151.7130676873125,20000.0,15.0,0.0,0.6325000000000003,100.0,-100.0,17.8175,289.73,-22.404999999999987,27.194999999999993,4,1.211145291311763,100.0,VALID
2022-11-28 18:30:00,-28.456899,-48.972999,83.88499999999999,87.3325,18,157.84010893074998,20000.0,15.0,0.0,0.6325000000000003,100.0,-100.0,17.375,289.73,-22.404999999999987,27.194999999999993,4,0.632389647817448,100.0,VALID
2022-11-28 19:30:00,-28.456899000000003,-48.972998999999994,87.69166666666666,85.12,19,165.00282790708332,20000.0,15.0,0.0,0.9283333333333322,100.0,-100.0,17.064999999999998,162.78,-22.404999999999987,27.194999999999993,3,0.40648903224237004,75.0,VALID
2022-11-28 20:30:00,-28.456899,-48.972999,91.065,91.7,20,171.35017607174998,20000.0,15.0,0.0,,100.0,-100.0,17.064999999999998,107.6325,-22.404999999999987,27.194999999999993,1,,25.0,LOWSAMPLES
2022-11-28 21:30:00,-28.456899,-48.972999,91.7,91.7,21,172.54500791499999,20000.0,15.0,0.0,0.31750000000000256,100.0,-100.0,17.380000000000003,100.2975,-22.404999999999987,27.194999999999993,2,0.0,50.0,LOWSAMPLES
2022-11-28 22:30:00,-28.456899,-48.972999,73.90625,72.975,22,139.06384396093748,20000.0,15.0,0.0,-1.167500000000004,100.0,-100.0,20.86,101.31,-22.404999999999987,27.194999999999993,2,0.8255471670353021,50.0,LOWSAMPLES
2022-11-28 23:30:00,-28.456899,-48.972999,74.77625,75.5675,23,140.70085766743748,20000.0,15.0,0.0,0.4818750000000023,100.0,-100.0,20.857499999999998,95.36250000000001,-22.404999999999987,27.194999999999993,4,0.3325501215355839,100.0,VALID
2022-11-29 00:30:00,-28.456899,-48.972999,75.56625,75.8825,0,142.18734137793749,20000.0,15.0,0.0,0.0,100.0,-100.0,21.174999999999997,97.45249999999999,-22.404999999999987,27.194999999999993,4,0.6324999999999967,100.0,VALID
2022-11-29 01:30:00,-28.456899,-48.972999,76.83125,77.8425,1,144.5675969396875,20000.0,15.0,0.0,0.6325000000000003,100.0,-100.0,17.380000000000003,97.45249999999999,-22.404999999999987,27.194999999999993,4,1.2111452913117713,100.0,VALID
2022-11-29 02:30:00,-28.456899,-48.972999,77.78,78.0975,2,146.352788611,20000.0,15.0,0.0,0.0,100.0,-100.0,16.115000000000002,97.13499999999999,-22.404999999999987,27.194999999999993,4,0.0,100.0,VALID
2022-11-29 03:30:00,-28.456899,-48.972999,77.40125,75.505,3,145.6401231611875,20000.0,15.0,0.0,-0.41125000000000256,100.0,-100.0,16.115000000000002,91.885,-22.404999999999987,27.194999999999993,4,0.9644460845480215,100.0,VALID
2022-11-29 04:30:00,-28.456899,-48.972999,77.2425,78.225,4,145.341415200375,20000.0,15.0,0.0,0.5700000000000003,100.0,-100.0,23.07,89.4825,-22.404999999999987,27.194999999999993,4,0.8370234962850946,100.0,VALID
2022-11-29 05:30:00,-28.456899,-48.972999,79.20625,79.4275,5,149.0364561959375,20000.0,15.0,0.0,0.3162500000000037,100.0,-100.0,22.439999999999998,84.1675,-22.404999999999987,27.194999999999993,4,0.6053563000415645,100.0,VALID
2022-11-29 06:30:00,-28.456899,-48.972999,77.14875,74.8075,6,145.1650128613125,20000.0,15.0,0.0,-0.9800000000000004,100.0,-100.0,17.695,84.5475,-22.404999999999987,27.194999999999993,4,1.5119764934239732,100.0,VALID
2022-11-29 07:30:00,-28.456899,-48.972999,73.47874999999999,72.72,7,138.2594492948125,20000.0,15.0,0.0,-0.6025000000000027,100.0,-100.0,20.86,84.54499999999999,-22.404999999999987,27.194999999999993,4,1.1369724051180858,100.0,VALID
2022-11-29 08:30:00,-28.456899,-48.972999,75.1875,74.68,8,141.474675928125,20000.0,15.0,0.0,0.4750000000000014,100.0,-100.0,19.97,83.975,-22.404999999999987,27.194999999999993,4,0.07216878364870116,100.0,VALID
2022-11-29 09:30:00,-28.456899,-48.972999,69.05,66.9025,9,129.9262027975,20000.0,15.0,0.0,-2.2775,100.0,-100.0,17.380000000000003,86.57,-22.404999999999987,27.194999999999993,4,2.876117174247247,100.0,VALID
2022-11-29 10:30:00,-28.456899,-48.972999,71.9325,77.025,10,135.349986715875,20000.0,15.0,0.0,2.7212500000000013,100.0,-100.0,15.26,85.685,-22.404999999999987,27.194999999999993,4,3.849531356758465,100.0,VALID
2022-11-29 11:30:00,-28.456899,-48.972999,77.94125,80.7525,11,146.6562006341875,20000.0,15.0,0.0,0.6637500000000003,100.0,-100.0,15.26,80.8825,-22.404999999999987,27.194999999999993,4,1.1833594480686525,100.0,VALID
2022-11-29 12:30:00,-28.456899,-48.972999,81.545,80.435,12,153.43710654775,20000.0,15.0,0.0,0.5687499999999979,100.0,-100.0,15.7925,100.92750000000001,-22.404999999999987,27.194999999999993,4,1.421014895535348,100.0,VALID
2022-11-29 13:30:00,-28.456899,-48.972999,77.14875,77.78,13,145.1650128613125,20000.0,15.0,0.0,-0.9175000000000004,100.0,-100.0,16.8075,98.39750000000001,-22.404999999999987,27.194999999999993,4,0.8624516894682619,100.0,VALID
2022-11-29 14:30:00,-28.456899,-48.972999,76.10374999999999,65.0675,14,143.19871478856248,20000.0,15.0,0.0,-1.4537499999999994,100.0,-100.0,19.972499999999997,186.0025,-22.404999999999987,27.194999999999993,4,2.7839371849953767,100.0,VALID
2022-11-29 15:30:00,-28.456899,-48.972999,52.67,49.0025,15,99.1051861165,20000.0,15.0,0.0,-6.38875,100.0,-100.0,16.745,197.39,-22.404999999999987,27.194999999999993,4,10.812173694498254,100.0,VALID
2022-11-29 16:30:00,-28.456899,-48.972999,51.214999999999996,56.085,16,96.36742181425,20000.0,15.0,0.0,2.244999999999999,100.0,-100.0,16.7425,229.01500000000001,-22.404999999999987,27.194999999999993,4,4.048005681814196,100.0,VALID
2022-11-29 17:30:00,-28.456899,-48.972999,59.182500000000005,59.31,17,111.359268603375,20000.0,15.0,0.0,0.5687500000000014,100.0,-100.0,17.8175,289.73,-22.404999999999987,27.194999999999993,4,1.1691342951089931,100.0,VALID
2022-11-29 18:30:00,-28.456899,-48.972999,55.010000000000005,50.585,18,103.5081884995,20000.0,15.0,0.0,-1.1687499999999993,100.0,-100.0,17.375,289.73,-22.404999999999987,27.194999999999993,4,1.519265173255369,100.0,VALID
2022-11-29 19:30:00,-28.456899,-48.972999,49.2875,48.1175,19,92.740589723125,20000.0,15.0,0.0,-1.2337500000000006,100.0,-100.0,17.064999999999998,162.78,-22.404999999999987,27.194999999999993,4,1.9841727915347178,100.0,VALID
2022-11-29 20:30:00,-28.456899,-48.972999,52.92375,53.05,20,99.58264844756249,20000.0,15.0,0.0,1.8024999999999984,100.0,-100.0,17.064999999999998,107.6325,-22.404999999999987,27.194999999999993,4,3.512367138649751,100.0,VALID
2022-11-29 21:30:00,-28.456899,-48.972999,46.221250000000005,48.3725,21,86.9710572201875,20000.0,15.0,0.0,-2.5612499999999976,100.0,-100.0,17.380000000000003,100.2975,-22.404999999999987,27.194999999999993,4,2.7044327039140725,100.0,VALID
2022-11-29 22:30:00,-28.456899,-48.972999,53.49375,52.292500000000004,22,100.65517466906249,20000.0,15.0,0.0,1.8337499999999984,100.0,-100.0,20.86,101.31,-22.404999999999987,27.194999999999993,4,3.0771587950575428,100.0,VALID
2022-11-29 23:30:00,-28.456899,-48.972999,46.661249999999995,46.6625,23,87.7989721981875,20000.0,15.0,0.0,-1.7712500000000002,100.0,-100.0,20.857499999999998,95.36250000000001,-22.404999999999987,27.194999999999993,4,2.2125225987546435,100.0,VALID
2022-11-30 00:30:00,-28.456899,-48.972999,48.208749999999995,43.4975,0,90.71078680831249,20000.0,15.0,0.0,-0.4112500000000008,100.0,-100.0,21.174999999999997,97.45249999999999,-22.404999999999987,27.194999999999993,4,3.0725895023579075,100.0,VALID
2022-11-30 01:30:00,-28.456899,-48.972999,42.677499999999995,43.12,1,80.30304880362499,20000.0,15.0,0.0,-0.03125,100.0,-100.0,17.380000000000003,97.45249999999999,-22.404999999999987,27.194999999999993,4,0.8849999999999991,100.0,VALID
2022-11-30 02:30:00,-28.456899,-48.972999,42.045,43.12,2,79.11292102275,20000.0,15.0,0.0,-0.12624999999999886,100.0,-100.0,16.115000000000002,97.13499999999999,-22.404999999999987,27.194999999999993,4,1.680089283341809,100.0,VALID
2022-11-30 03:30:00,-28.456899,-48.972999,44.79625,44.004999999999995,3,84.2897416664375,20000.0,15.0,0.0,0.28500000000000014,100.0,-100.0,16.115000000000002,91.885,-22.404999999999987,27.194999999999993,4,0.9809975789980317,100.0,VALID
2022-11-30 04:30:00,-28.456899,-48.972999,40.019999999999996,37.489999999999995,4,75.302630499,20000.0,15.0,0.0,-1.2025000000000006,100.0,-100.0,23.07,89.4825,-22.404999999999987,27.194999999999993,4,0.3024621188402534,100.0,VALID
2022-11-30 05:30:00,-28.456899,-48.972999,40.01875,42.17,5,75.30027846781249,20000.0,15.0,0.0,0.28500000000000014,100.0,-100.0,22.439999999999998,84.1675,-22.404999999999987,27.194999999999993,4,0.9779602497034331,100.0,VALID
2022-11-30 06:30:00,-28.456899,-48.972999,38.28375,37.4275,6,72.03565917956249,20000.0,15.0,0.0,-0.9800000000000004,100.0,-100.0,17.695,84.5475,-22.404999999999987,27.194999999999993,4,0.8225000000000009,100.0,VALID
2022-11-30 07:30:00,-28.456899,-48.972999,39.83,38.945,7,74.9451217585,20000.0,15.0,0.0,0.7262500000000003,100.0,-100.0,20.86,84.54499999999999,-22.404999999999987,27.194999999999993,4,1.452388836824814,100.0,VALID
2022-11-30 08:30:00,-28.456899,-48.972999,36.76125,35.275,8,69.17088519318749,20000.0,15.0,0.0,-0.9487500000000004,100.0,-100.0,19.97,83.975,-22.404999999999987,27.194999999999993,4,0.6961366604338561,100.0,VALID
2022-11-30 09:30:00,-28.456899,-48.972999,36.0325,35.465,9,67.799651010875,20000.0,15.0,0.0,-0.09499999999999886,100.0,-100.0,17.380000000000003,86.57,-22.404999999999987,27.194999999999993,4,0.2915618859407594,100.0,VALID
2022-11-30 10:30:00,-28.456899,-48.972999,33.728750000000005,33.1275,10,63.4648575323125,20000.0,15.0,0.0,-0.7262500000000003,100.0,-100.0,15.26,85.685,-22.404999999999987,27.194999999999993,4,1.0892916276186129,100.0,VALID
2022-11-30 11:30:00,-28.456899,-48.972999,33.82,35.4025,11,63.636555809,20000.0,15.0,0.0,0.8524999999999991,100.0,-100.0,15.26,80.8825,-22.404999999999987,27.194999999999993,4,1.9623158087660926,100.0,VALID
2022-11-30 12:30:00,-28.456899,-48.972999,35.37125,35.34,12,66.5554265126875,20000.0,15.0,0.0,-0.3149999999999977,100.0,-100.0,15.7925,100.92750000000001,-22.404999999999987,27.194999999999993,4,0.6120100080880992,100.0,VALID
2022-11-30 13:30:00,-28.456899,-48.972999,32.96875,31.5475,13,62.03482257031249,20000.0,15.0,0.0,-1.0112500000000013,100.0,-100.0,16.8075,98.39750000000001,-22.404999999999987,27.194999999999993,4,1.705277958769967,100.0,VALID
2022-11-30 14:30:00,-28.456899,-48.972999,31.10625,30.8525,14,58.5302961009375,20000.0,15.0,0.0,0.12624999999999975,100.0,-100.0,19.972499999999997,186.0025,-22.404999999999987,27.194999999999993,4,0.2524999999999998,100.0,VALID
2022-11-30 15:30:00,-28.456899,-48.972999,30.377499999999998,29.27,15,57.15906191862499,20000.0,15.0,0.0,-0.9175000000000004,100.0,-100.0,16.745,197.39,-22.404999999999987,27.194999999999993,4,1.863502526605925,100.0,VALID
2022-11-30 16:30:00,-28.456899,-48.972999,28.35375,33.317499999999995,16,53.3511234260625,20000.0,15.0,0.0,1.17,100.0,-100.0,16.7425,229.01500000000001,-22.404999999999987,27.194999999999993,4,2.777013908859658,100.0,VALID
2022-11-30 17:30:00,-28.456899,-48.972999,34.231249999999996,31.6075,17,64.41037406968749,20000.0,15.0,0.0,-0.5699999999999994,100.0,-100.0,17.8175,289.73,-22.404999999999987,27.194999999999993,4,3.0084557915980774,100.0,VALID
2022-11-30 18:30:00,-28.456899,-48.972999,22.658749999999998,20.92,18,42.635269335812495,20000.0,15.0,0.0,-2.8775000000000004,100.0,-100.0,17.375,289.73,-22.404999999999987,27.194999999999993,4,5.170430953992134,100.0,VALID
2022-11-30 19:30:00,-28.456899,-48.972999,30.28125,31.925000000000004,19,56.977955517187496,20000.0,15.0,0.0,3.383750000000001,100.0,-100.0,17.064999999999998,162.78,-22.404999999999987,27.194999999999993,4,3.347181339077206,100.0,VALID
2022-11-30 20:30:00,-28.456899,-48.972999,32.24,32.2425,20,60.663588388,20000.0,15.0,0.0,0.0,100.0,-100.0,17.064999999999998,107.6325,-22.404999999999987,27.194999999999993,4,0.0,100.0,VALID
2022-11-30 21:30:00,-28.456899,-48.972999,32.24,31.2925,21,60.663588388,20000.0,15.0,0.0,0.0,100.0,-100.0,17.380000000000003,100.2975,-22.404999999999987,27.194999999999993,4,0.0,100.0,VALID
2022-11-30 22:30:00,-28.456899,-48.972999,29.45875,29.1425,22,55.43031899581249,20000.0,15.0,0.0,-0.7900000000000009,100.0,-100.0,20.86,101.31,-22.404999999999987,27.194999999999993,4,1.5429753454500392,100.0,VALID
2022-11-30 23:30:00,-28.456899,-48.972999,29.713749999999997,30.6625,23,55.910133358062495,20000.0,15.0,0.0,0.47500000000000053,100.0,-100.0,20.857499999999998,95.36250000000001,-22.404999999999987,27.194999999999993,4,1.1547826274527442,100.0,VALID
2022-12-01 00:30:00,-28.456899,-48.972999,32.0825,32.2425,0,60.367232458375,20000.0,15.0,0.0,0.3150000000000004,100.0,-100.0,21.174999999999997,97.45249999999999,-22.404999999999987,27.194999999999993,4,0.3150000000000011,100.0,VALID
2022-12-01 01:30:00,-28.456899,-48.972999,30.78875,27.814999999999998,1,57.9328801793125,20000.0,15.0,0.0,-1.3275000000000006,100.0,-100.0,17.380000000000003,97.45249999999999,-22.404999999999987,27.194999999999993,4,2.6747628399542287,100.0,VALID
2022-12-01 02:30:00,-28.456899,-48.972999,23.447499999999998,22.435,2,44.11940101512499,20000.0,15.0,0.0,-1.36125,100.0,-100.0,16.115000000000002,97.13499999999999,-22.404999999999987,27.194999999999993,4,1.3421407030064565,100.0,VALID
2022-12-01 03:30:00,-28.456899,-48.972999,21.4225,18.5775,3,40.309110491374994,20000.0,15.0,0.0,-0.8849999999999998,100.0,-100.0,16.115000000000002,91.885,-22.404999999999987,27.194999999999993,4,3.177584250128809,100.0,VALID
2022-12-01 04:30:00,,,,,4,,,,,,,,,,,,0,,0.0,LOWSAMPLES
2022-12-01 05:30:00,,,,,5,,,,,,,,,,,,0,,0.0,LOWSAMPLES
2022-12-01 06:30:00,,,,,6,,,,,,,,,,,,0,,0.0,LOWSAMPLES
2022-12-01 07:30:00,,,,,7,,,,,,,,,,,,0,,0.0,LOWSAMPLES
2022-12-01 08:30:00,,,,,8,,,,,,,,,,,,0,,0.0,LOWSAMPLES
2022-12-01 09:30:00,,,,,9,,,,,,,,,,,,0,,0.0,LOWSAMPLES
2022-12-01 10:30:00,,,,,10,,,,,,,,,,,,0,,0.0,LOWSAMPLES
2022-12-01 11:30:00,,,,,11,,,,,,,,,,,,0,,0.0,LOWSAMPLES
2022-12-01 12:30:00,,,,,12,,,,,,,,,,,,0,,0.0,LOWSAMPLES
2022-12-01 13:30:00,,,,,13,,,,,,,,,,,,0,,0.0,LOWSAMPLES
2022-12-01 14:30:00,,,,,14,,,,,,,,,,,,0,,0.0,LOWSAMPLES
2022-12-01 15:30:00,,,,,15,,,,,,,,,,,,0,,0.0,LOWSAMPLES
2022-12-01 16:30:00,,,,,16,,,,,,,,,,,,0,,0.0,LOWSAMPLES
2022-12-01 17:30:00,,,,,17,,,,,,,,,,,,0,,0.0,LOWSAMPLES
2022-12-01 18:30:00,,,,,18,,,,,,,,,,,,0,,0.0,LOWSAMPLES
2022-12-01 19:30:00,,,,,19,,,,,,,,,,,,0,,0.0,LOWSAMPLES
2022-12-01 20:30:00,,,,,20,,,,,,,,,,,,0,,0.0,LOWSAMPLES
2022-12-01 21:30:00,,,,,21,,,,,,,,,,,,0,,0.0,LOWSAMPLES
2022-12-01 22:30:00,,,,,22,,,,,,,,,,,,0,,0.0,LOWSAMPLES
2022-12-01 23:30:00,,,,,23,,,,,,,,,,,,0,,0.0,LOWSAMPLES
2022-12-02 00:30:00,,,,,0,,,,,,,,,,,,0,,0.0,LOWSAMPLES
2022-12-02 01:30:00,,,,,1,,,,,,,,,,,,0,,0.0,LOWSAMPLES
2022-12-02 02:30:00,,,,,2,,,,,,,,,,,,0,,0.0,LOWSAMPLES
2022-12-02 03:30:00,,,,,3,,,,,,,,,,,,0,,0.0,LOWSAMPLES
2022-12-02 04:30:00,,,,,4,,,,,,,,,,,,0,,0.0,LOWSAMPLES
2022-12-02 05:30:00,,,,,5,,,,,,,,,,,,0,,0.0,LOWSAMPLES
2022-12-02 06:30:00,,,,,6,,,,,,,,,,,,0,,0.0,LOWSAMPLES
2022-12-02 07:30:00,,,,,7,,,,,,,,,,,,0,,0.0,LOWSAMPLES
2022-12-02 08:30:00,,,,,8,,,,,,,,,,,,0,,0.0,LOWSAMPLES
2022-12-02 09:30:00,,,,,9,,,,,,,,,,,,0,,0.0,LOWSAMPLES
2022-12-02 10:30:00,,,,,10,,,,,,,,,,,,0,,0.0,LOWSAMPLES
2022-12-02 11:30:00,,,,,11,,,,,,,,,,,,0,,0.0,LOWSAMPLES
2022-12-02 12:30:00,,,,,12,,,,,,,,,,,,0,,0.0,LOWSAMPLES
2022-12-02 13:30:00,,,,,13,,,,,,,,,,,,0,,0.0,LOWSAMPLES
2022-12-02 14:30:00,,,,,14,,,,,,,,,,,,0,,0.0,LOWSAMPLES
2022-12-02 15:30:00,,,,,15,,,,,,,,,,,,0,,0.0,LOWSAMPLES
2022-12-02 16:30:00,,,,,16,,,,,,,,,,,,0,,0.0,LOWSAMPLES
2022-12-02 17:30:00,,,,,17,,,,,,,,,,,,0,,0.0,LOWSAMPLES
2022-12-02 18:30:00,,,,,18,,,,,,,,,,,,0,,0.0,LOWSAMPLES
2022-12-02 19:30:00,,,,,19,,,,,,,,,,,,0,,0.0,LOWSAMPLES
2022-12-02 20:30:00,-28.456899,-48.972999,23.637500000000003,33.0,20,44.476909755625,20000.0,15.0,0.0,10.055,100.0,-100.0,17.064999999999998,107.6325,-22.404999999999987,27.194999999999993,2,8.22718739910548,50.0,LOWSAMPLES
2022-12-02 21:30:00,-28.456899,-48.972999,32.1775,31.990000000000002,21,60.545986828625,20000.0,15.0,0.0,0.8549999999999995,100.0,-100.0,17.380000000000003,100.2975,-22.404999999999987,27.194999999999993,4,1.0820466718215074,100.0,VALID
2022-12-02 22:30:00,-28.456899,-48.972999,32.4,30.345000000000002,22,60.96464838,20000.0,15.0,0.0,-0.31625000000000014,100.0,-100.0,20.86,101.31,-22.404999999999987,27.194999999999993,4,0.6057914932824104,100.0,VALID
2022-12-02 23:30:00,-28.456899,-48.972999,28.6075,27.814999999999998,23,53.828585757125,20000.0,15.0,0.0,-0.9487500000000004,100.0,-100.0,20.857499999999998,95.36250000000001,-22.404999999999987,27.194999999999993,4,1.6638434421543404,100.0,VALID
2022-12-03 00:30:00,-28.456899,-48.972999,25.9175,25.22,0,48.767014641624996,20000.0,15.0,0.0,-0.6324999999999994,100.0,-100.0,21.174999999999997,97.45249999999999,-22.404999999999987,27.194999999999993,4,0.7303480905248769,100.0,VALID
2022-12-03 01:30:00,-28.456899,-48.972999,26.76875,26.990000000000002,1,50.3687478803125,20000.0,15.0,0.0,0.5687500000000005,100.0,-100.0,17.380000000000003,97.45249999999999,-22.404999999999987,27.194999999999993,4,0.9871455059919001,100.0,VALID
2022-12-03 02:30:00,-28.456899,-48.972999,26.92875,25.2225,2,50.669807872312504,20000.0,15.0,0.0,-0.7262500000000003,100.0,-100.0,16.115000000000002,97.13499999999999,-22.404999999999987,27.194999999999993,4,1.6074896319002083,100.0,VALID
2022-12-03 03:30:00,-28.456899,-48.972999,23.70375,24.02,3,44.6015674085625,20000.0,15.0,0.0,-0.1587500000000004,100.0,-100.0,16.115000000000002,91.885,-22.404999999999987,27.194999999999993,4,0.6324999999999983,100.0,VALID
2022-12-03 04:30:00,-28.456899,-48.972999,23.7025,24.02,4,44.59921537737499,20000.0,15.0,0.0,0.6324999999999985,100.0,-100.0,23.07,89.4825,-22.404999999999987,27.194999999999993,2,0.4490128060534575,50.0,LOWSAMPLES
2022-12-03 05:30:00,-28.456899,-48.972999,23.8625,23.7025,5,44.900275369374995,20000.0,15.0,0.0,0.31624999999999925,100.0,-100.0,22.439999999999998,84.1675,-22.404999999999987,27.194999999999993,4,0.3149999999999997,100.0,VALID
2022-12-03 06:30:00,-28.456899,-48.972999,21.49125,20.86,6,40.4384722066875,20000.0,15.0,0.0,-0.79,100.0,-100.0,17.695,84.5475,-22.404999999999987,27.194999999999993,4,0.8933119555899846,100.0,VALID
2022-12-03 07:30:00,-28.456899,-48.972999,22.7575,23.39,7,42.821079799625,20000.0,15.0,0.0,1.2650000000000006,100.0,-100.0,20.86,84.54499999999999,-22.404999999999987,27.194999999999993,2,0.894490078200983,50.0,LOWSAMPLES
2022-12-03 08:30:00,-28.456899,-48.972999,26.39375,29.457500000000003,8,49.6631385240625,20000.0,15.0,0.0,2.0549999999999997,100.0,-100.0,19.97,83.975,-22.404999999999987,27.194999999999993,4,3.910684882472634,100.0,VALID
2022-12-03 09:30:00,-28.456899,-48.972999,28.73,23.765,9,54.05908481349999,20000.0,15.0,0.0,-1.5824999999999996,100.0,-100.0,17.380000000000003,86.57,-22.404999999999987,27.194999999999993,4,2.8631800502238747,100.0,VALID
2022-12-03 10:30:00,-28.456899,-48.972999,21.58,19.0825,10,40.605466421,20000.0,15.0,0.0,-1.17,100.0,-100.0,15.26,85.685,-22.404999999999987,27.194999999999993,4,1.1604668600754309,100.0,VALID
2022-12-03 11:30:00,-28.456899,-48.972999,15.92,8.71,11,29.955469203999996,20000.0,15.0,0.0,-4.6800000000000015,100.0,-100.0,15.26,80.8825,-22.404999999999987,27.194999999999993,1,,25.0,LOWSAMPLES
2022-12-03 12:30:00,,,,,12,,,,,,,,,,,,0,,0.0,LOWSAMPLES
2022-12-03 13:30:00,,,,,13,,,,,,,,,,,,0,,0.0,LOWSAMPLES
2022-12-03 14:30:00,,,,,14,,,,,,,,,,,,0,,0.0,LOWSAMPLES
2022-12-03 15:30:00,,,,,15,,,,,,,,,,,,0,,0.0,LOWSAMPLES
2022-12-03 16:30:00,,,,,16,,,,,,,,,,,,0,,0.0,LOWSAMPLES
2022-12-03 17:30:00,,,,,17,,,,,,,,,,,,0,,0.0,LOWSAMPLES
2022-12-03 18:30:00,,,,,18,,,,,,,,,,,,0,,0.0,LOWSAMPLES
2022-12-03 19:30:00,,,,,19,,,,,,,,,,,,0,,0.0,LOWSAMPLES
2022-12-03 20:30:00,,,,,20,,,,,,,,,,,,0,,0.0,LOWSAMPLES
2022-12-03 21:30:00,,,,,21,,,,,,,,,,,,0,,0.0,LOWSAMPLES
2022-12-03 22:30:00,,,,,22,,,,,,,,,,,,0,,0.0,LOWSAMPLES
2022-12-03 23:30:00,,,,,23,,,,,,,,,,,,0,,0.0,LOWSAMPLES
2022-12-04 00:30:00,,,,,0,,,,,,,,,,,,0,,0.0,LOWSAMPLES
2022-12-04 01:30:00,,,,,1,,,,,,,,,,,,0,,0.0,LOWSAMPLES
2022-12-04 02:30:00,,,,,2,,,,,,,,,,,,0,,0.0,LOWSAMPLES
2022-12-04 03:30:00,,,,,3,,,,,,,,,,,,0,,0.0,LOWSAMPLES
2022-12-04 04:30:00,,,,,4,,,,,,,,,,,,0,,0.0,LOWSAMPLES
2022-12-04 05:30:00,,,,,5,,,,,,,,,,,,0,,0.0,LOWSAMPLES
2022-12-04 06:30:00,,,,,6,,,,,,,,,,,,0,,0.0,LOWSAMPLES
2022-12-04 07:30:00,,,,,7,,,,,,,,,,,,0,,0.0,LOWSAMPLES
2022-12-04 08:30:00,,,,,8,,,,,,,,,,,,0,,0.0,LOWSAMPLES
2022-12-04 09:30:00,,,,,9,,,,,,,,,,,,0,,0.0,LOWSAMPLES
2022-12-04 10:30:00,,,,,10,,,,,,,,,,,,0,,0.0,LOWSAMPLES
2022-12-04 11:30:00,,,,,11,,,,,,,,,,,,0,,0.0,LOWSAMPLES
2022-12-04 12:30:00,,,,,12,,,,,,,,,,,,0,,0.0,LOWSAMPLES
2022-12-04 13:30:00,,,,,13,,,,,,,,,,,,0,,0.0,LOWSAMPLES
2022-12-04 14:30:00,,,,,14,,,,,,,,,,,,0,,0.0,LOWSAMPLES
2022-12-04 15:30:00,,,,,15,,,,,,,,,,,,0,,0.0,LOWSAMPLES
2022-12-04 16:30:00,,,,,16,,,,,,,,,,,,0,,0.0,LOWSAMPLES
2022-12-04 17:30:00,,,,,17,,,,,,,,,,,,0,,0.0,LOWSAMPLES
2022-12-04 18:30:00,,,,,18,,,,,,,,,,,,0,,0.0,LOWSAMPLES
2022-12-04 19:30:00,,,,,19,,,,,,,,,,,,0,,0.0,LOWSAMPLES
2022-12-04 20:30:00,,,,,20,,,,,,,,,,,,0,,0.0,LOWSAMPLES
2022-12-04 21:30:00,,,,,21,,,,,,,,,,,,0,,0.0,LOWSAMPLES
2022-12-04 22:30:00,,,,,22,,,,,,,,,,,,0,,0.0,LOWSAMPLES
2022-12-04 23:30:00,,,,,23,,,,,,,,,,,,0,,0.0,LOWSAMPLES
2022-12-05 00:30:00,,,,,0,,,,,,,,,,,,0,,0.0,LOWSAMPLES
2022-12-05 01:30:00,,,,,1,,,,,,,,,,,,0,,0.0,LOWSAMPLES
2022-12-05 02:30:00,,,,,2,,,,,,,,,,,,0,,0.0,LOWSAMPLES
2022-12-05 03:30:00,,,,,3,,,,,,,,,,,,0,,0.0,LOWSAMPLES
2022-12-05 04:30:00,,,,,4,,,,,,,,,,,,0,,0.0,LOWSAMPLES
2022-12-05 05:30:00,,,,,5,,,,,,,,,,,,0,,0.0,LOWSAMPLES
2022-12-05 06:30:00,,,,,6,,,,,,,,,,,,0,,0.0,LOWSAMPLES
2022-12-05 07:30:00,,,,,7,,,,,,,,,,,,0,,0.0,LOWSAMPLES
2022-12-05 08:30:00,,,,,8,,,,,,,,,,,,0,,0.0,LOWSAMPLES
2022-12-05 09:30:00,-28.456899,-48.972999,22.25,56.28,9,41.866155137499995,20000.0,15.0,0.0,23.655,100.0,-100.0,17.380000000000003,86.57,-22.404999999999987,27.194999999999993,1,,25.0,LOWSAMPLES
2022-12-05 10:30:00,-28.456899,-48.972999,53.397499999999994,62.3475,10,100.47406826762499,20000.0,15.0,0.0,10.403749999999999,100.0,-100.0,15.26,85.685,-22.404999999999987,27.194999999999993,4,8.471552887949962,100.0,VALID
2022-12-05 11:30:00,-28.456899,-48.972999,75.69500000000001,80.69,11,142.42960059025,20000.0,15.0,0.0,6.642500000000005,100.0,-100.0,15.26,80.8825,-22.404999999999987,27.194999999999993,2,2.057680733252851,50.0,LOWSAMPLES
2022-12-05 12:30:00,-28.456899,-48.972999,98.14500000000001,95.49000000000001,12,184.67208071775002,20000.0,15.0,0.0,1.3275000000000006,100.0,-100.0,15.7925,100.92750000000001,-22.404999999999987,27.194999999999993,2,3.577960312803932,50.0,LOWSAMPLES
2022-12-05 13:30:00,-28.456899,-48.972999,95.61500000000001,106.24000000000001,13,179.91156959425,20000.0,15.0,0.0,0.0,100.0,-100.0,16.8075,98.39750000000001,-22.404999999999987,27.194999999999993,2,0.0,50.0,LOWSAMPLES
2022-12-05 14:30:00,-28.456899,-48.972999,89.0075,86.0025,14,167.478732737125,20000.0,15.0,0.0,-3.7950000000000017,100.0,-100.0,19.972499999999997,186.0025,-22.404999999999987,27.194999999999993,4,4.5360215681439096,100.0,VALID
2022-12-05 15:30:00,-28.456899,-48.972999,87.36125,89.1025,15,164.3811076631875,20000.0,15.0,0.0,0.7912500000000016,100.0,-100.0,16.745,197.39,-22.404999999999987,27.194999999999993,4,1.9398512614802867,100.0,VALID
2022-12-05 16:30:00,-28.456899,-48.972999,93.24375,93.9075,16,175.4497664315625,20000.0,15.0,0.0,1.2324999999999982,100.0,-100.0,16.7425,229.01500000000001,-22.404999999999987,27.194999999999993,4,1.463217772582061,100.0,VALID
2022-12-05 17:30:00,-28.456899,-48.972999,89.70250000000001,88.66,17,168.786462077375,20000.0,15.0,0.0,-2.0862499999999997,100.0,-100.0,17.8175,289.73,-22.404999999999987,27.194999999999993,4,4.268693203624114,100.0,VALID
2022-12-05 18:30:00,-28.456899,-48.972999,82.01625,80.31,18,154.3238223054375,20000.0,15.0,0.0,-1.6449999999999996,100.0,-100.0,17.375,289.73,-22.404999999999987,27.194999999999993,4,2.2262351440642267,100.0,VALID
2022-12-05 19:30:00,-28.456899,-48.972999,82.14375000000001,84.23,19,154.5637294865625,20000.0,15.0,0.0,1.2012499999999982,100.0,-100.0,17.064999999999998,162.78,-22.404999999999987,27.194999999999993,4,2.7631002364493855,100.0,VALID
2022-12-05 20:30:00,-28.456899,-48.972999,73.89125,70.885,20,139.0356195866875,20000.0,15.0,0.0,-3.477499999999999,100.0,-100.0,17.064999999999998,107.6325,-22.404999999999987,27.194999999999993,4,4.9450554007681875,100.0,VALID
2022-12-05 21:30:00,-28.456899,-48.972999,68.4525,66.33500000000001,21,128.801931889875,20000.0,15.0,0.0,-0.916249999999998,100.0,-100.0,17.380000000000003,100.2975,-22.404999999999987,27.194999999999993,4,1.8497860236614745,100.0,VALID
2022-12-05 22:30:00,-28.456899,-48.972999,66.24125000000001,66.65,22,124.6411887191875,20000.0,15.0,0.0,0.0,100.0,-100.0,20.86,101.31,-22.404999999999987,27.194999999999993,4,0.31750000000000095,100.0,VALID
2022-12-05 23:30:00,-28.456899,-48.972999,66.24125000000001,65.5125,23,124.6411887191875,20000.0,15.0,0.0,-0.15875000000000128,100.0,-100.0,20.857499999999998,95.36250000000001,-22.404999999999987,27.194999999999993,4,0.3175000000000037,100.0,VALID
2022-12-06 00:30:00,-28.456899,-48.972999,63.26625,61.59,0,119.04335449293748,20000.0,15.0,0.0,-1.043750000000001,100.0,-100.0,21.174999999999997,97.45249999999999,-22.404999999999987,27.194999999999993,4,1.769351929379799,100.0,VALID
2022-12-06 01:30:00,-28.456899,-48.972999,56.14875,53.9975,1,105.65088891131249,20000.0,15.0,0.0,-1.6137499999999978,100.0,-100.0,17.380000000000003,97.45249999999999,-22.404999999999987,27.194999999999993,4,1.1885942326967538,100.0,VALID
2022-12-06 02:30:00,-28.456899,-48.972999,53.5225,52.1625,2,100.709271386375,20000.0,15.0,0.0,-0.44250000000000256,100.0,-100.0,16.115000000000002,97.13499999999999,-22.404999999999987,27.194999999999993,4,1.2018423357495813,100.0,VALID
2022-12-06 03:30:00,-28.456899,-48.972999,51.785000000000004,53.112500000000004,3,97.43994803574999,20000.0,15.0,0.0,-0.12624999999999886,100.0,-100.0,16.115000000000002,91.885,-22.404999999999987,27.194999999999993,4,0.913719504735085,100.0,VALID
2022-12-06 04:30:00,-28.456899,-48.972999,53.114999999999995,50.3925,4,99.94250921924998,20000.0,15.0,0.0,-0.15750000000000064,100.0,-100.0,23.07,89.4825,-22.404999999999987,27.194999999999993,4,1.0219099764656376,100.0,VALID
2022-12-06 05:30:00,-28.456899,-48.972999,48.052499999999995,44.6375,5,90.416782909875,20000.0,15.0,0.0,-1.3925,100.0,-100.0,22.439999999999998,84.1675,-22.404999999999987,27.194999999999993,4,1.7628268018535842,100.0,VALID
2022-12-06 06:30:00,-28.456899,-48.972999,41.6,41.1575,6,78.27559792,20000.0,15.0,0.0,-1.2962500000000006,100.0,-100.0,17.695,84.5475,-22.404999999999987,27.194999999999993,4,3.8889973000762037,100.0,VALID
2022-12-06 07:30:00,-28.456899,-48.972999,35.24375,35.845,7,66.3155193315625,20000.0,15.0,0.0,-1.4862499999999983,100.0,-100.0,20.86,84.54499999999999,-22.404999999999987,27.194999999999993,4,1.533679535191974,100.0,VALID
2022-12-06 08:30:00,-28.456899,-48.972999,38.8825,37.4925,8,73.16228211837499,20000.0,15.0,0.0,0.5062499999999996,100.0,-100.0,19.97,83.975,-22.404999999999987,27.194999999999993,4,1.0353864013014629,100.0,VALID
2022-12-06 09:30:00,-28.456899,-48.972999,30.09125,27.560000000000002,9,56.620446776687494,20000.0,15.0,0.0,-2.8149999999999995,100.0,-100.0,17.380000000000003,86.57,-22.404999999999987,27.194999999999993,4,4.649267639460359,100.0,VALID
2022-12-06 10:30:00,-28.456899,-48.972999,29.23875,32.875,10,55.01636150681249,20000.0,15.0,0.0,0.9812499999999993,100.0,-100.0,15.26,85.685,-22.404999999999987,27.194999999999993,4,1.1623279442566972,100.0,VALID
2022-12-06 11:30:00,-28.456899,-48.972999,44.955,47.6725,11,84.58844962725,20000.0,15.0,0.0,4.901250000000001,100.0,-100.0,15.26,80.8825,-22.404999999999987,27.194999999999993,4,5.010274443580909,100.0,VALID
2022-12-06 12:30:00,-28.456899,-48.972999,48.77875,47.735,12,91.78331302981249,20000.0,15.0,0.0,-0.4437500000000014,100.0,-100.0,15.7925,100.92750000000001,-22.404999999999987,27.194999999999993,4,1.543148162037593,100.0,VALID
2022-12-06 13:30:00,-28.456899,-48.972999,51.34125,56.21,13,96.6049769641875,20000.0,15.0,0.0,1.2025000000000006,100.0,-100.0,16.8075,98.39750000000001,-22.404999999999987,27.194999999999993,4,2.273757444554424,100.0,VALID
2022-12-06 14:30:00,-28.456899,-48.972999,50.3275,44.32,14,94.697479671125,20000.0,15.0,0.0,-1.9612499999999997,100.0,-100.0,19.972499999999997,186.0025,-22.404999999999987,27.194999999999993,4,3.5879578685746396,100.0,VALID
2022-12-06 15:30:00,-28.456899,-48.972999,40.6525,42.5525,15,76.492758279875,20000.0,15.0,0.0,-0.5999999999999996,100.0,-100.0,16.745,197.39,-22.404999999999987,27.194999999999993,4,1.3097677911243144,100.0,VALID
2022-12-06 16:30:00,-28.456899,-48.972999,36.50875,30.657500000000002,16,68.69577489331249,20000.0,15.0,0.0,-2.7524999999999995,100.0,-100.0,16.7425,229.01500000000001,-22.404999999999987,27.194999999999993,4,4.406934639482033,100.0,VALID
2022-12-06 17:30:00,-28.456899,-48.972999,36.54125,39.3875,17,68.75692770418749,20000.0,15.0,0.0,1.487499999999999,100.0,-100.0,17.8175,289.73,-22.404999999999987,27.194999999999993,4,1.2417553100349503,100.0,VALID
2022-12-06 18:30:00,-28.456899,-48.972999,36.13125,36.985,18,67.9854614746875,20000.0,15.0,0.0,-0.28500000000000014,100.0,-100.0,17.375,289.73,-22.404999999999987,27.194999999999993,4,0.5675000000000023,100.0,VALID
2022-12-06 19:30:00,-28.456899,-48.972999,32.81,32.495000000000005,19,61.7361146095,20000.0,15.0,0.0,-1.0437499999999993,100.0,-100.0,17.064999999999998,162.78,-22.404999999999987,27.194999999999993,4,2.002148845615631,100.0,VALID
2022-12-06 20:30:00,-28.456899,-48.972999,31.4525,30.915,20,59.181808739874995,20000.0,15.0,0.0,-0.3150000000000004,100.0,-100.0,17.064999999999998,107.6325,-22.404999999999987,27.194999999999993,4,0.31499999999999984,100.0,VALID
2022-12-06 21:30:00,-28.456899,-48.972999,32.7475,34.2025,21,61.618513050124996,20000.0,15.0,0.0,0.6000000000000005,100.0,-100.0,17.380000000000003,100.2975,-22.404999999999987,27.194999999999993,4,0.7303480905248769,100.0,VALID
2022-12-06 22:30:00,-28.456899,-48.972999,28.447499999999998,26.55,22,53.527525765125,20000.0,15.0,0.0,-1.7075000000000005,100.0,-100.0,20.86,101.31,-22.404999999999987,27.194999999999993,4,2.001722175194818,100.0,VALID
2022-12-06 23:30:00,-28.456899,-48.972999,26.708750000000002,27.5,23,50.2558503833125,20000.0,15.0,0.0,0.31624999999999925,100.0,-100.0,20.857499999999998,95.36250000000001,-22.404999999999987,27.194999999999993,4,0.7950510989867245,100.0,VALID
2022-12-07 00:30:00,-28.456899,-48.972999,27.655,28.13,0,52.03633799225,20000.0,15.0,0.0,0.15750000000000064,100.0,-100.0,21.174999999999997,97.45249999999999,-22.404999999999987,27.194999999999993,4,0.6057914932824104,100.0,VALID
2022-12-07 01:30:00,-28.456899,-48.972999,28.92125,27.1825,1,54.4189455851875,20000.0,15.0,0.0,-0.3149999999999995,100.0,-100.0,17.380000000000003,97.45249999999999,-22.404999999999987,27.194999999999993,4,1.1949921547859628,100.0,VALID
2022-12-07 02:30:00,-28.456899,-48.972999,26.075,25.9175,2,49.06337057125,20000.0,15.0,0.0,-0.3175000000000008,100.0,-100.0,16.115000000000002,97.13499999999999,-22.404999999999987,27.194999999999993,4,0.6057914932824112,100.0,VALID
2022-12-07 03:30:00,-28.456899,-48.972999,24.33625,23.387500000000003,3,45.7916951894375,20000.0,15.0,0.0,-0.7899999999999991,100.0,-100.0,16.115000000000002,91.885,-22.404999999999987,27.194999999999993,4,1.2111452913117655,100.0,VALID
2022-12-07 04:30:00,-28.456899000000003,-48.972998999999994,24.655,23.810000000000002,4,46.39146314225,20000.0,15.0,0.0,0.6333333333333329,100.0,-100.0,23.070000000000004,89.4825,-22.404999999999987,27.194999999999993,3,0.0,75.0,VALID
2022-12-07 05:30:00,-28.456899,-48.972999,26.07375,27.62,5,49.0610185400625,20000.0,15.0,0.0,0.6624999999999996,100.0,-100.0,22.439999999999998,84.1675,-22.404999999999987,27.194999999999993,4,1.4299439091563455,100.0,VALID
2022-12-07 06:30:00,-28.456899,-48.972999,29.48625,30.4675,6,55.4820636819375,20000.0,15.0,0.0,0.7912499999999998,100.0,-100.0,17.695,84.5475,-22.404999999999987,27.194999999999993,4,1.181096771366905,100.0,VALID
2022-12-07 07:30:00,-28.456899,-48.972999,25.7575,24.650000000000002,7,48.465954649625,20000.0,15.0,0.0,-2.0874999999999995,100.0,-100.0,20.86,84.54499999999999,-22.404999999999987,27.194999999999993,4,2.943709394624407,100.0,VALID
2022-12-07 08:30:00,-28.456899,-48.972999,31.04,33.1275,8,58.40563844799999,20000.0,15.0,0.0,2.6887499999999998,100.0,-100.0,19.97,83.975,-22.404999999999987,27.194999999999993,4,2.68071507873055,100.0,VALID
2022-12-07 09:30:00,-28.456899,-48.972999,34.14,36.04,9,64.238675793,20000.0,15.0,0.0,1.2650000000000006,100.0,-100.0,17.380000000000003,86.57,-22.404999999999987,27.194999999999993,1,,25.0,LOWSAMPLES
2022-12-07 10:30:00,,,,,10,,,,,,,,,,,,0,,0.0,LOWSAMPLES
2022-12-07 11:30:00,-28.456899,-48.972999,44.8275,54.9475,11,84.348542446125,20000.0,15.0,0.0,6.493333333333335,100.0,-100.0,15.26,80.8825,-22.404999999999987,27.194999999999993,4,8.434682863036407,100.0,VALID
2022-12-07 12:30:00,-28.456899,-48.972999,64.75,67.975,12,121.83521551249999,20000.0,15.0,0.0,3.826249999999998,100.0,-100.0,15.7925,100.92750000000001,-22.404999999999987,27.194999999999993,4,4.894006538614346,100.0,VALID
2022-12-07 13:30:00,,,,,13,,,,,,,,,,,,0,,0.0,LOWSAMPLES
2022-12-07 14:30:00,,,,,14,,,,,,,,,,,,0,,0.0,LOWSAMPLES
2022-12-07 15:30:00,,,,,15,,,,,,,,,,,,0,,0.0,LOWSAMPLES
2022-12-07 16:30:00,,,,,16,,,,,,,,,,,,0,,0.0,LOWSAMPLES
2022-12-07 17:30:00,,,,,17,,,,,,,,,,,,0,,0.0,LOWSAMPLES
2022-12-07 18:30:00,-28.456899,-48.972999,96.0625,96.505,18,180.753596759375,20000.0,15.0,0.0,0.8849999999999909,100.0,-100.0,17.375,289.73,-22.404999999999987,27.194999999999993,2,0.6257895013500882,50.0,LOWSAMPLES
2022-12-07 19:30:00,-28.456899,-48.972999,93.18249999999999,90.8725,19,175.33451690337498,20000.0,15.0,0.0,-1.2662499999999994,100.0,-100.0,17.064999999999998,162.78,-22.404999999999987,27.194999999999993,4,1.6784541499050014,100.0,VALID
2022-12-07 20:30:00,-28.456899,-48.972999,90.61875,90.24000000000001,20,170.51050093781248,20000.0,15.0,0.0,-0.442499999999999,100.0,-100.0,17.064999999999998,107.6325,-22.404999999999987,27.194999999999993,4,0.6325000000000014,100.0,VALID
2022-12-07 21:30:00,-28.456899,-48.972999,93.5275,93.53,21,175.983677511125,20000.0,15.0,0.0,1.3599999999999994,100.0,-100.0,17.380000000000003,100.2975,-22.404999999999987,27.194999999999993,4,1.8273136019851657,100.0,VALID
2022-12-07 22:30:00,-28.456899000000003,-48.972998999999994,62.59833333333333,47.42333333333334,22,117.78658582841665,20000.0,15.0,0.0,-10.683333333333337,100.0,-100.0,20.86,101.31,-22.404999999999987,27.194999999999993,3,26.089232133838912,75.0,VALID
2022-12-07 23:30:00,,,,,23,,,,,,,,,,,,0,,0.0,LOWSAMPLES
2022-12-08 00:30:00,,,,,0,,,,,,,,,,,,0,,0.0,LOWSAMPLES
2022-12-08 01:30:00,,,,,1,,,,,,,,,,,,0,,0.0,LOWSAMPLES
2022-12-08 02:30:00,,,,,2,,,,,,,,,,,,0,,0.0,LOWSAMPLES
2022-12-08 03:30:00,,,,,3,,,,,,,,,,,,0,,0.0,LOWSAMPLES
2022-12-08 04:30:00,,,,,4,,,,,,,,,,,,0,,0.0,LOWSAMPLES
2022-12-08 05:30:00,,,,,5,,,,,,,,,,,,0,,0.0,LOWSAMPLES
2022-12-08 06:30:00,,,,,6,,,,,,,,,,,,0,,0.0,LOWSAMPLES
2022-12-08 07:30:00,-28.456899000000003,-48.972998999999994,25.28333333333333,19.17,7,47.57375081916666,20000.0,15.0,0.0,7.156666666666666,100.0,-100.0,20.86,84.54499999999999,-22.404999999999987,27.194999999999993,3,0.5484827557301466,75.0,VALID
2022-12-08 08:30:00,,,,,8,,,,,,,,,,,,0,,0.0,LOWSAMPLES
2022-12-08 09:30:00,,,,,9,,,,,,,,,,,,0,,0.0,LOWSAMPLES
2022-12-08 10:30:00,,,,,10,,,,,,,,,,,,0,,0.0,LOWSAMPLES
2022-12-08 11:30:00,,,,,11,,,,,,,,,,,,0,,0.0,LOWSAMPLES
2022-12-08 12:30:00,-28.456899,-48.972999,18.9625,25.92,12,35.680313114375,20000.0,15.0,0.0,3.4799999999999995,100.0,-100.0,15.7925,100.92750000000001,-22.404999999999987,27.194999999999993,2,2.683470234602949,50.0,LOWSAMPLES
2022-12-08 13:30:00,-28.456899,-48.972999,23.57625,23.447499999999998,13,44.3616602274375,20000.0,15.0,0.0,0.9474999999999998,100.0,-100.0,16.8075,98.39750000000001,-22.404999999999987,27.194999999999993,4,1.3408043294977807,100.0,VALID
2022-12-08 14:30:00,-28.456899,-48.972999,28.541249999999998,36.5425,14,53.7039281041875,20000.0,15.0,0.0,2.87875,100.0,-100.0,19.972499999999997,186.0025,-22.404999999999987,27.194999999999993,4,5.429254668000019,100.0,VALID
2022-12-08 15:30:00,-28.456899,-48.972999,39.1975,39.135,15,73.75499397762499,20000.0,15.0,0.0,0.9162499999999998,100.0,-100.0,16.745,197.39,-22.404999999999987,27.194999999999993,4,0.7303480905248769,100.0,VALID
2022-12-08 16:30:00,-28.456899,-48.972999,48.5925,54.695,16,91.43286038287499,20000.0,15.0,0.0,3.8587500000000006,100.0,-100.0,16.7425,229.01500000000001,-22.404999999999987,27.194999999999993,4,4.606709780309587,100.0,VALID
2022-12-08 17:30:00,-28.456899,-48.972999,66.87,72.845,17,125.82426040649999,20000.0,15.0,0.0,4.806250000000002,100.0,-100.0,17.8175,289.73,-22.404999999999987,27.194999999999993,4,5.847402557261363,100.0,VALID
2022-12-08 18:30:00,-28.456899,-48.972999,90.52375,99.41,18,170.3317465675625,20000.0,15.0,0.0,6.831249999999997,100.0,-100.0,17.375,289.73,-22.404999999999987,27.194999999999993,4,10.003444719195477,100.0,VALID
2022-12-08 19:30:00,-28.456899,-48.972999,106.6525,105.925,19,200.68000497987498,20000.0,15.0,0.0,1.4862499999999983,100.0,-100.0,17.064999999999998,162.78,-22.404999999999987,27.194999999999993,4,2.0485299607279277,100.0,VALID
2022-12-08 20:30:00,-28.456899,-48.972999,95.71125,91.1275,20,180.0926759956875,20000.0,15.0,0.0,-4.964999999999996,100.0,-100.0,17.064999999999998,107.6325,-22.404999999999987,27.194999999999993,4,7.699514459799826,100.0,VALID
2022-12-08 21:30:00,-28.456899,-48.972999,84.39125,84.23,21,158.7926815616875,20000.0,15.0,0.0,-0.8225000000000016,100.0,-100.0,17.380000000000003,100.2975,-22.404999999999987,27.194999999999993,4,1.201536342909916,100.0,VALID
2022-12-08 22:30:00,-28.456899,-48.972999,84.00999999999999,81.3875,22,158.07531204949998,20000.0,15.0,0.0,-1.2637499999999982,100.0,-100.0,20.86,101.31,-22.404999999999987,27.194999999999993,4,3.561614802305257,100.0,VALID
2022-12-08 23:30:00,-28.456899,-48.972999,76.8325,73.48,23,144.56994897087498,20000.0,15.0,0.0,-1.8037500000000009,100.0,-100.0,20.857499999999998,95.36250000000001,-22.404999999999987,27.194999999999993,4,3.0397930302352236,100.0,VALID
2022-12-09 00:30:00,-28.456899,-48.972999,67.47125,64.3075,0,126.95558740768749,20000.0,15.0,0.0,-1.7387499999999996,100.0,-100.0,21.174999999999997,97.45249999999999,-22.404999999999987,27.194999999999993,4,2.48318805503463,100.0,VALID
2022-12-09 01:30:00,-28.456899,-48.972999,62.06,64.305,1,116.773644397,20000.0,15.0,0.0,-0.4125000000000014,100.0,-100.0,17.380000000000003,97.45249999999999,-22.404999999999987,27.194999999999993,4,1.8435518255078516,100.0,VALID
2022-12-09 02:30:00,-28.456899,-48.972999,60.32,56.082499999999996,2,113.499616984,20000.0,15.0,0.0,-2.4349999999999987,100.0,-100.0,16.115000000000002,97.13499999999999,-22.404999999999987,27.194999999999993,4,5.214649237165108,100.0,VALID
2022-12-09 03:30:00,-28.456899,-48.972999,54.50125,55.894999999999996,3,102.55091180618749,20000.0,15.0,0.0,0.411249999999999,100.0,-100.0,16.115000000000002,91.885,-22.404999999999987,27.194999999999993,4,2.454670293542491,100.0,VALID
2022-12-09 04:30:00,-28.456899,-48.972999,60.2575,59.9425,4,113.382015424625,20000.0,15.0,0.0,1.13875,100.0,-100.0,23.07,89.4825,-22.404999999999987,27.194999999999993,4,1.0353864013014664,100.0,VALID
2022-12-09 05:30:00,-28.456899,-48.972999,51.3725,45.965,5,96.66377774387499,20000.0,15.0,0.0,-4.08,100.0,-100.0,22.439999999999998,84.1675,-22.404999999999987,27.194999999999993,4,6.044902122174241,100.0,VALID
2022-12-09 06:30:00,-28.456899,-48.972999,40.558749999999996,35.972500000000004,6,76.31635594081249,20000.0,15.0,0.0,-1.3900000000000006,100.0,-100.0,17.695,84.5475,-22.404999999999987,27.194999999999993,4,1.9459932125609618,100.0,VALID
2022-12-09 07:30:00,-28.456899,-48.972999,30.278750000000002,26.0425,7,56.9732514548125,20000.0,15.0,0.0,-3.004999999999999,100.0,-100.0,20.86,84.54499999999999,-22.404999999999987,27.194999999999993,4,3.651171900910725,100.0,VALID
2022-12-09 08:30:00,-28.456899,-48.972999,22.880000000000003,20.6,8,43.051578856,20000.0,15.0,0.0,-3.414999999999999,100.0,-100.0,19.97,83.975,-22.404999999999987,27.194999999999993,1,,25.0,LOWSAMPLES
2022-12-09 09:30:00,,,,,9,,,,,,,,,,,,0,,0.0,LOWSAMPLES
2022-12-09 10:30:00,,,,,10,,,,,,,,,,,,0,,0.0,LOWSAMPLES
2022-12-09 11:30:00,,,,,11,,,,,,,,,,,,0,,0.0,LOWSAMPLES
2022-12-09 12:30:00,,,,,12,,,,,,,,,,,,0,,0.0,LOWSAMPLES
2022-12-09 13:30:00,-28.456899,-48.972999,19.65625,20.919999999999998,13,36.9856904234375,20000.0,15.0,0.0,3.952499999999999,100.0,-100.0,16.8075,98.39750000000001,-22.404999999999987,27.194999999999993,4,0.6324999999999982,100.0,VALID
2022-12-09 14:30:00,-28.456899,-48.972999,38.425,54.0525,14,72.30143870375,20000.0,15.0,0.0,9.226250000000002,100.0,-100.0,19.972499999999997,186.0025,-22.404999999999987,27.194999999999993,4,14.45910843263397,100.0,VALID
2022-12-09 15:30:00,-28.456899,-48.972999,47.93,37.75749999999999,15,90.1862838535,20000.0,15.0,0.0,-6.676250000000001,100.0,-100.0,16.745,197.39,-22.404999999999987,27.194999999999993,4,12.456250773540702,100.0,VALID
2022-12-09 16:30:00,-28.456899,-48.972999,55.96,61.02,16,105.29573220199998,20000.0,15.0,0.0,8.13875,100.0,-100.0,16.7425,229.01500000000001,-22.404999999999987,27.194999999999993,4,8.547320242820748,100.0,VALID
2022-12-09 17:30:00,-28.456899,-48.972999,65.44749999999999,73.605,17,123.14764891512499,20000.0,15.0,0.0,3.00375,100.0,-100.0,17.8175,289.73,-22.404999999999987,27.194999999999993,4,7.071881527099657,100.0,VALID
2022-12-09 18:30:00,-28.456899,-48.972999,79.64375000000001,85.05250000000001,18,149.8596671115625,20000.0,15.0,0.0,1.6125000000000007,100.0,-100.0,17.375,289.73,-22.404999999999987,27.194999999999993,4,2.519207464660262,100.0,VALID
2022-12-09 19:30:00,-28.456899,-48.972999,86.3475,84.8,19,162.473610370125,20000.0,15.0,0.0,0.8225000000000016,100.0,-100.0,17.064999999999998,162.78,-22.404999999999987,27.194999999999993,4,1.215466302837448,100.0,VALID
2022-12-09 20:30:00,-28.456899,-48.972999,80.5,75.63,20,151.470808475,20000.0,15.0,0.0,-1.3275000000000006,100.0,-100.0,17.064999999999998,107.6325,-22.404999999999987,27.194999999999993,4,0.7551710622986865,100.0,VALID
2022-12-09 21:30:00,-28.456899,-48.972999,73.605,74.3,21,138.49700444475,20000.0,15.0,0.0,-1.3925000000000018,100.0,-100.0,17.380000000000003,100.2975,-22.404999999999987,27.194999999999993,4,1.1173704250008887,100.0,VALID
2022-12-09 22:30:00,-28.456899,-48.972999,72.34,70.6975,22,136.11674888299999,20000.0,15.0,0.0,-0.9475000000000016,100.0,-100.0,20.86,101.31,-22.404999999999987,27.194999999999993,4,1.5472610208580408,100.0,VALID
2022-12-09 23:30:00,-28.456899,-48.972999,70.79249999999999,70.63499999999999,23,133.204934272875,20000.0,15.0,0.0,-0.12624999999999886,100.0,-100.0,20.857499999999998,95.36250000000001,-22.404999999999987,27.194999999999993,4,1.0587768099714627,100.0,VALID
2022-12-10 00:30:00,-28.456899,-48.972999,65.25874999999999,63.1675,0,122.7924922058125,20000.0,15.0,0.0,-1.2974999999999994,100.0,-100.0,21.174999999999997,97.45249999999999,-22.404999999999987,27.194999999999993,4,0.8463881595737679,100.0,VALID
2022-12-10 01:30:00,-28.456899,-48.972999,54.44,51.785,1,102.435662278,20000.0,15.0,0.0,-3.6050000000000004,100.0,-100.0,17.380000000000003,97.45249999999999,-22.404999999999987,27.194999999999993,4,4.778871903144787,100.0,VALID
2022-12-10 02:30:00,-28.456899,-48.972999,53.7475,56.215,2,101.13263700012499,20000.0,15.0,0.0,1.4875000000000007,100.0,-100.0,16.115000000000002,97.13499999999999,-22.404999999999987,27.194999999999993,4,2.7518796606440983,100.0,VALID
2022-12-10 03:30:00,-28.456899,-48.972999,52.7975,49.76,3,99.345093297625,20000.0,15.0,0.0,-1.36125,100.0,-100.0,16.115000000000002,91.885,-22.404999999999987,27.194999999999993,4,2.583694060836152,100.0,VALID
2022-12-10 04:30:00,-28.456899,-48.972999,50.13875,48.7475,4,94.3423229618125,20000.0,15.0,0.0,-0.5062499999999996,100.0,-100.0,23.07,89.4825,-22.404999999999987,27.194999999999993,4,0.9037641192995716,100.0,VALID
2022-12-10 05:30:00,-28.456899,-48.972999,46.85,44.8275,5,88.1541289075,20000.0,15.0,0.0,-1.2962500000000006,100.0,-100.0,22.439999999999998,84.1675,-22.404999999999987,27.194999999999993,4,2.8887886734754398,100.0,VALID
2022-12-10 06:30:00,-28.456899000000003,-48.972998999999994,37.765,21.53,6,71.05956623675,20000.0,15.0,0.0,-4.426666666666667,100.0,-100.0,17.695,84.5475,-22.404999999999987,27.194999999999993,3,6.437134455640959,75.0,VALID
2022-12-10 07:30:00,,,,,7,,,,,,,,,,,,0,,0.0,LOWSAMPLES
2022-12-10 08:30:00,,,,,8,,,,,,,,,,,,0,,0.0,LOWSAMPLES
2022-12-10 09:30:00,,,,,9,,,,,,,,,,,,0,,0.0,LOWSAMPLES
2022-12-10 10:30:00,,,,,10,,,,,,,,,,,,0,,0.0,LOWSAMPLES
2022-12-10 11:30:00,,,,,11,,,,,,,,,,,,0,,0.0,LOWSAMPLES
2022-12-10 12:30:00,-28.456899000000003,-48.972998999999994,17.018333333333334,19.12666666666667,12,32.02212060741667,20000.0,15.0,0.0,3.7950000000000004,100.0,-100.0,15.792499999999999,100.92750000000001,-22.404999999999987,27.194999999999993,3,0.7303480905248769,75.0,VALID
2022-12-10 13:30:00,-28.456899000000003,-48.972998999999994,26.50666666666667,27.14,13,49.87560534133333,20000.0,15.0,0.0,4.006666666666667,100.0,-100.0,16.8075,98.3975,-22.404999999999987,27.194999999999993,3,1.5930813957024708,75.0,VALID
2022-12-10 14:30:00,-28.456899,-48.972999,23.76625,28.8275,14,44.7191689679375,20000.0,15.0,0.0,-1.5812500000000007,100.0,-100.0,19.972499999999997,186.0025,-22.404999999999987,27.194999999999993,4,2.2496791437891783,100.0,VALID
2022-12-10 15:30:00,-28.456899,-48.972999,38.315,93.34,15,72.09445995924999,20000.0,15.0,0.0,16.445,100.0,-100.0,16.745,197.39,-22.404999999999987,27.194999999999993,1,,25.0,LOWSAMPLES
2022-12-10 16:30:00,-28.456899,-48.972999,176.025,155.4475,16,331.21303182374993,20000.0,15.0,0.0,3.9337500000000034,100.0,-100.0,16.7425,229.01500000000001,-22.404999999999987,27.194999999999993,4,5.47944340239043,100.0,VALID
2022-12-10 17:30:00,-28.456899,-48.972999,85.245,92.075,17,160.39911886275,20000.0,15.0,0.0,-1.8974999999999937,100.0,-100.0,17.8175,289.73,-22.404999999999987,27.194999999999993,2,0.0,50.0,LOWSAMPLES
2022-12-10 18:30:00,-28.456899,-48.972999,94.225,94.1,18,177.29611091375,20000.0,15.0,0.0,2.3087499999999963,100.0,-100.0,17.375,289.73,-22.404999999999987,27.194999999999993,4,2.2508035602128027,100.0,VALID
2022-12-10 19:30:00,-28.456899,-48.972999,91.82499999999999,86.2575,19,172.78021103375,20000.0,15.0,0.0,-1.3912499999999994,100.0,-100.0,17.064999999999998,162.78,-22.404999999999987,27.194999999999993,4,2.162140143468973,100.0,VALID
2022-12-10 20:30:00,-28.456899,-48.972999,90.68625,94.35249999999999,20,170.6375106219375,20000.0,15.0,0.0,0.8537500000000016,100.0,-100.0,17.064999999999998,107.6325,-22.404999999999987,27.194999999999993,4,1.9092030405381284,100.0,VALID
2022-12-10 21:30:00,-28.456899,-48.972999,98.8425,100.17,21,185.984514120375,20000.0,15.0,0.0,2.022500000000001,100.0,-100.0,17.380000000000003,100.2975,-22.404999999999987,27.194999999999993,2,0.6257895013500882,50.0,LOWSAMPLES
2022-12-10 22:30:00,-28.456899000000003,-48.972998999999994,93.75999999999999,86.21333333333332,22,176.421155312,20000.0,15.0,0.0,-4.849999999999999,100.0,-100.0,20.86,101.31,-22.404999999999987,27.194999999999993,3,6.724440497171484,75.0,VALID
2022-12-10 23:30:00,-28.456899,-48.972999,86.22250000000001,85.11500000000001,23,162.238407251375,20000.0,15.0,0.0,-0.411249999999999,100.0,-100.0,20.857499999999998,95.36250000000001,-22.404999999999987,27.194999999999993,4,1.1924379788204236,100.0,VALID
2022-12-11 00:30:00,-28.456899,-48.972999,80.815,78.285,0,152.06352033424997,20000.0,15.0,0.0,-1.7075000000000031,100.0,-100.0,21.174999999999997,97.45249999999999,-22.404999999999987,27.194999999999993,4,2.299793468988029,100.0,VALID
2022-12-11 01:30:00,-28.456899,-48.972999,79.2975,80.1825,1,149.20815447262498,20000.0,15.0,0.0,0.5062500000000014,100.0,-100.0,17.380000000000003,97.45249999999999,-22.404999999999987,27.194999999999993,4,1.1691342951089976,100.0,VALID
2022-12-11 02:30:00,-28.456899,-48.972999,76.45125,73.0375,2,143.8525794586875,20000.0,15.0,0.0,-2.0237499999999997,100.0,-100.0,16.115000000000002,97.13499999999999,-22.404999999999987,27.194999999999993,4,3.389238791134876,100.0,VALID
2022-12-11 03:30:00,-28.456899,-48.972999,69.75,68.4225,3,131.2433402625,20000.0,15.0,0.0,-0.6637500000000003,100.0,-100.0,16.115000000000002,91.885,-22.404999999999987,27.194999999999993,4,0.37999999999999545,100.0,VALID
2022-12-11 04:30:00,-28.456899,-48.972999,71.29875,71.14,4,134.15750690381248,20000.0,15.0,0.0,0.473749999999999,100.0,-100.0,23.07,89.4825,-22.404999999999987,27.194999999999993,4,0.5210146351111553,100.0,VALID
2022-12-11 05:30:00,-28.456899,-48.972999,68.16875,65.575,5,128.2680208103125,20000.0,15.0,0.0,-1.4224999999999994,100.0,-100.0,22.439999999999998,84.1675,-22.404999999999987,27.194999999999993,4,1.700242017086587,100.0,VALID
2022-12-11 06:30:00,-28.456899,-48.972999,62.8225,58.11,6,118.20838342137499,20000.0,15.0,0.0,-1.455,100.0,-100.0,17.695,84.5475,-22.404999999999987,27.194999999999993,4,2.42144756980888,100.0,VALID
2022-12-11 07:30:00,-28.456899,-48.972999,46.59875,43.56,7,87.6813706388125,20000.0,15.0,0.0,-4.174999999999999,100.0,-100.0,20.86,84.54499999999999,-22.404999999999987,27.194999999999993,4,5.09100739048766,100.0,VALID
2022-12-11 08:30:00,-28.456899000000003,-48.972998999999994,37.76333333333333,25.073333333333334,8,71.05643019516667,20000.0,15.0,0.0,-4.300000000000002,100.0,-100.0,19.97,83.975,-22.404999999999987,27.194999999999993,3,6.5243894988982145,75.0,VALID
2022-12-11 09:30:00,,,,,9,,,,,,,,,,,,0,,0.0,LOWSAMPLES
2022-12-11 10:30:00,-28.456899,-48.972999,61.067499999999995,77.53,10,114.90613163412499,20000.0,15.0,0.0,13.932499999999997,100.0,-100.0,15.26,85.685,-22.404999999999987,27.194999999999993,2,7.1806693629493905,50.0,LOWSAMPLES
2022-12-11 11:30:00,-28.456899000000003,-48.972998999999994,78.79333333333334,75.56,11,148.25950189366665,20000.0,15.0,0.0,4.005,100.0,-100.0,15.26,80.8825,-22.404999999999987,27.194999999999993,3,1.8975005489678598,75.0,VALID
2022-12-11 12:30:00,-28.456899,-48.972999,77.1325,79.805,12,145.13443645587498,20000.0,15.0,0.0,0.6325000000000003,100.0,-100.0,15.7925,100.92750000000001,-22.404999999999987,27.194999999999993,4,4.177109247633666,100.0,VALID
2022-12-11 13:30:00,-28.456899,-48.972999,83.63125,76.64,13,157.36264659968748,20000.0,15.0,0.0,-1.1075000000000017,100.0,-100.0,16.8075,98.39750000000001,-22.404999999999987,27.194999999999993,4,3.227500000000004,100.0,VALID
2022-12-11 14:30:00,-28.456899,-48.972999,72.78,75.185,14,136.94466386099998,20000.0,15.0,0.0,-0.822499999999998,100.0,-100.0,19.972499999999997,186.0025,-22.404999999999987,27.194999999999993,4,1.9721857586613651,100.0,VALID
2022-12-11 15:30:00,-28.456899,-48.972999,70.44125,63.7375,15,132.54401350918747,20000.0,15.0,0.0,-2.8462500000000013,100.0,-100.0,16.745,197.39,-22.404999999999987,27.194999999999993,4,5.138659642033778,100.0,VALID
2022-12-11 16:30:00,-28.456899,-48.972999,71.32875,77.9075,16,134.21395565231248,20000.0,15.0,0.0,3.5437499999999993,100.0,-100.0,16.7425,229.01500000000001,-22.404999999999987,27.194999999999993,4,6.518355333210984,100.0,VALID
2022-12-11 17:30:00,-28.456899,-48.972999,77.4975,82.58749999999999,17,145.82122956262498,20000.0,15.0,0.0,-0.12749999999999773,100.0,-100.0,17.8175,289.73,-22.404999999999987,27.194999999999993,4,1.268000394321703,100.0,VALID
2022-12-11 18:30:00,-28.456899,-48.972999,102.0375,106.3075,18,191.99630583562498,20000.0,15.0,0.0,7.27375,100.0,-100.0,17.375,289.73,-22.404999999999987,27.194999999999993,4,6.354206611896301,100.0,VALID
2022-12-11 19:30:00,-28.456899,-48.972999,107.76375,104.22,19,202.7709607055625,20000.0,15.0,0.0,-0.442499999999999,100.0,-100.0,17.064999999999998,162.78,-22.404999999999987,27.194999999999993,4,1.7724999999999997,100.0,VALID
2022-12-11 20:30:00,-28.456899,-48.972999,99.3475,101.5625,20,186.93473472012496,20000.0,15.0,0.0,-0.8862500000000004,100.0,-100.0,17.064999999999998,107.6325,-22.404999999999987,27.194999999999993,4,2.2272011584048714,100.0,VALID
2022-12-11 21:30:00,-28.456899000000003,-48.972998999999994,93.75999999999999,87.05666666666667,21,176.421155312,20000.0,15.0,0.0,-3.3299999999999934,100.0,-100.0,17.380000000000003,100.2975,-22.404999999999987,27.194999999999993,3,2.901017063031512,75.0,VALID
2022-12-11 22:30:00,-28.456899,-48.972999,85.97125,86.255,22,161.76564898268748,20000.0,15.0,0.0,-0.7600000000000016,100.0,-100.0,20.86,101.31,-22.404999999999987,27.194999999999993,4,1.808168387254534,100.0,VALID
2022-12-11 23:30:00,-28.456899,-48.972999,84.67125,81.89,23,159.31953654768748,20000.0,15.0,0.0,-1.5175000000000018,100.0,-100.0,20.857499999999998,95.36250000000001,-22.404999999999987,27.194999999999993,4,3.181536251037647,100.0,VALID
2022-12-12 00:30:00,-28.456899,-48.972999,78.82375,75.44,0,148.3167346525625,20000.0,15.0,0.0,-1.3587500000000006,100.0,-100.0,21.174999999999997,97.45249999999999,-22.404999999999987,27.194999999999993,4,1.9780056243600617,100.0,VALID
2022-12-12 01:30:00,-28.456899,-48.972999,76.13749999999999,75.44,1,143.26221963062497,20000.0,15.0,0.0,0.12625000000000242,100.0,-100.0,17.380000000000003,97.45249999999999,-22.404999999999987,27.194999999999993,4,0.291561885940768,100.0,VALID
2022-12-12 02:30:00,-28.456899,-48.972999,71.51749999999998,71.3275,2,134.56911236162497,20000.0,15.0,0.0,-1.328750000000003,100.0,-100.0,16.115000000000002,97.13499999999999,-22.404999999999987,27.194999999999993,4,1.3421407030064545,100.0,VALID
2022-12-12 03:30:00,-28.456899,-48.972999,70.12625,69.2425,3,131.95130164993748,20000.0,15.0,0.0,-0.3787499999999966,100.0,-100.0,16.115000000000002,91.885,-22.404999999999987,27.194999999999993,4,0.3910535982019152,100.0,VALID
2022-12-12 04:30:00,-28.456899,-48.972999,69.21125,69.9375,4,130.22961482068752,20000.0,15.0,0.0,-0.06374999999999886,100.0,-100.0,23.07,89.4825,-22.404999999999987,27.194999999999993,4,0.28093222788897815,100.0,VALID
2022-12-12 05:30:00,-28.456899,-48.972999,71.2,68.9875,5,133.97169644,20000.0,15.0,0.0,0.2837499999999977,100.0,-100.0,22.439999999999998,84.1675,-22.404999999999987,27.194999999999993,4,1.1367864062053756,100.0,VALID
2022-12-12 06:30:00,-28.456899,-48.972999,62.35,53.2425,6,117.3193156325,20000.0,15.0,0.0,-3.477499999999999,100.0,-100.0,17.695,84.5475,-22.404999999999987,27.194999999999993,4,4.151048060430034,100.0,VALID
2022-12-12 07:30:00,-28.456899,-48.972999,34.14,10.99,7,64.23867579299998,20000.0,15.0,0.0,-15.432500000000001,100.0,-100.0,20.86,84.54499999999999,-22.404999999999987,27.194999999999993,2,11.98545994111198,50.0,LOWSAMPLES
2022-12-12 08:30:00,,,,,8,,,,,,,,,,,,0,,0.0,LOWSAMPLES
2022-12-12 09:30:00,-28.456899,-48.972999,60.768750000000004,55.7075,9,114.34399618031249,20000.0,15.0,0.0,-3.004999999999999,100.0,-100.0,17.380000000000003,86.57,-22.404999999999987,27.194999999999993,4,5.430061962507119,100.0,VALID
2022-12-12 10:30:00,-28.456899,-48.972999,56.5,55.3925,10,106.31180967499999,20000.0,15.0,0.0,1.2649999999999988,100.0,-100.0,15.26,85.685,-22.404999999999987,27.194999999999993,4,2.3876906555637927,100.0,VALID
2022-12-12 11:30:00,-28.456899,-48.972999,55.23625,44.0075,11,103.93390614443749,20000.0,15.0,0.0,-4.4275,100.0,-100.0,15.26,80.8825,-22.404999999999987,27.194999999999993,4,8.831732913194328,100.0,VALID
2022-12-12 12:30:00,-28.456899,-48.972999,41.0025,43.23,12,77.15132701237499,20000.0,15.0,0.0,0.31625000000000014,100.0,-100.0,15.7925,100.92750000000001,-22.404999999999987,27.194999999999993,4,2.751573792093053,100.0,VALID
2022-12-12 13:30:00,-28.456899,-48.972999,47.465,87.69,13,89.31132825174998,20000.0,15.0,0.0,4.09,100.0,-100.0,16.8075,98.39750000000001,-22.404999999999987,27.194999999999993,2,5.784133470105956,50.0,LOWSAMPLES
2022-12-12 14:30:00,-28.456899,-48.972999,185.055,188.22,14,348.20410512225,20000.0,15.0,0.0,-4.424999999999983,100.0,-100.0,19.972499999999997,186.0025,-22.404999999999987,27.194999999999993,1,,25.0,LOWSAMPLES
2022-12-12 15:30:00,-28.456899,-48.972999,192.96249999999998,201.5,15,363.08305441437494,20000.0,15.0,0.0,4.112499999999997,100.0,-100.0,16.745,197.39,-22.404999999999987,27.194999999999993,2,0.4490128060534814,50.0,LOWSAMPLES
2022-12-12 16:30:00,-28.456899,-48.972999,219.2125,238.185,16,412.47570935187497,20000.0,15.0,0.0,9.805000000000007,100.0,-100.0,16.7425,229.01500000000001,-22.404999999999987,27.194999999999993,2,9.839390860210823,50.0,LOWSAMPLES
2022-12-12 17:30:00,-28.456899,-48.972999,285.62,264.12,17,537.4297182189999,20000.0,15.0,0.0,-8.220000000000027,100.0,-100.0,17.8175,289.73,-22.404999999999987,27.194999999999993,1,,25.0,LOWSAMPLES
2022-12-12 18:30:00,-28.456899,-48.972999,269.18,218.92,18,506.49580404099993,20000.0,15.0,0.0,-16.439999999999998,100.0,-100.0,17.375,289.73,-22.404999999999987,27.194999999999993,1,,25.0,LOWSAMPLES
2022-12-12 19:30:00,-28.456899,-48.972999,121.16999999999999,-27.72,19,227.99649519149997,20000.0,15.0,0.0,-22.265000000000015,100.0,-100.0,17.064999999999998,162.78,-22.404999999999987,27.194999999999993,1,,25.0,LOWSAMPLES
2022-12-12 20:30:00,,,,,20,,,,,,,,,,,,0,,0.0,LOWSAMPLES
2022-12-12 21:30:00,-28.456899,-48.972999,48.212500000000006,32.56,21,90.717842901875,20000.0,15.0,0.0,-1.2650000000000006,100.0,-100.0,17.380000000000003,100.2975,-22.404999999999987,27.194999999999993,2,18.55801747224094,50.0,LOWSAMPLES
2022-12-12 22:30:00,-28.456899,-48.972999,27.0275,22.439999999999998,22,50.855618336125,20000.0,15.0,0.0,-3.4787500000000016,100.0,-100.0,20.86,101.31,-22.404999999999987,27.194999999999993,4,5.12316064553904,100.0,VALID
2022-12-12 23:30:00,-28.456899,-48.972999,21.807499999999997,24.34,23,41.033536097124994,20000.0,15.0,0.0,1.2674999999999983,100.0,-100.0,20.857499999999998,95.36250000000001,-22.404999999999987,27.194999999999993,2,0.894490078200983,50.0,LOWSAMPLES
2022-12-13 00:30:00,-28.456899,-48.972999,22.439999999999998,19.28,0,42.22366387799999,20000.0,15.0,0.0,0.0,100.0,-100.0,21.174999999999997,97.45249999999999,-22.404999999999987,27.194999999999993,1,,25.0,LOWSAMPLES
2022-12-13 01:30:00,-28.456899,-48.972999,18.485,17.695,1,34.781837200750005,20000.0,15.0,0.0,-0.47499999999999964,100.0,-100.0,17.380000000000003,97.45249999999999,-22.404999999999987,27.194999999999993,4,0.6057914932824096,100.0,VALID
2022-12-13 02:30:00,-28.456899,-48.972999,17.695,14.850000000000001,2,33.29535349025,20000.0,15.0,0.0,-0.6325000000000003,100.0,-100.0,16.115000000000002,97.13499999999999,-22.404999999999987,27.194999999999993,2,1.3435028842544405,50.0,LOWSAMPLES
2022-12-13 03:30:00,,,,,3,,,,,,,,,,,,0,,0.0,LOWSAMPLES
2022-12-13 04:30:00,,,,,4,,,,,,,,,,,,0,,0.0,LOWSAMPLES
2022-12-13 05:30:00,,,,,5,,,,,,,,,,,,0,,0.0,LOWSAMPLES
2022-12-13 06:30:00,,,,,6,,,,,,,,,,,,0,,0.0,LOWSAMPLES
2022-12-13 07:30:00,-28.456899,-48.972999,61.14750000000001,8.585,7,115.056661630125,20000.0,15.0,0.0,-10.687500000000004,100.0,-100.0,20.86,84.54499999999999,-22.404999999999987,27.194999999999993,2,15.114407447862462,50.0,LOWSAMPLES
2022-12-13 08:30:00,,,,,8,,,,,,,,,,,,0,,0.0,LOWSAMPLES
2022-12-13 09:30:00,,,,,9,,,,,,,,,,,,0,,0.0,LOWSAMPLES
2022-12-13 10:30:00,,,,,10,,,,,,,,,,,,0,,0.0,LOWSAMPLES
2022-12-13 11:30:00,,,,,11,,,,,,,,,,,,0,,0.0,LOWSAMPLES
2022-12-13 12:30:00,,,,,12,,,,,,,,,,,,0,,0.0,LOWSAMPLES
2022-12-13 13:30:00,,,,,13,,,,,,,,,,,,0,,0.0,LOWSAMPLES
2022-12-13 14:30:00,,,,,14,,,,,,,,,,,,0,,0.0,LOWSAMPLES
2022-12-13 15:30:00,,,,,15,,,,,,,,,,,,0,,0.0,LOWSAMPLES
2022-12-13 16:30:00,,,,,16,,,,,,,,,,,,0,,0.0,LOWSAMPLES
2022-12-13 17:30:00,,,,,17,,,,,,,,,,,,0,,0.0,LOWSAMPLES
2022-12-13 18:30:00,-28.456899,-48.972999,19.085,30.47,18,35.91081217075,20000.0,15.0,0.0,11.385000000000002,100.0,-100.0,17.375,289.73,-22.404999999999987,27.194999999999993,1,,25.0,LOWSAMPLES
2022-12-13 19:30:00,-28.456899,-48.972999,25.3925,24.485,19,47.77916154287499,20000.0,15.0,0.0,1.7312499999999993,100.0,-100.0,17.064999999999998,162.78,-22.404999999999987,27.194999999999993,4,0.713027582449188,100.0,VALID
2022-12-13 20:30:00,-28.456899,-48.972999,24.810000000000002,22.755,20,46.6831150095,20000.0,15.0,0.0,-0.8925000000000001,100.0,-100.0,17.064999999999998,107.6325,-22.404999999999987,27.194999999999993,4,1.8876484489085024,100.0,VALID
2022-12-13 21:30:00,-28.456899,-48.972999,22.439999999999998,21.8075,21,42.22366387799999,20000.0,15.0,0.0,0.0,100.0,-100.0,17.380000000000003,100.2975,-22.404999999999987,27.194999999999993,4,0.0,100.0,VALID
2022-12-13 22:30:00,,,,,22,,,,,,,,,,,,0,,0.0,LOWSAMPLES
2022-12-13 23:30:00,,,,,23,,,,,,,,,,,,0,,0.0,LOWSAMPLES
2022-12-14 00:30:00,,,,,0,,,,,,,,,,,,0,,0.0,LOWSAMPLES
2022-12-14 01:30:00,,,,,1,,,,,,,,,,,,0,,0.0,LOWSAMPLES
2022-12-14 02:30:00,,,,,2,,,,,,,,,,,,0,,0.0,LOWSAMPLES
2022-12-14 03:30:00,,,,,3,,,,,,,,,,,,0,,0.0,LOWSAMPLES
2022-12-14 04:30:00,,,,,4,,,,,,,,,,,,0,,0.0,LOWSAMPLES
2022-12-14 05:30:00,,,,,5,,,,,,,,,,,,0,,0.0,LOWSAMPLES
2022-12-14 06:30:00,,,,,6,,,,,,,,,,,,0,,0.0,LOWSAMPLES
2022-12-14 07:30:00,,,,,7,,,,,,,,,,,,0,,0.0,LOWSAMPLES
2022-12-14 08:30:00,,,,,8,,,,,,,,,,,,0,,0.0,LOWSAMPLES
2022-12-14 09:30:00,,,,,9,,,,,,,,,,,,0,,0.0,LOWSAMPLES
2022-12-14 10:30:00,,,,,10,,,,,,,,,,,,0,,0.0,LOWSAMPLES
2022-12-14 11:30:00,,,,,11,,,,,,,,,,,,0,,0.0,LOWSAMPLES
2022-12-14 12:30:00,,,,,12,,,,,,,,,,,,0,,0.0,LOWSAMPLES
2022-12-14 13:30:00,,,,,13,,,,,,,,,,,,0,,0.0,LOWSAMPLES
2022-12-14 14:30:00,,,,,14,,,,,,,,,,,,0,,0.0,LOWSAMPLES
2022-12-14 15:30:00,,,,,15,,,,,,,,,,,,0,,0.0,LOWSAMPLES
2022-12-14 16:30:00,-28.456899,-48.972999,30.63,39.010000000000005,16,57.6341722185,20000.0,15.0,0.0,7.4937499999999995,100.0,-100.0,16.7425,229.01500000000001,-22.404999999999987,27.194999999999993,4,6.78052726563355,100.0,VALID
2022-12-14 17:30:00,-28.456899,-48.972999,42.771249999999995,39.1975,17,80.4794511426875,20000.0,15.0,0.0,0.5375000000000014,100.0,-100.0,17.8175,289.73,-22.404999999999987,27.194999999999993,4,2.327220713641055,100.0,VALID
2022-12-14 18:30:00,-28.456899,-48.972999,38.31,40.4625,18,72.08505183449999,20000.0,15.0,0.0,0.2212499999999995,100.0,-100.0,17.375,289.73,-22.404999999999987,27.194999999999993,4,2.3382685902179863,100.0,VALID
2022-12-14 19:30:00,-28.456899,-48.972999,36.60375,34.832499999999996,19,68.8745292635625,20000.0,15.0,0.0,-1.549999999999999,100.0,-100.0,17.064999999999998,162.78,-22.404999999999987,27.194999999999993,4,2.694631622937227,100.0,VALID
2022-12-14 20:30:00,-28.456899,-48.972999,29.99625,28.6375,20,56.4416924064375,20000.0,15.0,0.0,-1.4537500000000012,100.0,-100.0,17.064999999999998,107.6325,-22.404999999999987,27.194999999999993,4,1.5972861098333846,100.0,VALID
2022-12-14 21:30:00,-28.456899,-48.972999,24.04875,20.7275,21,45.25072801631249,20000.0,15.0,0.0,-1.6775000000000002,100.0,-100.0,17.380000000000003,100.2975,-22.404999999999987,27.194999999999993,4,2.646587031757445,100.0,VALID
2022-12-14 22:30:00,-28.456899,-48.972999,24.555,26.6775,22,46.203300647249996,20000.0,15.0,0.0,0.9187500000000002,100.0,-100.0,20.86,101.31,-22.404999999999987,27.194999999999993,4,1.2337679414433393,100.0,VALID
2022-12-14 23:30:00,-28.456899,-48.972999,28.035,28.3825,23,52.751355473249994,20000.0,15.0,0.0,0.6312500000000005,100.0,-100.0,20.857499999999998,95.36250000000001,-22.404999999999987,27.194999999999993,4,1.9602168247415888,100.0,VALID
2022-12-15 00:30:00,-28.456899,-48.972999,26.54625,23.765,0,49.950086328937495,20000.0,15.0,0.0,-0.7900000000000009,100.0,-100.0,21.174999999999997,97.45249999999999,-22.404999999999987,27.194999999999993,4,2.1685762418385655,100.0,VALID
2022-12-15 01:30:00,-28.456899,-48.972999,22.7625,18.2025,1,42.83048792437499,20000.0,15.0,0.0,-0.8762499999999998,100.0,-100.0,17.380000000000003,97.45249999999999,-22.404999999999987,27.194999999999993,4,1.0799421280790928,100.0,VALID
2022-12-15 02:30:00,,,,,2,,,,,,,,,,,,0,,0.0,LOWSAMPLES
2022-12-15 03:30:00,,,,,3,,,,,,,,,,,,0,,0.0,LOWSAMPLES
2022-12-15 04:30:00,,,,,4,,,,,,,,,,,,0,,0.0,LOWSAMPLES
2022-12-15 05:30:00,,,,,5,,,,,,,,,,,,0,,0.0,LOWSAMPLES
2022-12-15 06:30:00,,,,,6,,,,,,,,,,,,0,,0.0,LOWSAMPLES
2022-12-15 07:30:00,,,,,7,,,,,,,,,,,,0,,0.0,LOWSAMPLES
2022-12-15 08:30:00,-28.456899,-48.972999,33.0,35.02,8,62.093623349999994,20000.0,15.0,0.0,3.285,100.0,-100.0,19.97,83.975,-22.404999999999987,27.194999999999993,1,,25.0,LOWSAMPLES
2022-12-15 09:30:00,-28.456899,-48.972999,28.635,1.755,9,53.880330443249996,20000.0,15.0,0.0,-4.364999999999998,100.0,-100.0,17.380000000000003,86.57,-22.404999999999987,27.194999999999993,2,6.173042199758558,50.0,LOWSAMPLES
2022-12-15 10:30:00,,,,,10,,,,,,,,,,,,0,,0.0,LOWSAMPLES
2022-12-15 11:30:00,,,,,11,,,,,,,,,,,,0,,0.0,LOWSAMPLES
2022-12-15 12:30:00,,,,,12,,,,,,,,,,,,0,,0.0,LOWSAMPLES
2022-12-15 13:30:00,,,,,13,,,,,,,,,,,,0,,0.0,LOWSAMPLES
2022-12-15 14:30:00,,,,,14,,,,,,,,,,,,0,,0.0,LOWSAMPLES
2022-12-15 15:30:00,,,,,15,,,,,,,,,,,,0,,0.0,LOWSAMPLES
2022-12-15 16:30:00,,,,,16,,,,,,,,,,,,0,,0.0,LOWSAMPLES
2022-12-15 17:30:00,,,,,17,,,,,,,,,,,,0,,0.0,LOWSAMPLES
2022-12-15 18:30:00,,,,,18,,,,,,,,,,,,0,,0.0,LOWSAMPLES
2022-12-15 19:30:00,,,,,19,,,,,,,,,,,,0,,0.0,LOWSAMPLES
2022-12-15 20:30:00,,,,,20,,,,,,,,,,,,0,,0.0,LOWSAMPLES
2022-12-15 21:30:00,,,,,21,,,,,,,,,,,,0,,0.0,LOWSAMPLES
2022-12-15 22:30:00,,,,,22,,,,,,,,,,,,0,,0.0,LOWSAMPLES
2022-12-15 23:30:00,,,,,23,,,,,,,,,,,,0,,0.0,LOWSAMPLES
2022-12-16 00:30:00,,,,,0,,,,,,,,,,,,0,,0.0,LOWSAMPLES
2022-12-16 01:30:00,,,,,1,,,,,,,,,,,,0,,0.0,LOWSAMPLES
2022-12-16 02:30:00,,,,,2,,,,,,,,,,,,0,,0.0,LOWSAMPLES
2022-12-16 03:30:00,-28.456899,-48.972999,29.7275,35.72,3,55.936005701125,20000.0,15.0,0.0,9.27375,100.0,-100.0,16.115000000000002,91.885,-22.404999999999987,27.194999999999993,4,6.115316154269268,100.0,VALID
2022-12-16 04:30:00,-28.456899,-48.972999,34.45625,30.6625,4,64.8337396834375,20000.0,15.0,0.0,-1.2650000000000006,100.0,-100.0,23.07,89.4825,-22.404999999999987,27.194999999999993,4,2.684648875241111,100.0,VALID
2022-12-16 05:30:00,-28.456899,-48.972999,24.97,19.275,5,46.98417500149999,20000.0,15.0,0.0,-3.477499999999999,100.0,-100.0,22.439999999999998,84.1675,-22.404999999999987,27.194999999999993,2,1.788980156401966,50.0,LOWSAMPLES
2022-12-16 06:30:00,-28.456899,-48.972999,18.645000000000003,16.75,6,35.08289719275,20000.0,15.0,0.0,0.0,100.0,-100.0,17.695,84.5475,-22.404999999999987,27.194999999999993,1,,25.0,LOWSAMPLES
2022-12-16 07:30:00,,,,,7,,,,,,,,,,,,0,,0.0,LOWSAMPLES
2022-12-16 08:30:00,,,,,8,,,,,,,,,,,,0,,0.0,LOWSAMPLES
2022-12-16 09:30:00,,,,,9,,,,,,,,,,,,0,,0.0,LOWSAMPLES
2022-12-16 10:30:00,,,,,10,,,,,,,,,,,,0,,0.0,LOWSAMPLES
2022-12-16 11:30:00,-28.456899,-48.972999,16.55,22.63,11,31.1408929225,20000.0,15.0,0.0,6.575000000000001,100.0,-100.0,15.26,80.8825,-22.404999999999987,27.194999999999993,1,,25.0,LOWSAMPLES
2022-12-16 12:30:00,-28.456899,-48.972999,23.54375,28.950000000000003,12,44.300507416562496,20000.0,15.0,0.0,2.97375,100.0,-100.0,15.7925,100.92750000000001,-22.404999999999987,27.194999999999993,4,3.8443603174000227,100.0,VALID
2022-12-16 13:30:00,-28.456899,-48.972999,39.4525,39.1375,13,74.234808339875,20000.0,15.0,0.0,3.1950000000000003,100.0,-100.0,16.8075,98.39750000000001,-22.404999999999987,27.194999999999993,4,3.3771400622420154,100.0,VALID
2022-12-16 14:30:00,-28.456899,-48.972999,36.4475,39.705,14,68.580525365125,20000.0,15.0,0.0,-0.1587499999999995,100.0,-100.0,19.972499999999997,186.0025,-22.404999999999987,27.194999999999993,4,2.7622952412803414,100.0,VALID
2022-12-16 15:30:00,-28.456899,-48.972999,48.15,49.3825,15,90.6002413425,20000.0,15.0,0.0,3.004999999999999,100.0,-100.0,16.745,197.39,-22.404999999999987,27.194999999999993,4,3.458499192809895,100.0,VALID
2022-12-16 16:30:00,-28.456899,-48.972999,67.85125,79.8675,16,127.67060488868748,20000.0,15.0,0.0,7.6525,100.0,-100.0,16.7425,229.01500000000001,-22.404999999999987,27.194999999999993,4,13.056903266727021,100.0,VALID
2022-12-16 17:30:00,-28.456899,-48.972999,90.90375,96.5025,17,171.0467640485625,20000.0,15.0,0.0,3.2262500000000003,100.0,-100.0,17.8175,289.73,-22.404999999999987,27.194999999999993,4,4.400495000565277,100.0,VALID
2022-12-16 18:30:00,-28.456899000000003,-48.972998999999994,66.85166666666666,36.18666666666667,18,125.78976394908331,20000.0,15.0,0.0,-10.846666666666671,100.0,-100.0,17.375,289.73,-22.404999999999987,27.194999999999993,3,32.68370440040928,75.0,VALID
2022-12-16 19:30:00,-28.456899,-48.972999,25.12875,20.86,19,47.2828829623125,20000.0,15.0,0.0,-2.213749999999999,100.0,-100.0,17.064999999999998,162.78,-22.404999999999987,27.194999999999993,4,3.026949440718603,100.0,VALID
2022-12-16 20:30:00,,,,,20,,,,,,,,,,,,0,,0.0,LOWSAMPLES
2022-12-16 21:30:00,,,,,21,,,,,,,,,,,,0,,0.0,LOWSAMPLES
2022-12-16 22:30:00,,,,,22,,,,,,,,,,,,0,,0.0,LOWSAMPLES
2022-12-16 23:30:00,,,,,23,,,,,,,,,,,,0,,0.0,LOWSAMPLES
2022-12-17 00:30:00,,,,,0,,,,,,,,,,,,0,,0.0,LOWSAMPLES
2022-12-17 01:30:00,,,,,1,,,,,,,,,,,,0,,0.0,LOWSAMPLES
2022-12-17 02:30:00,,,,,2,,,,,,,,,,,,0,,0.0,LOWSAMPLES
2022-12-17 03:30:00,,,,,3,,,,,,,,,,,,0,,0.0,LOWSAMPLES
2022-12-17 04:30:00,,,,,4,,,,,,,,,,,,0,,0.0,LOWSAMPLES
2022-12-17 05:30:00,,,,,5,,,,,,,,,,,,0,,0.0,LOWSAMPLES
2022-12-17 06:30:00,,,,,6,,,,,,,,,,,,0,,0.0,LOWSAMPLES
2022-12-17 07:30:00,,,,,7,,,,,,,,,,,,0,,0.0,LOWSAMPLES
2022-12-17 08:30:00,-28.456899,-48.972999,38.396249999999995,34.707499999999996,8,72.24734198643749,20000.0,15.0,0.0,6.85,100.0,-100.0,19.97,83.975,-22.404999999999987,27.194999999999993,4,8.10812593945111,100.0,VALID
2022-12-17 09:30:00,-28.456899,-48.972999,24.27,-43.15,9,45.6670375365,20000.0,15.0,0.0,-10.120000000000001,100.0,-100.0,17.380000000000003,86.57,-22.404999999999987,27.194999999999993,1,,25.0,LOWSAMPLES
2022-12-17 10:30:00,,,,,10,,,,,,,,,,,,0,,0.0,LOWSAMPLES
2022-12-17 11:30:00,,,,,11,,,,,,,,,,,,0,,0.0,LOWSAMPLES
2022-12-17 12:30:00,,,,,12,,,,,,,,,,,,0,,0.0,LOWSAMPLES
2022-12-17 13:30:00,,,,,13,,,,,,,,,,,,0,,0.0,LOWSAMPLES
2022-12-17 14:30:00,,,,,14,,,,,,,,,,,,0,,0.0,LOWSAMPLES
2022-12-17 15:30:00,,,,,15,,,,,,,,,,,,0,,0.0,LOWSAMPLES
2022-12-17 16:30:00,,,,,16,,,,,,,,,,,,0,,0.0,LOWSAMPLES
2022-12-17 17:30:00,-28.456899,-48.972999,19.28,21.81,17,36.277729036,20000.0,15.0,0.0,18.185000000000002,100.0,-100.0,17.8175,289.73,-22.404999999999987,27.194999999999993,1,,25.0,LOWSAMPLES
2022-12-17 18:30:00,-28.456899,-48.972999,19.9125,17.6975,18,37.467856816875,20000.0,15.0,0.0,0.0,100.0,-100.0,17.375,289.73,-22.404999999999987,27.194999999999993,4,0.7303480905248769,100.0,VALID
2022-12-17 19:30:00,-28.456899,-48.972999,17.38,23.07,19,32.702641631,20000.0,15.0,0.0,3.1599999999999984,100.0,-100.0,17.064999999999998,162.78,-22.404999999999987,27.194999999999993,1,,25.0,LOWSAMPLES
2022-12-17 20:30:00,-28.456899,-48.972999,19.43625,17.6975,20,36.5717329344375,20000.0,15.0,0.0,8.881784197001252e-16,100.0,-100.0,17.064999999999998,107.6325,-22.404999999999987,27.194999999999993,4,1.7422991275897473,100.0,VALID
2022-12-17 21:30:00,,,,,21,,,,,,,,,,,,0,,0.0,LOWSAMPLES
2022-12-17 22:30:00,,,,,22,,,,,,,,,,,,0,,0.0,LOWSAMPLES
2022-12-17 23:30:00,,,,,23,,,,,,,,,,,,0,,0.0,LOWSAMPLES
2022-12-18 00:30:00,,,,,0,,,,,,,,,,,,0,,0.0,LOWSAMPLES
2022-12-18 01:30:00,-28.456899,-48.972999,18.01,16.115000000000002,1,33.8880653495,20000.0,15.0,0.0,1.58,100.0,-100.0,17.380000000000003,97.45249999999999,-22.404999999999987,27.194999999999993,2,0.0,50.0,LOWSAMPLES
2022-12-18 02:30:00,-28.456899,-48.972999,16.75,16.75,2,31.517217912499998,20000.0,15.0,0.0,0.634999999999998,100.0,-100.0,16.115000000000002,97.13499999999999,-22.404999999999987,27.194999999999993,1,,25.0,LOWSAMPLES
2022-12-18 03:30:00,,,,,3,,,,,,,,,,,,0,,0.0,LOWSAMPLES
2022-12-18 04:30:00,,,,,4,,,,,,,,,,,,0,,0.0,LOWSAMPLES
2022-12-18 05:30:00,,,,,5,,,,,,,,,,,,0,,0.0,LOWSAMPLES
2022-12-18 06:30:00,,,,,6,,,,,,,,,,,,0,,0.0,LOWSAMPLES
2022-12-18 07:30:00,,,,,7,,,,,,,,,,,,0,,0.0,LOWSAMPLES
2022-12-18 08:30:00,,,,,8,,,,,,,,,,,,0,,0.0,LOWSAMPLES
2022-12-18 09:30:00,,,,,9,,,,,,,,,,,,0,,0.0,LOWSAMPLES
2022-12-18 10:30:00,,,,,10,,,,,,,,,,,,0,,0.0,LOWSAMPLES
2022-12-18 11:30:00,-28.456899,-48.972999,18.17125,19.595,11,34.1914773726875,20000.0,15.0,0.0,0.94875,100.0,-100.0,15.26,80.8825,-22.404999999999987,27.194999999999993,4,0.9474999999999996,100.0,VALID
2022-12-18 12:30:00,-28.456899,-48.972999,16.747500000000002,12.950000000000001,12,31.512513850125004,20000.0,15.0,0.0,-1.2649999999999988,100.0,-100.0,15.7925,100.92750000000001,-22.404999999999987,27.194999999999993,2,0.894490078200983,50.0,LOWSAMPLES
2022-12-18 13:30:00,,,,,13,,,,,,,,,,,,0,,0.0,LOWSAMPLES
2022-12-18 14:30:00,,,,,14,,,,,,,,,,,,0,,0.0,LOWSAMPLES
2022-12-18 15:30:00,,,,,15,,,,,,,,,,,,0,,0.0,LOWSAMPLES
2022-12-18 16:30:00,,,,,16,,,,,,,,,,,,0,,0.0,LOWSAMPLES
2022-12-18 17:30:00,,,,,17,,,,,,,,,,,,0,,0.0,LOWSAMPLES
2022-12-18 18:30:00,,,,,18,,,,,,,,,,,,0,,0.0,LOWSAMPLES
2022-12-18 19:30:00,,,,,19,,,,,,,,,,,,0,,0.0,LOWSAMPLES
2022-12-18 20:30:00,,,,,20,,,,,,,,,,,,0,,0.0,LOWSAMPLES
2022-12-18 21:30:00,,,,,21,,,,,,,,,,,,0,,0.0,LOWSAMPLES
2022-12-18 22:30:00,,,,,22,,,,,,,,,,,,0,,0.0,LOWSAMPLES
2022-12-18 23:30:00,,,,,23,,,,,,,,,,,,0,,0.0,LOWSAMPLES
2022-12-19 00:30:00,,,,,0,,,,,,,,,,,,0,,0.0,LOWSAMPLES
2022-12-19 01:30:00,,,,,1,,,,,,,,,,,,0,,0.0,LOWSAMPLES
2022-12-19 02:30:00,,,,,2,,,,,,,,,,,,0,,0.0,LOWSAMPLES
2022-12-19 03:30:00,,,,,3,,,,,,,,,,,,0,,0.0,LOWSAMPLES
2022-12-19 04:30:00,,,,,4,,,,,,,,,,,,0,,0.0,LOWSAMPLES
2022-12-19 05:30:00,,,,,5,,,,,,,,,,,,0,,0.0,LOWSAMPLES
2022-12-19 06:30:00,,,,,6,,,,,,,,,,,,0,,0.0,LOWSAMPLES
2022-12-19 07:30:00,,,,,7,,,,,,,,,,,,0,,0.0,LOWSAMPLES
2022-12-19 08:30:00,,,,,8,,,,,,,,,,,,0,,0.0,LOWSAMPLES
2022-12-19 09:30:00,,,,,9,,,,,,,,,,,,0,,0.0,LOWSAMPLES
2022-12-19 10:30:00,,,,,10,,,,,,,,,,,,0,,0.0,LOWSAMPLES
2022-12-19 11:30:00,,,,,11,,,,,,,,,,,,0,,0.0,LOWSAMPLES
2022-12-19 12:30:00,,,,,12,,,,,,,,,,,,0,,0.0,LOWSAMPLES
2022-12-19 13:30:00,,,,,13,,,,,,,,,,,,0,,0.0,LOWSAMPLES
2022-12-19 14:30:00,,,,,14,,,,,,,,,,,,0,,0.0,LOWSAMPLES
2022-12-19 15:30:00,,,,,15,,,,,,,,,,,,0,,0.0,LOWSAMPLES
2022-12-19 16:30:00,,,,,16,,,,,,,,,,,,0,,0.0,LOWSAMPLES
2022-12-19 17:30:00,,,,,17,,,,,,,,,,,,0,,0.0,LOWSAMPLES
2022-12-19 18:30:00,,,,,18,,,,,,,,,,,,0,,0.0,LOWSAMPLES
2022-12-19 19:30:00,,,,,19,,,,,,,,,,,,0,,0.0,LOWSAMPLES
2022-12-19 20:30:00,,,,,20,,,,,,,,,,,,0,,0.0,LOWSAMPLES
2022-12-19 21:30:00,,,,,21,,,,,,,,,,,,0,,0.0,LOWSAMPLES
2022-12-19 22:30:00,,,,,22,,,,,,,,,,,,0,,0.0,LOWSAMPLES
2022-12-19 23:30:00,,,,,23,,,,,,,,,,,,0,,0.0,LOWSAMPLES
2022-12-20 00:30:00,,,,,0,,,,,,,,,,,,0,,0.0,LOWSAMPLES
2022-12-20 01:30:00,,,,,1,,,,,,,,,,,,0,,0.0,LOWSAMPLES
2022-12-20 02:30:00,,,,,2,,,,,,,,,,,,0,,0.0,LOWSAMPLES
2022-12-20 03:30:00,,,,,3,,,,,,,,,,,,0,,0.0,LOWSAMPLES
2022-12-20 04:30:00,,,,,4,,,,,,,,,,,,0,,0.0,LOWSAMPLES
2022-12-20 05:30:00,,,,,5,,,,,,,,,,,,0,,0.0,LOWSAMPLES
2022-12-20 06:30:00,,,,,6,,,,,,,,,,,,0,,0.0,LOWSAMPLES
2022-12-20 07:30:00,,,,,7,,,,,,,,,,,,0,,0.0,LOWSAMPLES
2022-12-20 08:30:00,,,,,8,,,,,,,,,,,,0,,0.0,LOWSAMPLES
2022-12-20 09:30:00,,,,,9,,,,,,,,,,,,0,,0.0,LOWSAMPLES
2022-12-20 10:30:00,,,,,10,,,,,,,,,,,,0,,0.0,LOWSAMPLES
2022-12-20 11:30:00,,,,,11,,,,,,,,,,,,0,,0.0,LOWSAMPLES
2022-12-20 12:30:00,,,,,12,,,,,,,,,,,,0,,0.0,LOWSAMPLES
2022-12-20 13:30:00,,,,,13,,,,,,,,,,,,0,,0.0,LOWSAMPLES
2022-12-20 14:30:00,,,,,14,,,,,,,,,,,,0,,0.0,LOWSAMPLES
2022-12-20 15:30:00,,,,,15,,,,,,,,,,,,0,,0.0,LOWSAMPLES
2022-12-20 16:30:00,,,,,16,,,,,,,,,,,,0,,0.0,LOWSAMPLES
2022-12-20 17:30:00,,,,,17,,,,,,,,,,,,0,,0.0,LOWSAMPLES
2022-12-20 18:30:00,,,,,18,,,,,,,,,,,,0,,0.0,LOWSAMPLES
2022-12-20 19:30:00,,,,,19,,,,,,,,,,,,0,,0.0,LOWSAMPLES
2022-12-20 20:30:00,,,,,20,,,,,,,,,,,,0,,0.0,LOWSAMPLES
2022-12-20 21:30:00,,,,,21,,,,,,,,,,,,0,,0.0,LOWSAMPLES
2022-12-20 22:30:00,,,,,22,,,,,,,,,,,,0,,0.0,LOWSAMPLES
2022-12-20 23:30:00,,,,,23,,,,,,,,,,,,0,,0.0,LOWSAMPLES
2022-12-21 00:30:00,,,,,0,,,,,,,,,,,,0,,0.0,LOWSAMPLES
2022-12-21 01:30:00,,,,,1,,,,,,,,,,,,0,,0.0,LOWSAMPLES
2022-12-21 02:30:00,,,,,2,,,,,,,,,,,,0,,0.0,LOWSAMPLES
2022-12-21 03:30:00,,,,,3,,,,,,,,,,,,0,,0.0,LOWSAMPLES
2022-12-21 04:30:00,,,,,4,,,,,,,,,,,,0,,0.0,LOWSAMPLES
2022-12-21 05:30:00,,,,,5,,,,,,,,,,,,0,,0.0,LOWSAMPLES
2022-12-21 06:30:00,,,,,6,,,,,,,,,,,,0,,0.0,LOWSAMPLES
2022-12-21 07:30:00,,,,,7,,,,,,,,,,,,0,,0.0,LOWSAMPLES
2022-12-21 08:30:00,,,,,8,,,,,,,,,,,,0,,0.0,LOWSAMPLES
2022-12-21 09:30:00,,,,,9,,,,,,,,,,,,0,,0.0,LOWSAMPLES
2022-12-21 10:30:00,-28.456899,-48.972999,22.235,25.6,10,41.83793076324999,20000.0,15.0,0.0,24.305,100.0,-100.0,15.26,85.685,-22.404999999999987,27.194999999999993,1,,25.0,LOWSAMPLES
2022-12-21 11:30:00,-28.456899,-48.972999,48.2325,64.8475,11,90.75547540087501,20000.0,15.0,0.0,10.440000000000001,100.0,-100.0,15.26,80.8825,-22.404999999999987,27.194999999999993,4,18.551169549833418,100.0,VALID
2022-12-21 12:30:00,-28.456899,-48.972999,60.895,-82.495,12,114.58155133025,20000.0,15.0,0.0,-3.1000000000000014,100.0,-100.0,15.7925,100.92750000000001,-22.404999999999987,27.194999999999993,2,4.384062043356597,50.0,LOWSAMPLES
2022-12-21 13:30:00,,,,,13,,,,,,,,,,,,0,,0.0,LOWSAMPLES
2022-12-21 14:30:00,,,,,14,,,,,,,,,,,,0,,0.0,LOWSAMPLES
2022-12-21 15:30:00,,,,,15,,,,,,,,,,,,0,,0.0,LOWSAMPLES
2022-12-21 16:30:00,,,,,16,,,,,,,,,,,,0,,0.0,LOWSAMPLES
2022-12-21 17:30:00,,,,,17,,,,,,,,,,,,0,,0.0,LOWSAMPLES
2022-12-21 18:30:00,,,,,18,,,,,,,,,,,,0,,0.0,LOWSAMPLES
2022-12-21 19:30:00,,,,,19,,,,,,,,,,,,0,,0.0,LOWSAMPLES
2022-12-21 20:30:00,-28.456899,-48.972999,17.380000000000003,13.585,20,32.702641631000006,20000.0,15.0,0.0,0.3150000000000013,100.0,-100.0,17.064999999999998,107.6325,-22.404999999999987,27.194999999999993,2,0.0,50.0,LOWSAMPLES
2022-12-21 21:30:00,,,,,21,,,,,,,,,,,,0,,0.0,LOWSAMPLES
2022-12-21 22:30:00,,,,,22,,,,,,,,,,,,0,,0.0,LOWSAMPLES
2022-12-21 23:30:00,,,,,23,,,,,,,,,,,,0,,0.0,LOWSAMPLES
2022-12-22 00:30:00,,,,,0,,,,,,,,,,,,0,,0.0,LOWSAMPLES
2022-12-22 01:30:00,,,,,1,,,,,,,,,,,,0,,0.0,LOWSAMPLES
2022-12-22 02:30:00,,,,,2,,,,,,,,,,,,0,,0.0,LOWSAMPLES
2022-12-22 03:30:00,,,,,3,,,,,,,,,,,,0,,0.0,LOWSAMPLES
2022-12-22 04:30:00,,,,,4,,,,,,,,,,,,0,,0.0,LOWSAMPLES
2022-12-22 05:30:00,,,,,5,,,,,,,,,,,,0,,0.0,LOWSAMPLES
2022-12-22 06:30:00,,,,,6,,,,,,,,,,,,0,,0.0,LOWSAMPLES
2022-12-22 07:30:00,,,,,7,,,,,,,,,,,,0,,0.0,LOWSAMPLES
2022-12-22 08:30:00,,,,,8,,,,,,,,,,,,0,,0.0,LOWSAMPLES
2022-12-22 09:30:00,-28.456899000000003,-48.972998999999994,39.703333333333326,36.12,9,74.70678259816665,20000.0,15.0,0.0,14.0,100.0,-100.0,17.380000000000003,86.57,-22.404999999999987,27.194999999999993,3,14.023838038616008,75.0,VALID
2022-12-22 10:30:00,-28.456899,-48.972999,15.545,31.99,10,29.249859847749995,20000.0,15.0,0.0,-8.980000000000002,100.0,-100.0,15.26,85.685,-22.404999999999987,27.194999999999993,1,,25.0,LOWSAMPLES
2022-12-22 11:30:00,,,,,11,,,,,,,,,,,,0,,0.0,LOWSAMPLES
2022-12-22 12:30:00,-28.456899000000003,-48.972998999999994,17.905,17.06,12,33.69049472974999,20000.0,15.0,0.0,1.1799999999999997,100.0,-100.0,15.792499999999999,100.92750000000001,-22.404999999999987,27.194999999999993,3,1.3162541547892643,75.0,VALID
2022-12-22 13:30:00,-28.456899,-48.972999,29.29875,38.6275,13,55.12925900381249,20000.0,15.0,0.0,5.12375,100.0,-100.0,16.8075,98.39750000000001,-22.404999999999987,27.194999999999993,4,8.559896197774052,100.0,VALID
2022-12-22 14:30:00,-28.456899,-48.972999,53.74375,67.025,14,101.12558090656249,20000.0,15.0,0.0,6.79875,100.0,-100.0,19.972499999999997,186.0025,-22.404999999999987,27.194999999999993,4,8.965983284057586,100.0,VALID
2022-12-22 15:30:00,-28.456899,-48.972999,84.925,88.1525,15,159.79699887874997,20000.0,15.0,0.0,5.154999999999998,100.0,-100.0,16.745,197.39,-22.404999999999987,27.194999999999993,4,3.5406520115180236,100.0,VALID
2022-12-22 16:30:00,-28.456899,-48.972999,89.82875,91.4425,16,169.02401722731247,20000.0,15.0,0.0,1.1700000000000017,100.0,-100.0,16.7425,229.01500000000001,-22.404999999999987,27.194999999999993,4,2.211098426122184,100.0,VALID
2022-12-22 17:30:00,-28.456899,-48.972999,89.19749999999999,85.18,17,167.83624147762498,20000.0,15.0,0.0,-1.1387500000000017,100.0,-100.0,17.8175,289.73,-22.404999999999987,27.194999999999993,4,1.8528604012895056,100.0,VALID
2022-12-22 18:30:00,-28.456899,-48.972999,87.8375,69.56,18,165.277231545625,20000.0,15.0,0.0,-1.0424999999999969,100.0,-100.0,17.375,289.73,-22.404999999999987,27.194999999999993,4,4.012209491041067,100.0,VALID
2022-12-22 19:30:00,-28.456899,-48.972999,25.410000000000004,34.52,19,47.81208997950001,20000.0,15.0,0.0,12.650000000000002,100.0,-100.0,17.064999999999998,162.78,-22.404999999999987,27.194999999999993,1,,25.0,LOWSAMPLES
2022-12-22 20:30:00,-28.456899,-48.972999,40.27375,45.2075,20,75.7800928300625,20000.0,15.0,0.0,5.81875,100.0,-100.0,17.064999999999998,107.6325,-22.404999999999987,27.194999999999993,4,7.073726475486592,100.0,VALID
2022-12-22 21:30:00,-28.456899,-48.972999,44.29,40.0225,21,83.33716903549998,20000.0,15.0,0.0,-2.1500000000000004,100.0,-100.0,17.380000000000003,100.2975,-22.404999999999987,27.194999999999993,4,3.646738268645009,100.0,VALID
2022-12-22 22:30:00,-28.456899,-48.972999,34.0775,33.38,22,64.121074233625,20000.0,15.0,0.0,-1.8025000000000002,100.0,-100.0,20.86,101.31,-22.404999999999987,27.194999999999993,4,2.0041477823088134,100.0,VALID
2022-12-22 23:30:00,-28.456899,-48.972999,33.176249999999996,25.055,23,62.425259747437494,20000.0,15.0,0.0,-1.59375,100.0,-100.0,20.857499999999998,95.36250000000001,-22.404999999999987,27.194999999999993,4,4.578215400131363,100.0,VALID
2022-12-23 00:30:00,,,,,0,,,,,,,,,,,,0,,0.0,LOWSAMPLES
2022-12-23 01:30:00,,,,,1,,,,,,,,,,,,0,,0.0,LOWSAMPLES
2022-12-23 02:30:00,,,,,2,,,,,,,,,,,,0,,0.0,LOWSAMPLES
2022-12-23 03:30:00,,,,,3,,,,,,,,,,,,0,,0.0,LOWSAMPLES
2022-12-23 04:30:00,,,,,4,,,,,,,,,,,,0,,0.0,LOWSAMPLES
2022-12-23 05:30:00,,,,,5,,,,,,,,,,,,0,,0.0,LOWSAMPLES
2022-12-23 06:30:00,,,,,6,,,,,,,,,,,,0,,0.0,LOWSAMPLES
2022-12-23 07:30:00,,,,,7,,,,,,,,,,,,0,,0.0,LOWSAMPLES
2022-12-23 08:30:00,,,,,8,,,,,,,,,,,,0,,0.0,LOWSAMPLES
2022-12-23 09:30:00,,,,,9,,,,,,,,,,,,0,,0.0,LOWSAMPLES
2022-12-23 10:30:00,-28.456899,-48.972999,16.555,29.96,10,31.150301047249997,20000.0,15.0,0.0,15.809999999999999,100.0,-100.0,15.26,85.685,-22.404999999999987,27.194999999999993,1,,25.0,LOWSAMPLES
2022-12-23 11:30:00,-28.456899,-48.972999,27.93875,26.99,11,52.5702490718125,20000.0,15.0,0.0,2.59375,100.0,-100.0,15.26,80.8825,-22.404999999999987,27.194999999999993,4,2.8247931340188437,100.0,VALID
2022-12-23 12:30:00,-28.456899,-48.972999,24.715,25.6625,12,46.50436063925,20000.0,15.0,0.0,0.0625,100.0,-100.0,15.7925,100.92750000000001,-22.404999999999987,27.194999999999993,4,2.3364966652376506,100.0,VALID
2022-12-23 13:30:00,-28.456899,-48.972999,23.00625,22.31,13,43.2891340059375,20000.0,15.0,0.0,-1.6124999999999998,100.0,-100.0,16.8075,98.39750000000001,-22.404999999999987,27.194999999999993,4,1.5175000000000003,100.0,VALID
2022-12-23 14:30:00,-28.456899,-48.972999,23.5775,21.9325,14,44.364012258624996,20000.0,15.0,0.0,0.3799999999999999,100.0,-100.0,19.972499999999997,186.0025,-22.404999999999987,27.194999999999993,4,2.8488316318565885,100.0,VALID
2022-12-23 15:30:00,-28.456899,-48.972999,16.810000000000002,21.36,15,31.6301154095,20000.0,15.0,0.0,-2.0874999999999977,100.0,-100.0,16.745,197.39,-22.404999999999987,27.194999999999993,2,0.0,50.0,LOWSAMPLES
2022-12-23 16:30:00,-28.456899,-48.972999,17.88125,17.8825,16,33.6458061371875,20000.0,15.0,0.0,0.2212499999999995,100.0,-100.0,16.7425,229.01500000000001,-22.404999999999987,27.194999999999993,4,0.9562023408602743,100.0,VALID
2022-12-23 17:30:00,,,,,17,,,,,,,,,,,,0,,0.0,LOWSAMPLES
2022-12-23 18:30:00,-28.456899000000003,-48.972998999999994,27.433333333333337,46.74666666666667,18,51.61924446166666,20000.0,15.0,0.0,7.9700000000000015,100.0,-100.0,17.375,289.73,-22.404999999999987,27.194999999999993,3,10.521029338108196,75.0,VALID
2022-12-23 19:30:00,-28.456899,-48.972999,81.76625,94.225,19,153.85341606793747,20000.0,15.0,0.0,14.105,100.0,-100.0,17.064999999999998,162.78,-22.404999999999987,27.194999999999993,4,18.32584076061269,100.0,VALID
2022-12-23 20:30:00,-28.456899,-48.972999,87.67750000000001,81.7,20,164.976171553625,20000.0,15.0,0.0,-3.4162500000000016,100.0,-100.0,17.064999999999998,107.6325,-22.404999999999987,27.194999999999993,4,4.37471237149751,100.0,VALID
2022-12-23 21:30:00,-28.456899000000003,-48.972998999999994,74.74666666666667,53.31333333333333,21,140.64519292933332,20000.0,15.0,0.0,-3.9166666666666665,100.0,-100.0,17.380000000000003,100.2975,-22.404999999999987,27.194999999999993,3,3.9411557103638213,75.0,VALID
