Data e Hora;Partículas Totais em Suspensão;Material Particulado <10µm;Óxidos de Nitrogênio;Dióxido de Nitrogênio;Dióxido de Enxofre;Monóxido de Nitrogênio;Ozônio;Material Particulado <2.5µm;Monóxido de Carbono
;Média:1 h/ Freq.: horária/ Alt.: 1.0 m;Média:1 h/ Freq.: horária/ Alt.: 1.0 m;Média:1 h/ Freq.: horária/ Alt.: 1.0 m;Média:1 h/ Freq.: horária/ Alt.: 1.0 m;Média:1 h/ Freq.: horária/ Alt.: 1.0 m;Média:1 h/ Freq.: horária/ Alt.: 1.0 m;Média:1 h/ Freq.: horária/ Alt.: 1.0 m;Média:1 h/ Freq.: horária/ Alt.: 1.0 m;Média:1 h/ Freq.: horária/ Alt.: 1.0 m
;Rotina;Rotina;Rotina;Rotina;Rotina;Rotina;Rotina;Rotina;Rotina
;Valor [µg/m³];Valor [µg/m³];Valor [µg/m³];Valor [µg/m³];Valor [µg/m³];Valor [µg/m³];Valor [µg/m³];Valor [µg/m³];Valor [ppm]
09/12/2022 00:30:00;62;46;35,56;28,87;7,37;6,69;15,59;18;0,2134
09/12/2022 01:30:00;54;49;35,95;27,85;7,33;8,1;14,54;18;0,1923
09/12/2022 02:30:00;50;38;31,11;23,08;7,1;8,03;14,73;19;0,1631
09/12/2022 03:30:00;66;48;33,63;23,43;6,81;10,2;11,36;25;0,1626
09/12/2022 04:30:00;53;38;36,42;22,28;6,92;14,14;10,9;19;0,1693
09/12/2022 05:30:00;50;37;28,17;16,98;6,75;11,19;14,08;16;0,1448
09/12/2022 06:30:00;49;48;29,01;18,45;6,79;10,56;11,82;13;0,1949
09/12/2022 07:30:00;65;49;53,47;22,35;6,68;31,12;8,88;20;0,3456
09/12/2022 08:30:00;83;66;66,2;27,5;7,11;38,7;10,87;20;0,3829
09/12/2022 09:30:00;77;53;48,39;36,13;8,9;12,26;19,68;24;0,2241
09/12/2022 10:30:00;54;45;37,69;32,05;9,94;5,64;30,62;21;0,1772
09/12/2022 11:30:00;52;40;27,3;24,45;7,9;2,85;48,89;13;0,161
09/12/2022 12:30:00;62;48;41,91;36,76;29,51;5,15;45,82;31;0,1344
09/12/2022 13:30:00;46;44;62,87;56,19;50,09;6,68;42,31;18;0,1078
09/12/2022 14:30:00;34;24;15,43;14,34;9,82;1,09;47,47;8;0,1022
09/12/2022 15:30:00;36;27;17,01;15,11;8,03;1,9;45,28;19;0,1079
09/12/2022 16:30:00;35;24;16,11;14,77;8,87;1,34;42,3;13;0,1161
09/12/2022 17:30:00;37;27;16,55;15,02;8,09;1,53;39,19;16;0,0982
09/12/2022 18:30:00;38;29;17,85;16,3;7,5;1,55;32,28;13;0,1148
09/12/2022 19:30:00;35;32;19,86;17,95;6,52;1,91;28,59;11;0,1248
09/12/2022 20:30:00;39;21;27,11;23,38;8,07;3,73;25,49;14;0,1204
09/12/2022 21:30:00;32;23;49,43;41,17;15,27;8,26;18,7;14;0,1342
09/12/2022 22:30:00;32;24;30,21;26,93;11,09;3,28;23,87;13;0,1369
09/12/2022 23:30:00;30;29;46,13;35,46;14,79;10,67;14,17;10;0,1103
10/12/2022 00:30:00;34;30;56,76;42,1;18,79;14,66;10,85;11;0,1011
10/12/2022 01:30:00;27;20;44,36;33,6;16,29;10,76;16,42;8;0,1084
10/12/2022 02:30:00;22;21;47,33;36,73;17,31;10,6;13,46;10;0,0885
10/12/2022 03:30:00;26;17;34,14;26,23;13,92;7,91;18,32;7;0,1095
10/12/2022 04:30:00;29;26;29,28;20,08;11,16;9,2;17,94;9;0,1187
10/12/2022 05:30:00;27;21;26,4;18,04;9,82;8,36;17,12;8;0,1308
10/12/2022 06:30:00;29;26;29,1;20,21;9,64;8,89;13,67;12;0,1512
10/12/2022 07:30:00;34;24;33,13;25,33;10,62;7,8;16,01;7;0,1582
10/12/2022 08:30:00;34;26;26,8;23,54;7,88;3,26;26,13;6;0,1245
10/12/2022 09:30:00;36;27;18,87;17,23;6,61;1,64;36,6;7;0,1241
10/12/2022 10:30:00;50;43;39,68;33,95;32,23;5,73;34,27;17;0,1468
10/12/2022 11:30:00;51;43;62,98;55,45;48,44;7,53;34,02;16;0,1404
10/12/2022 12:30:00;73;62;134,99;100,52;168,83;34,47;19,15;26;0,134
10/12/2022 13:30:00;65;55;96,49;86,85;117,61;9,64;32,23;21;0,1286
10/12/2022 14:30:00;54;46;31,88;30,12;34,85;1,76;62,96;14;0,1302
10/12/2022 15:30:00;53;45;18,04;17,06;14,74;0,98;56,69;15;0,1066
10/12/2022 16:30:00;68;47;23,78;21,12;13,95;2,66;50,7;15;0,136
10/12/2022 17:30:00;65;48;23,53;22,03;12,89;1,5;42,56;16;0,1345
10/12/2022 18:30:00;68;56;20,58;18,55;12,41;2,03;35,15;15;0,1483
10/12/2022 19:30:00;63;49;23,46;21,38;10,98;2,08;43,97;17;0,1494
10/12/2022 20:30:00;48;45;26,3;24,08;9,49;2,22;41,56;11;0,1552
10/12/2022 21:30:00;55;48;26,42;24,28;8,79;2,14;38,56;23;0,1932
10/12/2022 22:30:00;48;43;23,48;21,32;7,84;2,16;32,57;16;0,1678
10/12/2022 23:30:00;47;40;21,36;19,3;8,34;2,06;30,27;12;0,1397
11/12/2022 00:30:00;34;31;18,8;16,76;7,98;2,04;25,6;11;0,107
11/12/2022 01:30:00;32;27;17,04;15,28;7,71;1,76;32,2;14;0,1235
11/12/2022 02:30:00;39;39;18,52;16,26;7,71;2,26;25,93;12;0,0998
11/12/2022 03:30:00;42;39;19,34;16,54;7,33;2,8;23,71;16;0,1121
11/12/2022 04:30:00;47;37;18,98;16,14;7,28;2,84;22,89;11;0,1086
11/12/2022 05:30:00;46;41;20,27;16,46;7,4;3,81;18,91;14;0,149
11/12/2022 06:30:00;36;27;18,96;16,07;7;2,89;21,8;19;0,1071
11/12/2022 07:30:00;38;34;19,37;16,28;6,85;3,09;22,58;11;0,1167
11/12/2022 08:30:00;39;33;17,2;14,74;6,81;2,46;27,12;17;0,1197
11/12/2022 09:30:00;35;32;15,3;13,84;6,56;1,46;38,31;13;0,109
11/12/2022 10:30:00;37;33;13,67;12,48;6,52;1,19;45,57;16;0,104
11/12/2022 11:30:00;49;48;14,41;13,25;7,26;1,16;52,28;26;0,1113
11/12/2022 12:30:00;69;65;43,52;34,51;39,07;9,01;40,58;42;0,1269
11/12/2022 13:30:00;73;65;120,63;91,47;142,08;29,16;18,66;40;0,1218
11/12/2022 14:30:00;70;64;69,01;62,99;86,51;6,02;41,8;45;0,119
11/12/2022 15:30:00;50;42;45,16;42,11;64,61;3,05;46,32;28;0,114
11/12/2022 16:30:00;41;32;17,07;15,71;21,01;1,36;51,86;16;0,1067
11/12/2022 17:30:00;37;32;14,7;13,58;14,88;1,12;46,1;13;0,1124
11/12/2022 18:30:00;36;32;17,77;16,22;11,93;1,55;40,8;12;0,0985
11/12/2022 19:30:00;42;39;39,13;32,36;24,26;6,77;25,81;14;0,1238
11/12/2022 20:30:00;39;28;61,17;46,43;43,25;14,74;22,04;15;0,1229
11/12/2022 21:30:00;35;25;23,28;20,54;16,43;2,74;31,86;10;0,1375
11/12/2022 22:30:00;38;33;28,69;25,33;14,85;3,36;25,08;15;0,1345
11/12/2022 23:30:00;32;28;57,34;42,68;25,7;14,66;14,04;12;0,1229
12/12/2022 00:30:00;30;30;48,89;39,96;31,41;8,93;20,03;10;0,1183
12/12/2022 01:30:00;27;24;23,48;20,49;18,15;2,99;25,8;8;0,1106
12/12/2022 02:30:00;32;28;19,73;17,02;13,3;2,71;24,11;8;0,1078
12/12/2022 03:30:00;32;27;20,02;16,16;11,28;3,86;20,39;13;0,1158
12/12/2022 04:30:00;34;34;22,4;17,28;10,08;5,12;15,59;12;0,1262
12/12/2022 05:30:00;35;29;24,17;17,11;9,5;7,06;14,22;12;0,1444
12/12/2022 06:30:00;40;37;28,51;19,05;9,76;9,46;11,95;15;0,211
12/12/2022 07:30:00;44;42;34,96;25,65;8,37;9,31;14,28;13;0,2691
12/12/2022 08:30:00;62;48;38,03;32,32;7,21;5,71;23,96;13;0,2739
12/12/2022 09:30:00;82;70;30,14;27,85;8,18;2,29;47,63;21;0,388
12/12/2022 10:30:00;54;38;24,53;23,12;8,77;1,41;58,1;11;0,2241
12/12/2022 11:30:00;67;48;26,71;25,26;9,48;1,45;69,23;12;0,1759
12/12/2022 12:30:00;62;35;26,43;24,89;10,58;1,54;68,03;9;0,1672
12/12/2022 13:30:00;77;49;30,15;28,67;12,46;1,48;70,92;14;0,1794
12/12/2022 14:30:00;59;48;20,61;19,83;13,23;0,78;73,42;16;0,1416
12/12/2022 15:30:00;57;43;19,1;18,58;13,53;0,52;74,37;13;0,1308
12/12/2022 16:30:00;56;49;23,24;22,1;11,96;1,14;69,79;18;0,1277
12/12/2022 17:30:00;86;58;51,63;47,97;19,43;3,66;52,11;21;0,2315
12/12/2022 18:30:00;113;75;40,97;39,18;6,53;1,79;60,03;22;0,2033
12/12/2022 19:30:00;45;42;26,5;25,1;4,87;1,4;52,71;19;0,1322
12/12/2022 20:30:00;34;29;19,83;18,33;4,51;1,5;47,07;14;0,1032
12/12/2022 21:30:00;39;33;20,19;18,56;4,3;1,63;38,46;17;0,0861
12/12/2022 22:30:00;33;28;25,35;22,29;4,4;3,06;32,21;12;0,1159
12/12/2022 23:30:00;26;22;22,06;19,63;4,33;2,43;34,4;10;0,0828
13/12/2022 00:30:00;21;18;18,88;16,79;3,92;2,09;36,18;11;0,0669
13/12/2022 01:30:00;21;18;17,9;15,71;4,1;2,19;37,38;7;0,0674
13/12/2022 02:30:00;23;19;17,36;15,15;4,23;2,21;32,75;4;0,0785
13/12/2022 03:30:00;18;15;16,67;14,47;4,52;2,2;31,39;7;0,0628
13/12/2022 04:30:00;26;22;16,99;14,29;3,97;2,7;28,96;10;0,0591
13/12/2022 05:30:00;32;27;21,85;18,17;4,24;3,68;23,4;11;0,0875
13/12/2022 06:30:00;35;30;30,33;24,28;4,34;6,05;18,8;11;0,1506
13/12/2022 07:30:00;31;26;34,08;29,37;4,91;4,71;27,49;10;0,141
13/12/2022 08:30:00;30;25;26,43;22,82;4,24;3,61;30,2;8;0,1037
13/12/2022 09:30:00;39;33;17,49;15,46;4,12;2,03;33,99;14;0,0829
13/12/2022 10:30:00;38;32;19,02;16,38;4,52;2,64;34,72;8;0,0788
13/12/2022 11:30:00;46;39;22,26;19,27;4,19;2,99;31,78;8;0,0801
13/12/2022 12:30:00;43;36;21,71;19,04;3,96;2,67;29,97;8;0,099
13/12/2022 13:30:00;57;48;16,5;14,72;3,84;1,78;27,97;9;0,0756
13/12/2022 14:30:00;55;47;22,47;18,34;3,42;4,13;24,93;9;0,0738
13/12/2022 15:30:00;46;39;25,48;20,74;4,27;4,74;24,84;8;0,0744
13/12/2022 16:30:00;40;34;24,15;20,7;3,92;3,45;25,02;12;0,0809
13/12/2022 17:30:00;43;36;28,23;23,01;3,78;5,22;20,41;10;0,1104
13/12/2022 18:30:00;46;39;31;24,03;3,69;6,97;17,29;6;0,1644
13/12/2022 19:30:00;54;46;35,24;26,03;3,54;9,21;14,47;9;0,1937
13/12/2022 20:30:00;59;50;38,01;27,92;3,77;10,09;13,54;11;0,1436
13/12/2022 21:30:00;54;46;35,43;27,3;4,06;8,13;14,08;10;0,1262
13/12/2022 22:30:00;50;42;35,67;24,85;3,61;10,82;16,45;8;0,1029
13/12/2022 23:30:00;45;38;35,32;25,17;3,91;10,15;15,72;12;0,0885
14/12/2022 00:30:00;44;37;28,35;21,97;3,7;6,38;15,02;8;0,113
14/12/2022 01:30:00;34;29;22,83;17,48;3,89;5,35;15,61;7;0,0867
14/12/2022 02:30:00;39;33;24,41;17,67;3,9;6,74;14,3;12;0,1011
14/12/2022 03:30:00;37;31;24,67;15,96;3,55;8,71;12,01;10;0,107
14/12/2022 04:30:00;36;30;24,32;15,98;4,18;8,34;10,38;6;0,0982
14/12/2022 05:30:00;36;30;25,14;15,72;4,14;9,42;8,9;13;0,1045
14/12/2022 06:30:00;38;32;25,23;14,37;4,2;10,86;8,92;10;0,1476
14/12/2022 07:30:00;40;34;31,75;19,48;4,37;12,27;9,62;11;0,1884
14/12/2022 08:30:00;39;33;34,5;26,32;4,01;8,18;16,48;6;0,1558
14/12/2022 09:30:00;35;30;22,62;19,87;4,25;2,75;27,52;8;0,0866
14/12/2022 10:30:00;32;27;20,16;17,68;5;2,48;29,9;8;0,0594
14/12/2022 11:30:00;38;32;54,73;41,21;46,16;13,52;18,92;15;0,0709
14/12/2022 12:30:00;38;32;23,16;21,07;7,78;2,09;35,15;11;0,0803
14/12/2022 13:30:00;36;31;20,57;17,66;5,87;2,91;34,17;7;0,0643
14/12/2022 14:30:00;37;31;14,29;12,79;4,5;1,5;33,56;10;0,0574
14/12/2022 15:30:00;31;26;13,66;12,33;4,46;1,33;32,25;9;0,0659
14/12/2022 16:30:00;36;31;14,99;13,28;4,23;1,71;31,73;9;0,08
14/12/2022 17:30:00;38;32;16,94;14,56;5,29;2,38;26,78;6;0,0895
14/12/2022 18:30:00;35;30;39,66;30,58;18,13;9,08;14,91;10;0,0946
14/12/2022 19:30:00;41;35;72,14;47,89;47,99;24,25;6,32;9;0,0939
14/12/2022 20:30:00;36;31;62,58;42,74;43,79;19,84;7,9;7;0,0924
14/12/2022 21:30:00;38;32;71,21;42,37;51,13;28,84;7,35;11;0,116
14/12/2022 22:30:00;32;27;38,97;32,31;23,82;6,66;13,85;7;0,1159
14/12/2022 23:30:00;32;27;20,79;18,84;13,07;1,95;19,52;9;0,0839
15/12/2022 00:30:00;31;26;14,89;12,96;9,21;1,93;20,88;6;0,0665
15/12/2022 01:30:00;29;25;13,76;12,14;7,99;1,62;20,1;8;0,0614
15/12/2022 02:30:00;27;23;17,11;15,41;6,61;1,7;17,84;11;0,0552
15/12/2022 03:30:00;31;26;16,19;14,18;6,4;2,01;16,4;6;0,0633
15/12/2022 04:30:00;22;19;19,27;16,07;6,16;3,2;14,93;6;0,0631
15/12/2022 05:30:00;22;19;19,53;16,42;5,49;3,11;14,74;6;0,0607
15/12/2022 06:30:00;22;19;17,44;13,98;5,56;3,46;15,61;5;0,0904
15/12/2022 07:30:00;35;30;34,86;26,07;18,89;8,79;14,4;5;0,0912
15/12/2022 08:30:00;32;27;55,6;39,9;50,36;15,7;13,08;8;0,0819
15/12/2022 09:30:00;35;30;44,71;35,67;48;9,04;18,66;6;0,0864
15/12/2022 10:30:00;25;21;20,17;18,01;24,09;2,16;30,39;8;0,0728
15/12/2022 11:30:00;61;52;16,75;15,13;14,76;1,62;44,46;7;0,0803
15/12/2022 12:30:00;65;55;29,05;25,85;33,75;3,2;44,38;5;0,0807
15/12/2022 13:30:00;59;43;55,9;47,14;97,46;8,76;31,13;9;0,0847
15/12/2022 14:30:00;64;46;36,63;33,06;51,02;3,57;38,98;9;0,0739
15/12/2022 15:30:00;60;46;15,28;13,92;15,73;1,36;47,48;11;0,0841
15/12/2022 16:30:00;63;52;16,94;15,71;11,43;1,23;40,83;7;0,0764
15/12/2022 17:30:00;61;49;19,14;17,11;8,55;2,03;34,77;17;0,0878
15/12/2022 18:30:00;57;49;21,92;19,7;8,93;2,22;30,07;9;0,1505
15/12/2022 19:30:00;56;48;22,94;21,13;8,38;1,81;26,97;11;0,124
15/12/2022 20:30:00;70;60;21,5;19,92;7,75;1,58;23,65;12;0,1496
15/12/2022 21:30:00;70;60;35,17;29,86;6,91;5,31;15,76;16;0,2036
15/12/2022 22:30:00;81;69;41,47;36,79;6,48;4,68;12,34;19;0,2523
15/12/2022 23:30:00;81;69;43,83;38,34;6,15;5,49;9,03;18;0,2673
16/12/2022 00:30:00;60;51;35,39;32,23;6,14;3,16;12,8;16;0,1965
16/12/2022 01:30:00;56;48;25,44;23,1;6,25;2,34;18,73;12;0,1476
16/12/2022 02:30:00;42;36;18,75;16,64;5,3;2,11;32,6;15;0,1111
16/12/2022 03:30:00;23;20;12,12;11,06;4,93;1,06;46,72;16;0,0915
16/12/2022 04:30:00;30;26;14,78;13,37;4,89;1,41;39,32;10;0,1123
16/12/2022 05:30:00;33;28;14,97;13,64;4,92;1,33;31,37;17;0,1282
16/12/2022 06:30:00;35;30;15,6;13,46;4,96;2,14;29,87;12;0,1384
16/12/2022 07:30:00;42;36;15,94;14,32;4,89;1,62;33,61;14;0,1233
16/12/2022 08:30:00;51;43;23,37;20,29;4,58;3,08;32,83;14;0,1398
16/12/2022 09:30:00;48;41;20,91;19,16;4,4;1,75;37,8;13;0,1434
16/12/2022 10:30:00;56;48;15,49;13,88;4,55;1,61;40,01;19;0,1123
16/12/2022 11:30:00;43;37;16,09;14,31;5,27;1,78;43,47;23;0,1206
16/12/2022 12:30:00;41;35;16,35;15,15;4,76;1,2;48,32;10;0,1165
16/12/2022 13:30:00;45;38;13,82;12,35;4,73;1,47;51,67;9;0,1205
16/12/2022 14:30:00;33;24;15,52;14,27;4,8;1,25;51,07;10;0,0906
16/12/2022 15:30:00;36;30;12,56;11,2;5;1,36;48,67;11;0,0791
16/12/2022 16:30:00;37;28;16,68;15,42;3,83;1,26;40,16;13;0,0966
16/12/2022 17:30:00;35;30;23,96;21,17;4,04;2,79;31,97;13;0,1059
16/12/2022 18:30:00;37;32;24,2;20,32;3,88;3,88;23,53;10;0,1136
16/12/2022 19:30:00;46;39;28,63;23,09;4,47;5,54;18,33;14;0,1293
16/12/2022 20:30:00;58;49;22,24;19,06;4,09;3,18;19,22;14;0,1087
16/12/2022 21:30:00;50;43;18,04;16,07;3,84;1,97;20,65;12;0,1327
16/12/2022 22:30:00;30;26;12,93;11,69;3,92;1,24;23,28;13;0,0964
16/12/2022 23:30:00;40;34;16,13;14,56;4,07;1,57;19,91;9;0,1015
17/12/2022 00:30:00;37;32;13,86;12,24;3,87;1,62;21,48;7;0,088
17/12/2022 01:30:00;32;27;12,82;11,22;3,91;1,6;20,66;10;0,0798
17/12/2022 02:30:00;33;28;11,09;9,16;4,02;1,93;21,64;10;0,0702
17/12/2022 03:30:00;28;24;12,49;10,73;3,89;1,76;19,48;8;0,0807
17/12/2022 04:30:00;29;25;13,47;11,57;3,84;1,9;17,02;13;0,0729
17/12/2022 05:30:00;33;28;13,76;11,25;4,17;2,51;16;15;0,0721
17/12/2022 06:30:00;32;27;16,01;12,55;4,1;3,46;16,02;11;0,08
17/12/2022 07:30:00;24;20;15,03;12,79;3,88;2,24;18,03;7;0,09
17/12/2022 08:30:00;28;24;12,88;10,97;4,22;1,91;20,77;10;0,0841
17/12/2022 09:30:00;30;26;11,24;9,95;4,15;1,29;24,88;7;0,0595
17/12/2022 10:30:00;28;24;12,09;9,86;3,79;2,23;25,64;8;0,0743
17/12/2022 11:30:00;31;26;12,76;10,84;3,65;1,92;29,65;13;0,0711
17/12/2022 12:30:00;32;27;13,6;12,41;3,91;1,19;29,09;11;0,0616
17/12/2022 13:30:00;35;30;9,65;8,32;4;1,33;29,37;8;0,0608
17/12/2022 14:30:00;27;23;12,34;10,41;3,71;1,93;27,99;10;0,0748
17/12/2022 15:30:00;38;32;13,76;11,92;3,49;1,84;26,81;11;0,086
17/12/2022 16:30:00;36;31;17,35;15,29;4,01;2,06;24,09;7;0,0889
17/12/2022 17:30:00;31;26;19,8;17,33;4,01;2,47;23,72;6;0,0928
17/12/2022 18:30:00;35;30;18,98;16,98;3,49;2;21,89;6;0,1227
17/12/2022 19:30:00;38;32;21,35;18,89;3,72;2,46;20,04;8;0,1421
17/12/2022 20:30:00;30;26;19,24;17,26;4,07;1,98;22,02;12;0,1482
17/12/2022 21:30:00;28;24;20,22;17,83;3,96;2,39;18,43;10;0,15
17/12/2022 22:30:00;29;25;17,2;15,1;4,34;2,1;19,78;10;0,1272
17/12/2022 23:30:00;30;26;17,37;14,86;3,89;2,51;18,56;12;0,1199
18/12/2022 00:30:00;31;26;16,91;13,94;4,24;2,97;17,33;12;0,1166
18/12/2022 01:30:00;27;23;16,5;14,65;4,25;1,85;16,91;11;0,1164
18/12/2022 02:30:00;23;20;15,76;13,72;4,23;2,04;18,35;16;0,1044
18/12/2022 03:30:00;30;26;18,04;14,71;4,67;3,33;15,53;6;0,1059
18/12/2022 04:30:00;30;26;17,55;14,51;4,64;3,04;13,74;11;0,0969
18/12/2022 05:30:00;29;25;16,26;12,87;4,85;3,39;12,8;11;0,0991
18/12/2022 06:30:00;30;26;13,93;10,59;4,6;3,34;13,33;14;0,0886
18/12/2022 07:30:00;21;18;12,88;10,41;4,56;2,47;17,29;8;0,0783
18/12/2022 08:30:00;20;17;11,77;10,11;4,89;1,66;21,41;9;0,0623
18/12/2022 09:30:00;22;19;11,14;9,68;5,68;1,46;22,83;9;0,0639
18/12/2022 10:30:00;21;18;13,52;12,1;5,08;1,42;23,39;10;0,0859
18/12/2022 11:30:00;12;10;11,91;9,89;4,82;2,02;25,74;11;0,104
18/12/2022 12:30:00;19;16;8,47;7,66;4,66;0,81;26,22;10;0,1088
18/12/2022 13:30:00;12;10;9,02;8,04;4,81;0,98;27,04;7;0,0879
18/12/2022 14:30:00;13;11;12,14;10,93;4,53;1,21;25,55;6;0,1047
18/12/2022 15:30:00;17;14;11,37;10,06;4,63;1,31;25,72;9;0,0825
18/12/2022 16:30:00;11;9;12,59;10,57;4,74;2,02;24,93;8;0,0691
18/12/2022 17:30:00;17;14;14,36;12,42;4,35;1,94;21,25;7;0,1029
18/12/2022 18:30:00;17;14;16,31;13,79;4,6;2,52;18,06;7;0,1226
18/12/2022 19:30:00;17;14;23,06;17,21;5,17;5,85;16,92;9;0,1011
18/12/2022 20:30:00;12;10;18,07;15,12;5,37;2,95;23,04;6;0,0739
18/12/2022 21:30:00;17;14;13,73;12,18;5,04;1,55;21,64;2;0,0869
18/12/2022 22:30:00;18;15;17,51;15,04;4,79;2,47;18,64;5;0,1187
18/12/2022 23:30:00;18;15;20,51;17,11;4,65;3,4;16,22;6;0,1215
19/12/2022 00:30:00;18;15;18,93;16,33;4,49;2,6;16,26;2;0,1155
19/12/2022 01:30:00;30;25;12,47;10,99;4,68;1,48;22,23;5;0,0543
19/12/2022 02:30:00;20;17;11,99;10,48;4,78;1,51;25,41;7;0,0432
19/12/2022 03:30:00;18;15;11,98;10,34;5,17;1,64;24,57;7;0,0389
19/12/2022 04:30:00;24;20;9,39;7,7;4,49;1,69;21,37;6;0,0437
19/12/2022 05:30:00;24;20;13,82;11,29;4,83;2,53;17,29;9;0,0618
19/12/2022 06:30:00;26;22;17,47;13,71;4,36;3,76;13,73;12;0,1171
19/12/2022 07:30:00;25;21;29,72;20;4,41;9,72;10,71;7;0,1986
19/12/2022 08:30:00;31;26;36,65;24,16;4,35;12,49;10,44;14;0,2598
19/12/2022 09:30:00;24;20;29,51;22,44;4,27;7,07;16;11;0,1439
19/12/2022 10:30:00;14;12;23,71;19,09;5,01;4,62;21,13;7;0,119
19/12/2022 11:30:00;15;;41,58;27,89;4,78;13,69;16,45;9;0,1844
19/12/2022 12:30:00;18;;32,18;25,08;4,45;7,1;19,42;7;0,1579
19/12/2022 13:30:00;18;;21,36;17,42;4,17;3,94;24,56;7;0,105
19/12/2022 14:30:00;17;;20,98;17,4;5,62;3,58;23,77;6;0,0732
19/12/2022 15:30:00;16;;12,45;10,53;5,13;1,92;25,07;4;0,077
19/12/2022 16:30:00;16;;11,5;9,64;4,51;1,86;25,69;6;0,09
19/12/2022 17:30:00;18;;13,87;11;4,34;2,87;25,65;8;0,0939
19/12/2022 18:30:00;20;;19,49;15,04;5,07;4,45;22,62;6;0,1527
19/12/2022 19:30:00;15;;15,98;12,44;4,48;3,54;25,73;7;0,1052
19/12/2022 20:30:00;16;;10,5;8,84;4,04;1,66;27,61;6;0,0742
19/12/2022 21:30:00;13;;12,47;9,95;4,54;2,52;24,41;5;0,091
19/12/2022 22:30:00;20;;17,41;14,34;4,67;3,07;21,36;7;0,11
19/12/2022 23:30:00;19;;12,55;10,46;4,45;2,09;26,67;7;0,0609
20/12/2022 00:30:00;15;;7,11;5,43;4,67;1,68;28,71;6;0,0461
20/12/2022 01:30:00;16;;9,46;7,91;4,66;1,55;31,2;9;0,0478
20/12/2022 02:30:00;18;;14,5;12,15;5,14;2,35;28,19;8;0,0419
20/12/2022 03:30:00;16;;7,67;6,43;4,87;1,24;28,22;6;0,0428
20/12/2022 04:30:00;18;;9;7,46;4,91;1,54;26,8;6;0,0497
20/12/2022 05:30:00;14;;11,09;8,59;4,74;2,5;21,68;6;0,0652
20/12/2022 06:30:00;17;;14,92;11,25;4,62;3,67;19,67;9;0,1231
20/12/2022 07:30:00;20;;24,69;17,29;4,33;7,4;17,07;8;0,2307
20/12/2022 08:30:00;16;;25,43;19,1;4,63;6,33;18,85;7;0,1771
20/12/2022 09:30:00;20;;26,9;20,78;4,13;6,12;19,44;8;0,1523
20/12/2022 10:30:00;15;13;16,36;13,87;5,34;2,49;29,08;6;0,138
20/12/2022 11:30:00;27;16;18,47;15,44;5,65;3,03;24,28;8;0,0761
20/12/2022 12:30:00;26;25;14,09;11,61;4,04;2,48;27,2;9;0,1018
20/12/2022 13:30:00;22;19;12,44;10,37;4,35;2,07;28,7;6;0,1081
20/12/2022 14:30:00;26;20;11,45;9,93;4,43;1,52;28,7;11;0,0774
20/12/2022 15:30:00;34;33;12,5;10,4;3,83;2,1;28,36;11;0,0928
20/12/2022 16:30:00;22;13;12,46;10,97;4,06;1,49;28,2;6;0,1151
20/12/2022 17:30:00;30;21;23,89;19;8,16;4,89;21,25;11;0,1125
20/12/2022 18:30:00;30;30;33,31;26,46;7,66;6,85;17,84;8;0,1633
20/12/2022 19:30:00;28;26;23,6;20,11;5,24;3,49;20,68;11;0,1349
20/12/2022 20:30:00;38;29;20,72;17,52;4,9;3,2;19,09;12;0,1698
20/12/2022 21:30:00;29;17;19,63;16,15;4,84;3,48;18,55;8;0,155
20/12/2022 22:30:00;26;23;23,04;17,3;4,76;5,74;20,06;9;0,1238
20/12/2022 23:30:00;27;17;22,7;19,52;4,84;3,18;17,26;6;0,1319
21/12/2022 00:30:00;28;17;19,84;17,1;4,26;2,74;16,98;6;0,1264
21/12/2022 01:30:00;29;20;18,96;14,96;4,73;4;15,11;6;0,1367
21/12/2022 02:30:00;27;20;17,23;14,39;4,46;2,84;16,63;7;0,1198
21/12/2022 03:30:00;25;16;14,37;11;4,61;3,37;15,07;8;0,0799
21/12/2022 04:30:00;25;17;13,83;9,48;4,46;4,35;14,97;5;0,0744
21/12/2022 05:30:00;26;20;13,71;8,38;4,63;5,33;14,08;6;0,0851
21/12/2022 06:30:00;27;19;13,46;8,24;4,47;5,22;15,64;7;0,1088
21/12/2022 07:30:00;17;16;16,77;11,76;4,26;5,01;20,01;7;0,1412
21/12/2022 08:30:00;23;21;31,46;21,8;12,22;9,66;14,41;11;0,1106
21/12/2022 09:30:00;26;17;29,9;22,45;11,82;7,45;18,35;7;0,1074
21/12/2022 10:30:00;16;16;13,41;11,63;5,88;1,78;24,96;4;0,0655
21/12/2022 11:30:00;18;16;18,66;15,15;5,05;3,51;21,74;5;0,1377
21/12/2022 12:30:00;23;17;18,17;15,35;4,96;2,82;22,72;193;0,1277
21/12/2022 13:30:00;23;19;13,46;10,82;4,69;2,64;22,36;3;0,0916
21/12/2022 14:30:00;27;23;12,32;10,29;4,72;2,03;23,69;7;0,0597
21/12/2022 15:30:00;21;19;14,68;11,82;4,92;2,86;23,06;9;0,0634
21/12/2022 16:30:00;20;19;12,53;10,52;4,65;2,01;23,75;6;0,0718
21/12/2022 17:30:00;22;22;14,73;11,4;4,78;3,33;23,02;6;0,0751
21/12/2022 18:30:00;25;23;22,92;17,58;4,21;5,34;19,16;8;0,109
21/12/2022 19:30:00;25;20;20,26;16,25;4,21;4,01;16,91;14;0,1506
21/12/2022 20:30:00;26;22;24,37;18,91;3,97;5,46;17,2;10;0,1348
21/12/2022 21:30:00;27;17;21,01;18,04;4,16;2,97;15,75;14;0,1171
21/12/2022 22:30:00;23;19;18,36;15,83;4,3;2,53;16,21;9;0,1145
21/12/2022 23:30:00;21;17;16,05;13,48;3,9;2,57;16,52;9;0,124
22/12/2022 00:30:00;17;16;14,33;11,81;4,2;2,52;15,21;10;0,1005
22/12/2022 01:30:00;23;22;14,79;12,06;4,07;2,73;14,05;6;0,1007
22/12/2022 02:30:00;20;18;11,78;9,93;4,1;1,85;17,16;4;0,0721
22/12/2022 03:30:00;25;17;12,42;9,89;4,38;2,53;14,15;5;0,0651
22/12/2022 04:30:00;24;23;12,49;9,54;3,93;2,95;14,32;8;0,0633
22/12/2022 05:30:00;26;21;12,14;9,37;4,19;2,77;12,26;6;0,0642
22/12/2022 06:30:00;27;22;15,01;10,38;4,08;4,63;10,24;5;0,0901
22/12/2022 07:30:00;32;23;19,69;13,76;4,56;5,93;11,63;7;0,12
22/12/2022 08:30:00;29;22;20,74;16,51;4,47;4,23;17,18;5;0,1074
22/12/2022 09:30:00;25;21;11,81;10,33;4,26;1,48;23,18;4;0,0651
22/12/2022 10:30:00;27;19;10,84;9,2;4,46;1,64;24,91;5;0,06
22/12/2022 11:30:00;26;26;10,79;9,19;4,15;1,6;25,75;5;0,0574
22/12/2022 12:30:00;25;20;8,8;7,21;4,28;1,59;28,72;9;0,0601
22/12/2022 13:30:00;28;26;9,74;7,84;4,54;1,9;26,91;7;0,0618
22/12/2022 14:30:00;27;21;11;9,73;3,73;1,27;25,32;9;0,0637
22/12/2022 15:30:00;28;27;9,74;8,16;3,86;1,58;25,65;7;0,064
22/12/2022 16:30:00;32;29;9,45;8,14;4,18;1,31;25,64;8;0,0738
22/12/2022 17:30:00;31;27;9,53;8,03;4,18;1,5;25,77;7;0,0907
22/12/2022 18:30:00;29;26;14,35;12,36;3,86;1,99;21,78;8;0,0797
22/12/2022 19:30:00;33;27;13,26;11,67;3,89;1,59;22,63;9;0,0887
22/12/2022 20:30:00;33;24;13,37;11,83;3,66;1,54;21,11;9;0,0853
22/12/2022 21:30:00;33;29;12,13;10,91;3,55;1,22;22,79;9;0,0984
22/12/2022 22:30:00;34;29;15,65;13,57;3,9;2,08;18,85;8;0,1142
22/12/2022 23:30:00;29;29;15,21;13,53;3,79;1,68;19,95;4;0,0784
23/12/2022 00:30:00;22;20;11,66;10,62;4,07;1,04;19,61;4;0,0603
23/12/2022 01:30:00;24;19;11,14;9,83;3,59;1,31;18,75;5;0,0604
23/12/2022 02:30:00;21;20;9,45;8,15;4,07;1,3;19,06;4;0,0581
23/12/2022 03:30:00;27;17;13,81;11,59;3,63;2,22;15,22;7;0,0614
23/12/2022 04:30:00;25;21;15,88;12,18;4;3,7;11,93;9;0,0713
23/12/2022 05:30:00;21;19;24,63;14,6;4,07;10,03;8,16;5;0,0824
23/12/2022 06:30:00;27;16;23,51;13,03;3,97;10,48;9,02;5;0,0861
23/12/2022 07:30:00;21;20;20;14,5;4,52;5,5;11,14;6;0,0954
23/12/2022 08:30:00;22;21;17,43;13,59;4,15;3,84;14,98;9;0,0915
23/12/2022 09:30:00;25;25;11,5;9,93;4,31;1,57;23,79;7;0,0674
23/12/2022 10:30:00;33;30;11,05;9,75;4,7;1,3;32,34;10;0,077
23/12/2022 11:30:00;46;33;9,81;8,51;3,94;1,3;32,75;8;0,0731
23/12/2022 12:30:00;41;34;9,2;7,65;4,41;1,55;33,86;6;0,0653
23/12/2022 13:30:00;55;35;8,39;7,25;4,43;1,14;36,73;4;0,0628
23/12/2022 14:30:00;56;37;7,15;6,46;4,55;0,69;33,31;10;0,0675
23/12/2022 15:30:00;61;34;9,52;8,68;4,49;0,84;29,05;7;0,0541
23/12/2022 16:30:00;59;43;7,96;6,81;4,56;1,15;29,16;4;0,0514
23/12/2022 17:30:00;57;33;7,66;6,67;3,9;0,99;27,79;4;0,071
23/12/2022 18:30:00;62;29;10,55;9,03;3,95;1,52;28,12;6;0,0744
23/12/2022 19:30:00;38;23;10,9;9,82;3,83;1,08;27,03;4;0,0679
23/12/2022 20:30:00;27;25;11,26;10,01;3,73;1,25;25,35;10;0,091
23/12/2022 21:30:00;27;21;12,12;11,49;3,65;0,63;21,84;10;0,1016
23/12/2022 22:30:00;28;22;14,89;13,05;3,63;1,84;19,54;17;0,1119
23/12/2022 23:30:00;23;22;14,16;12,63;3,56;1,53;20,57;8;0,095
24/12/2022 00:30:00;24;13;11,29;10,11;4,03;1,18;20,28;5;0,092
24/12/2022 01:30:00;21;17;9,95;9,05;3,71;0,9;21,19;6;0,0746
24/12/2022 02:30:00;21;17;8,52;7,45;4,13;1,07;21,94;6;0,059
24/12/2022 03:30:00;22;19;8,23;7,1;3,6;1,13;20,48;9;0,0658
24/12/2022 04:30:00;24;23;7,48;6,46;4,35;1,02;22,71;6;0,0545
24/12/2022 05:30:00;22;21;9,07;7,51;4,1;1,56;20,95;3;0,0641
24/12/2022 06:30:00;20;19;8,34;7,48;4,17;0,86;22,88;15;0,0671
24/12/2022 07:30:00;22;13;7,27;6,31;4,64;0,96;23,77;9;0,0557
24/12/2022 08:30:00;20;19;8,84;7,87;4,27;0,97;28,59;8;0,0675
24/12/2022 09:30:00;21;21;9,63;8,27;4,61;1,36;30,6;5;0,0751
24/12/2022 10:30:00;19;17;8,38;7,53;5,51;0,85;35,69;2;0,0657
24/12/2022 11:30:00;34;30;8,14;7,21;5,42;0,93;36,09;5;0,0649
24/12/2022 12:30:00;52;33;7,92;6,91;5,47;1,01;35,15;5;0,0734
24/12/2022 13:30:00;46;26;6,8;5,9;5,11;0,9;40,09;6;0,0521
24/12/2022 14:30:00;45;28;6,92;6,5;5,24;0,42;41,31;8;0,0599
24/12/2022 15:30:00;38;29;8,12;7,16;5,53;0,96;40,27;8;0,0632
24/12/2022 16:30:00;27;23;7,94;7,08;5,62;0,86;40,87;7;0,0606
24/12/2022 17:30:00;30;24;7,91;6,97;4,6;0,94;39,25;7;0,0545
24/12/2022 18:30:00;30;27;8,85;7,94;4,19;0,91;36,11;8;0,0974
24/12/2022 19:30:00;32;26;11,19;10,58;3,96;0,61;32,65;12;0,1036
24/12/2022 20:30:00;27;23;10,63;9,99;3,92;0,64;30,9;9;0,1024
24/12/2022 21:30:00;24;21;9,77;9,24;4,16;0,53;28,88;15;0,103
24/12/2022 22:30:00;21;19;7,55;6,63;3,55;0,92;30,06;6;0,0723
24/12/2022 23:30:00;21;13;6,15;5,43;3,84;0,72;30,11;6;0,0686
25/12/2022 00:30:00;16;14;7,44;6,95;3,72;0,49;28,37;9;0,0682
25/12/2022 01:30:00;19;19;10,16;9,24;3,91;0,92;25,13;8;0,0783
25/12/2022 02:30:00;17;16;7,06;6,94;3,69;0,12;26,65;7;0,0563
25/12/2022 03:30:00;13;12;6,19;5,48;3,73;0,71;26,27;10;0,0604
25/12/2022 04:30:00;18;13;5,82;5,16;3,48;0,66;26,45;9;0,059
25/12/2022 05:30:00;18;14;6,93;6,1;3,65;0,83;25,97;8;0,0644
25/12/2022 06:30:00;18;12;5,95;5,5;3,87;0,45;25,97;9;0,0602
25/12/2022 07:30:00;19;10;6,97;6,57;3,93;0,4;25,99;5;0,0641
25/12/2022 08:30:00;18;17;6,32;5,31;3,93;1,01;28,41;36;0,0568
25/12/2022 09:30:00;23;18;5,56;4,37;4,18;1,19;29,88;5;0,0599
25/12/2022 10:30:00;26;24;6,29;6,03;4,37;0,26;32,39;10;0,0747
25/12/2022 11:30:00;44;30;7,16;6,56;5,02;0,6;34,63;8;0,0946
25/12/2022 12:30:00;40;30;6,99;6,41;4,76;0,58;36,33;7;0,0852
25/12/2022 13:30:00;44;37;5,53;4,7;4,9;0,83;37,14;7;0,0891
25/12/2022 14:30:00;38;31;6,01;5,69;5,87;0,32;34,91;7;0,0688
25/12/2022 15:30:00;37;30;5,4;4,57;5,31;0,83;33,09;4;0,05
25/12/2022 16:30:00;46;28;5,93;5,4;4,66;0,53;31,08;6;0,0584
25/12/2022 17:30:00;45;30;6,29;5,49;4,15;0,8;31,81;7;0,0583
25/12/2022 18:30:00;36;25;7,27;6,44;3,83;0,83;31,67;10;0,0753
25/12/2022 19:30:00;31;25;10,01;9,01;3,9;1;29,91;10;0,0904
25/12/2022 20:30:00;32;23;11,21;10,13;4,41;1,08;25,98;6;0,1034
25/12/2022 21:30:00;42;26;12,84;11,9;4,37;0,94;23,04;6;0,125
25/12/2022 22:30:00;39;34;13,4;12,25;4,04;1,15;22,56;11;0,1094
25/12/2022 23:30:00;30;27;11,1;9,92;3,83;1,18;23,14;11;0,0984
26/12/2022 00:30:00;23;18;9,03;8,74;3,86;0,29;25,55;7;0,0937
26/12/2022 01:30:00;19;16;7,72;6,85;3,85;0,87;27,17;7;0,0895
26/12/2022 02:30:00;20;15;8,95;8,31;3,57;0,64;27,78;7;0,088
26/12/2022 03:30:00;19;17;7,64;7,11;3,98;0,53;25,98;7;0,0843
26/12/2022 04:30:00;18;13;8,99;8,11;3,78;0,88;21,71;6;0,092
26/12/2022 05:30:00;19;18;11,49;10,53;3,89;0,96;17,78;7;0,1024
26/12/2022 06:30:00;23;18;15,24;13,07;3,8;2,17;14,24;7;0,1198
26/12/2022 07:30:00;28;22;16,53;13,47;3,78;3,06;15,65;10;0,1399
26/12/2022 08:30:00;26;22;14,14;12,23;4,19;1,91;20,74;15;0,1376
26/12/2022 09:30:00;27;23;11,73;10,63;4,73;1,1;29,56;13;0,1094
26/12/2022 10:30:00;33;27;11,08;9,8;4,32;1,28;36,07;9;0,1096
26/12/2022 11:30:00;26;21;10,55;9,94;4,26;0,61;35,02;8;0,0808
26/12/2022 12:30:00;28;23;10,5;9,25;4,31;1,25;34,94;8;0,0793
26/12/2022 13:30:00;26;21;11,59;10,66;4,17;0,93;34,13;5;0,0991
26/12/2022 14:30:00;25;21;10,94;9,86;3,82;1,08;34,4;9;0,097
26/12/2022 15:30:00;27;25;14,82;12,22;3,92;2,6;32,12;11;0,0798
26/12/2022 16:30:00;30;28;14,17;13,39;4,38;0,78;30,88;7;0,0919
26/12/2022 17:30:00;39;36;12,43;11,09;4,21;1,34;28,19;8;0,0964
26/12/2022 18:30:00;27;26;16,58;14,37;4,24;2,21;23,74;8;0,118
26/12/2022 19:30:00;27;23;17,6;15,25;3,57;2,35;20,92;14;0,1139
26/12/2022 20:30:00;27;26;13,67;12,68;3,68;0,99;22,31;8;0,1086
26/12/2022 21:30:00;19;17;10,65;9,35;3,39;1,3;25,33;6;0,0868
26/12/2022 22:30:00;19;12;12,51;11,48;3,87;1,03;23,96;12;0,1031
26/12/2022 23:30:00;23;21;9,69;9,07;3,83;0,62;23,03;7;0,0817
27/12/2022 00:30:00;16;16;9,19;8,08;3,71;1,11;22,28;3;0,0833
27/12/2022 01:30:00;19;17;7,8;6,99;4,03;0,81;22,83;7;0,0614
27/12/2022 02:30:00;21;19;7,45;6,31;3,54;1,14;21,63;11;0,0665
27/12/2022 03:30:00;19;18;8,88;7,35;3,52;1,53;20,05;7;0,0592
27/12/2022 04:30:00;20;18;8,02;6,9;3,65;1,12;19,34;7;0,0658
27/12/2022 05:30:00;16;14;8,56;7,21;4,01;1,35;17,95;7;0,089
27/12/2022 06:30:00;18;15;9,36;7,72;4,14;1,64;15,85;7;0,092
27/12/2022 07:30:00;22;19;11,15;9,31;3,88;1,84;20,9;7;0,1185
27/12/2022 08:30:00;17;17;14,26;12,02;4,35;2,24;25,33;8;0,1028
27/12/2022 09:30:00;24;22;10,8;9,45;3,99;1,35;27,25;7;0,0865
27/12/2022 10:30:00;34;28;10,36;8,96;3,94;1,4;26,9;9;0,0833
27/12/2022 11:30:00;38;35;12,56;10,49;3,96;2,07;25,49;7;0,0909
27/12/2022 12:30:00;31;24;12,72;11,16;4,09;1,56;25,55;13;0,0917
27/12/2022 13:30:00;38;29;10,45;9,09;3,55;1,36;27,39;8;0,0799
27/12/2022 14:30:00;39;27;12,36;10,87;3,76;1,49;26,09;4;0,0898
27/12/2022 15:30:00;32;24;18,26;15,1;3,79;3,16;22,48;6;0,1195
27/12/2022 16:30:00;26;23;19,22;16,53;3,91;2,69;23,2;6;0,1205
27/12/2022 17:30:00;17;16;16,75;14,98;3,73;1,77;20,57;8;0,1403
27/12/2022 18:30:00;23;20;20,01;15,76;3,98;4,25;18,95;13;0,1431
27/12/2022 19:30:00;23;19;21,57;19,18;3,83;2,39;15,96;13;0,182
27/12/2022 20:30:00;22;16;26,22;22,87;4,24;3,35;11,88;9;0,2177
27/12/2022 21:30:00;20;20;28,96;24,8;3,93;4,16;10,47;7;0,2312
27/12/2022 22:30:00;19;19;23,97;19,75;3,82;4,22;12,1;7;0,1905
27/12/2022 23:30:00;22;19;20,78;13,73;3,85;7,05;15,2;4;0,0916
28/12/2022 00:30:00;17;14;11,36;9,71;4,09;1,65;21,87;4;0,0634
28/12/2022 01:30:00;19;16;10,29;8,82;4,07;1,47;20,74;10;0,063
28/12/2022 02:30:00;16;13;9,48;8,4;3,86;1,08;24,62;12;0,0651
28/12/2022 03:30:00;15;15;8,89;8,11;3,74;0,78;23,17;8;0,0654
28/12/2022 04:30:00;21;14;9,36;8,31;3,62;1,05;24,99;4;0,0697
28/12/2022 05:30:00;14;12;10,9;10,08;3,94;0,82;21,9;8;0,0811
28/12/2022 06:30:00;14;12;12,27;11,27;4,14;1;18,79;9;0,0886
28/12/2022 07:30:00;12;10;17,27;15,13;3,84;2,14;16,53;9;0,1439
28/12/2022 08:30:00;13;11;14,57;13,32;4,11;1,25;40,14;6;0,1048
28/12/2022 09:30:00;16;14;11,11;10,12;4,28;0,99;52,96;6;0,0927
28/12/2022 10:30:00;10;8;13,35;11,83;4,31;1,52;49,07;7;0,1165
28/12/2022 11:30:00;17;14;13,3;12,06;4,4;1,24;51,15;6;0,1196
28/12/2022 12:30:00;18;15;12,93;11,36;4,77;1,57;46,43;8;0,1198
28/12/2022 13:30:00;27;25;11,4;10,5;4,15;0,9;49,55;10;0,1143
28/12/2022 14:30:00;25;20;9,76;9,27;4,08;0,49;45,24;9;0,0954
28/12/2022 15:30:00;22;17;10,53;9,7;4,05;0,83;41,92;7;0,0787
28/12/2022 16:30:00;23;18;8,17;7,7;4,35;0,47;37,31;6;0,0762
28/12/2022 17:30:00;28;27;12,21;10,79;4,35;1,42;34,79;14;0,0896
28/12/2022 18:30:00;31;19;15,38;13,81;3,96;1,57;31,14;10;0,0769
28/12/2022 19:30:00;28;19;15,94;14,43;3,86;1,51;30,94;7;0,1231
28/12/2022 20:30:00;35;17;13,5;11,89;3,79;1,61;27,31;12;0,1089
28/12/2022 21:30:00;31;27;16,92;14,47;3,85;2,45;22,26;9;0,13
28/12/2022 22:30:00;28;19;16,49;14,59;3,78;1,9;20,65;9;0,1308
28/12/2022 23:30:00;30;23;19,65;17,35;3,98;2,3;16;6;0,1412
29/12/2022 00:30:00;27;17;13,42;10,81;3,58;2,61;19,21;7;0,093
29/12/2022 01:30:00;26;18;12,51;10,29;4,39;2,22;16,95;10;0,0905
29/12/2022 02:30:00;25;20;13,07;10,92;4,24;2,15;15,03;11;0,1116
29/12/2022 03:30:00;24;22;14,79;11,73;4,13;3,06;12,69;8;0,1167
29/12/2022 04:30:00;27;24;13,86;11,1;4,42;2,76;11,75;9;0,1188
29/12/2022 05:30:00;25;22;15,67;12,43;4,31;3,24;10,16;14;0,1248
29/12/2022 06:30:00;21;18;18,34;13,21;4,39;5,13;10,61;10;0,1273
29/12/2022 07:30:00;23;19;18,7;14,51;4,48;4,19;12,8;6;0,1373
29/12/2022 08:30:00;28;24;18,71;16,08;4,79;2,63;18,65;15;0,131
29/12/2022 09:30:00;27;23;16,55;14,67;4,4;1,88;29,62;14;0,1191
29/12/2022 10:30:00;33;17;15,03;13,55;4,86;1,48;46,84;10;0,1193
29/12/2022 11:30:00;47;26;13,22;11,93;5,39;1,29;61,66;16;0,1001
29/12/2022 12:30:00;32;25;11,63;10,66;5,52;0,97;60,34;15;0,1128
29/12/2022 13:30:00;30;25;9,9;9,27;5,01;0,63;54,72;15;0,0863
29/12/2022 14:30:00;33;21;8,83;8,03;4,47;0,8;51,52;13;0,08
29/12/2022 15:30:00;32;26;9,44;8,69;3,91;0,75;47,5;16;0,0753
29/12/2022 16:30:00;30;19;10,53;9,72;4,18;0,81;44,38;12;0,0757
29/12/2022 17:30:00;35;20;14,92;13,28;3,95;1,64;37,34;3;0,0829
29/12/2022 18:30:00;44;27;18,24;16,35;4,34;1,89;30,84;8;0,119
29/12/2022 19:30:00;41;27;18,79;17,31;3,83;1,48;27,94;12;0,1105
29/12/2022 20:30:00;49;30;21,75;20,15;3,53;1,6;22,74;11;0,1453
29/12/2022 21:30:00;58;34;21,79;19,34;3,65;2,45;19,33;9;0,1825
29/12/2022 22:30:00;46;35;21,02;19,45;3,69;1,57;17,96;12;0,1977
29/12/2022 23:30:00;42;35;17,4;15,49;3,68;1,91;17,83;10;0,1562
30/12/2022 00:30:00;39;33;15,55;13,22;4,09;2,33;17,38;4;0,121
30/12/2022 01:30:00;40;28;13,04;11,1;3,67;1,94;17,32;6;0,0966
30/12/2022 02:30:00;36;28;13,02;11,17;3,65;1,85;15,49;6;0,0948
30/12/2022 03:30:00;36;30;11,61;9,62;4,29;1,99;15,74;1;0,0823
30/12/2022 04:30:00;29;25;11,99;10,13;4;1,86;14,26;6;0,0795
30/12/2022 05:30:00;30;25;12,94;10,44;3,96;2,5;11,87;9;0,0928
30/12/2022 06:30:00;32;27;15,24;11,73;4,33;3,51;10,92;12;0,1213
30/12/2022 07:30:00;32;27;21,38;15,77;4,01;5,61;12,11;10;0,1317
30/12/2022 08:30:00;35;30;15,43;13,73;4,42;1,7;22,05;6;0,095
30/12/2022 09:30:00;41;35;12,46;10,99;4,61;1,47;33,26;6;0,0837
30/12/2022 10:30:00;47;40;7,87;7,66;4,42;0,21;44,36;10;0,0699
30/12/2022 11:30:00;46;36;7,55;6,84;5,34;0,71;47,76;9;0,0789
30/12/2022 12:30:00;46;31;7,76;6,93;5,08;0,83;46,92;6;0,0705
30/12/2022 13:30:00;46;28;6,72;6,55;4,89;0,17;49;4;0,0707
30/12/2022 14:30:00;55;38;7,49;6,56;5,48;0,93;46,75;6;0,0714
30/12/2022 15:30:00;48;36;8,19;7,74;5,62;0,45;45,75;6;0,0614
30/12/2022 16:30:00;46;34;8,16;7,24;5,45;0,92;41,86;6;0,0589
30/12/2022 17:30:00;40;29;7,43;7,09;4,03;0,34;40,67;6;0,0718
30/12/2022 18:30:00;42;38;8,28;7,93;4,22;0,35;40,42;7;0,0796
30/12/2022 19:30:00;35;34;10,04;9,38;3,74;0,66;39,63;11;0,098
30/12/2022 20:30:00;39;25;11,9;11,21;4,04;0,69;37,86;10;0,13
30/12/2022 21:30:00;33;31;15,18;14,67;4,22;0,51;33,62;9;0,1463
30/12/2022 22:30:00;33;30;14,27;13,6;3,71;0,67;33,03;12;0,1398
30/12/2022 23:30:00;28;25;11,75;10,98;3,42;0,77;32,44;7;0,1192
31/12/2022 00:30:00;30;25;12,2;11,3;3,71;0,9;30,81;8;0,119
31/12/2022 01:30:00;24;22;10,69;9,99;4;0,7;32,61;7;0,0923
31/12/2022 02:30:00;132;24;8,06;7,28;4,01;0,78;36,5;8;0,0715
31/12/2022 03:30:00;20;17;7,79;7,24;3,95;0,55;32,81;7;0,0794
31/12/2022 04:30:00;17;14;8,8;7,84;4,29;0,96;32,67;5;0,0774
31/12/2022 05:30:00;18;15;9,95;9,18;3,75;0,77;30,95;7;0,0849
31/12/2022 06:30:00;26;21;9,34;8,3;4;1,04;32,51;6;0,0849
31/12/2022 07:30:00;14;4;9,77;8,8;4,41;0,97;33,51;3;0,073
31/12/2022 08:30:00;22;19;8,48;7,75;4,53;0,73;39,6;6;0,0745
31/12/2022 09:30:00;27;16;8,81;7,85;4,9;0,96;45,66;7;0,095
31/12/2022 10:30:00;28;23;7,55;6,94;6,19;0,61;49,6;5;0,0862
31/12/2022 11:30:00;35;23;7,23;6,92;6,13;0,31;50,25;7;0,0972
31/12/2022 12:30:00;34;25;8,74;8,33;6,94;0,41;50,08;11;0,0885
31/12/2022 13:30:00;36;19;16,97;12,96;7,01;4,01;49,83;8;0,085
31/12/2022 14:30:00;36;32;22,08;20,04;7,26;2,04;46,47;4;0,0878
31/12/2022 15:30:00;38;27;6,99;6,32;7,53;0,67;48,56;5;0,0782
31/12/2022 16:30:00;35;30;6,1;5,53;7,15;0,57;46,59;10;0,0618
31/12/2022 17:30:00;36;26;7,58;6,91;5,85;0,67;44,13;7;0,0702
31/12/2022 18:30:00;34;31;7,46;7,13;4,1;0,33;42;6;0,0904
31/12/2022 19:30:00;34;33;10,15;9,44;4,27;0,71;40,43;8;0,1165
31/12/2022 20:30:00;33;24;9,41;8,78;4,02;0,63;39,65;14;0,1424
31/12/2022 21:30:00;31;25;7,11;6,51;4,48;0,6;40,49;10;0,1461
31/12/2022 22:30:00;31;26;8,44;7,99;4,41;0,45;35,3;10;0,1876
31/12/2022 23:30:00;21;18;9,05;8,39;4,19;0,66;34,6;11;0,1521
01/01/2023 00:30:00;17;14;7,89;7,61;4,23;0,27;35,65;9;0,1286
01/01/2023 01:30:00;18;15;8,58;8,13;4,18;0,46;33,99;7;0,1378
01/01/2023 02:30:00;21;18;9,38;8,88;4,21;0,49;32,05;10;0,1397
01/01/2023 03:30:00;15;13;8,68;7,78;3,86;0,9;31,15;8;0,1209
01/01/2023 04:30:00;20;17;8,45;7,5;3,97;0,95;30,32;11;0,1173
01/01/2023 05:30:00;16;14;8,38;7,53;3,88;0,85;26,92;10;0,1165
01/01/2023 06:30:00;23;19;13,45;12,02;4,41;1,43;20;7;0,1386
01/01/2023 07:30:00;15;13;10,24;9,23;4,42;1,01;28,76;6;0,1111
01/01/2023 08:30:00;16;14;7,55;6,9;4,41;0,65;35,3;5;0,1114
01/01/2023 09:30:00;18;14;6,41;5,89;5,69;0,52;41,76;3;0,1097
01/01/2023 10:30:00;21;20;5,7;5,58;6,86;0,11;47,79;6;0,1059
01/01/2023 11:30:00;31;24;5,52;5,24;6,57;0,28;50,13;8;0,1064
01/01/2023 12:30:00;43;27;6,47;5,97;6,54;0,5;51,4;5;0,1073
01/01/2023 13:30:00;55;30;5,35;4,83;7,07;0,51;51,27;3;0,0969
01/01/2023 14:30:00;60;31;5,2;5,01;6,74;0,19;46,52;6;0,0863
01/01/2023 15:30:00;52;31;5,51;5,22;7,02;0,3;44,99;5;0,0779
01/01/2023 16:30:00;31;24;5,44;5,29;6,67;0,15;42,44;3;0,0631
01/01/2023 17:30:00;30;26;5,85;5,44;4,91;0,42;38,95;4;0,0702
01/01/2023 18:30:00;35;27;5,63;5,45;4,14;0,18;37,97;7;0,0862
01/01/2023 19:30:00;33;30;7,23;6,96;4,07;0,26;35,41;9;0,1014
01/01/2023 20:30:00;25;22;7,83;7,13;4,47;0,7;34,02;7;0,0909
01/01/2023 21:30:00;26;21;9,54;8,85;4,1;0,69;33,19;7;0,0895
01/01/2023 22:30:00;27;21;8,54;8,02;4,11;0,52;34,54;13;0,0873
01/01/2023 23:30:00;23;18;8,71;8,51;4,32;0,2;32,21;9;0,0876
02/01/2023 00:30:00;27;25;9,06;8,4;4,19;0,67;30,39;6;0,0886
02/01/2023 01:30:00;25;21;10,03;9,42;4,19;0,61;27,13;8;0,0846
02/01/2023 02:30:00;25;24;8,71;8,22;3,79;0,48;27,49;11;0,0771
02/01/2023 03:30:00;30;26;7,55;6,84;3,58;0,71;30,26;7;0,0775
02/01/2023 04:30:00;28;24;7,95;7,37;3,81;0,59;27,94;7;0,0764
02/01/2023 05:30:00;26;22;11,07;10,47;3,64;0,59;26,37;10;0,0868
02/01/2023 06:30:00;24;24;12,08;11,29;3,81;0,78;26,74;10;0,1019
02/01/2023 07:30:00;24;22;12,06;11,1;4,29;0,96;28,47;5;0,1065
02/01/2023 08:30:00;27;20;13,04;11,57;4,93;1,47;33,99;1;0,1191
02/01/2023 09:30:00;30;22;13,51;12,56;5,39;0,95;36,97;5;0,1166
02/01/2023 10:30:00;33;29;9,91;9,4;5,92;0,52;44,04;6;0,1102
02/01/2023 11:30:00;25;24;9,6;8,95;6,69;0,65;45,6;11;0,1083
02/01/2023 12:30:00;53;35;15,72;14,98;13,68;0,74;48,04;12;0,1149
02/01/2023 13:30:00;67;49;17,43;16,19;13,17;1,24;46,46;12;0,0974
02/01/2023 14:30:00;71;56;11,83;11,14;6,73;0,69;43,46;8;0,1051
02/01/2023 15:30:00;65;43;;;;;;7;
02/01/2023 16:30:00;75;49;7,11;6,4;7,47;0,71;136,29;11;0,1029
02/01/2023 17:30:00;57;42;7,33;7,17;6,11;0,16;51,42;13;0,0894
02/01/2023 18:30:00;53;42;5,45;5,03;4,21;0,41;50,43;12;0,1072
02/01/2023 19:30:00;46;41;6,8;5,68;3,25;1,12;45,69;10;0,1145
02/01/2023 20:30:00;43;43;6,12;5,79;2,44;0,33;41,41;11;0,1388
02/01/2023 21:30:00;38;38;7,66;7,19;2,11;0,47;40,55;12;0,1385
02/01/2023 22:30:00;37;33;6,34;5,75;2,25;0,59;39,77;11;0,1269
02/01/2023 23:30:00;29;29;5,96;5,77;2,38;0,19;37,09;13;0,1243
03/01/2023 00:30:00;28;28;;5,15;2,84;;36,83;11;0,117
03/01/2023 01:30:00;32;28;4,31;4,12;3,14;0,19;33,19;13;0,1185
03/01/2023 02:30:00;43;40;9,84;9,04;2,81;0,8;26,74;18;0,1623
03/01/2023 03:30:00;40;36;7,06;5,94;2,85;1,12;34,92;18;0,1496
03/01/2023 04:30:00;27;22;3,69;3,56;2,28;0,13;39,98;10;0,1202
03/01/2023 05:30:00;21;18;2,23;1,96;2,51;0,27;40,16;11;0,1175
03/01/2023 06:30:00;22;19;2,88;2,55;2,72;0,32;35,93;10;0,1308
03/01/2023 07:30:00;17;14;9,27;7,97;2,88;1,3;34,86;9;0,1621
03/01/2023 08:30:00;18;15;9,75;8,74;2,52;1,01;46,55;10;0,1455
03/01/2023 09:30:00;33;29;5,86;5,47;2,35;0,39;57,25;14;0,1235
03/01/2023 10:30:00;27;26;6,2;5,23;2,98;0,97;54,83;8;0,1177
03/01/2023 11:30:00;35;22;9,47;8,31;4,59;1,17;54,72;6;0,1288
03/01/2023 12:30:00;31;24;9,19;8,84;4,74;0,35;51,29;7;0,0823
03/01/2023 13:30:00;29;14;3;2,52;4,8;0,48;52,34;6;0,0844
03/01/2023 14:30:00;32;20;3;2,83;4,48;0,17;52,81;13;0,0602
03/01/2023 15:30:00;37;28;11,06;9,99;4,09;1,06;47,62;11;0,0771
03/01/2023 16:30:00;38;35;6,71;6,07;3,65;0,64;46,86;10;0,092
03/01/2023 17:30:00;38;32;10,7;9,11;2,82;1,59;43,23;9;0,1193
03/01/2023 18:30:00;32;27;14,52;13,18;2,32;1,33;38,54;9;0,1337
03/01/2023 19:30:00;24;20;13,12;12,22;2,56;0,9;35,8;12;0,1206
03/01/2023 20:30:00;32;31;7,78;7,75;2,54;0,03;34,34;14;0,1189
03/01/2023 21:30:00;28;25;5,42;4,81;2,82;0,61;33,43;10;0,1106
03/01/2023 22:30:00;29;23;4,46;4,11;2,95;0,35;34,52;7;0,0922
03/01/2023 23:30:00;25;25;10,85;9,19;2,93;1,66;27,93;7;0,1069
04/01/2023 00:30:00;29;25;;4,63;2,78;;32,19;8;0,0771
04/01/2023 01:30:00;27;23;3,28;3,2;2,57;0,08;30,96;4;0,0673
04/01/2023 02:30:00;24;20;3,66;2,61;2,42;1,05;30,8;10;0,0636
04/01/2023 03:30:00;31;26;3,2;2,97;2,41;0,24;29,87;9;0,0758
04/01/2023 04:30:00;25;21;1,59;1,15;2,5;0,44;31,57;6;0,0713
04/01/2023 05:30:00;29;25;1,76;1,26;2,26;0,49;30,29;7;0,0798
04/01/2023 06:30:00;22;19;2,84;2,65;2,58;0,19;23,95;10;0,0895
04/01/2023 07:30:00;20;17;9,05;8,01;2,53;1,03;23,53;11;0,1457
04/01/2023 08:30:00;20;17;16,9;15,19;2,04;1,71;23,14;9;0,1525
04/01/2023 09:30:00;19;16;16,27;13,96;2,65;2,31;23,53;8;0,1203
04/01/2023 10:30:00;14;12;14,04;12,11;2,41;1,92;28,51;10;0,1597
04/01/2023 11:30:00;18;15;12,72;10,95;2,65;1,78;36,42;7;0,1179
04/01/2023 12:30:00;15;13;12,55;11,4;2,9;1,15;46,15;5;0,1277
04/01/2023 13:30:00;17;14;7,54;6,87;2,82;0,67;47,49;7;0,1173
04/01/2023 14:30:00;18;15;6,91;6,11;2,77;0,8;49,58;9;0,0959
04/01/2023 15:30:00;19;16;5,75;5,01;2,88;0,73;52,44;8;0,1054
04/01/2023 16:30:00;29;18;6,83;5,84;3,92;0,99;49,85;6;0,0945
04/01/2023 17:30:00;23;17;6,62;5,32;3,12;1,3;35,55;7;0,0759
04/01/2023 18:30:00;28;23;8,62;7,16;2,87;1,46;34,48;7;0,1055
04/01/2023 19:30:00;25;21;12,73;10,53;2,53;2,2;26,8;5;0,168
04/01/2023 20:30:00;24;20;10,43;9,69;2,54;0,74;24,32;6;0,1377
04/01/2023 21:30:00;40;34;21,68;18,9;2,27;2,78;12,92;12;0,2285
04/01/2023 22:30:00;47;40;30,06;21,64;2,32;8,42;8,94;12;0,3651
04/01/2023 23:30:00;40;34;25,39;15,81;2,28;9,58;9,32;22;0,1916
05/01/2023 00:30:00;25;21;14,95;11,86;2,48;3,08;15,24;5;0,1213
05/01/2023 01:30:00;22;19;6,05;5,29;2,36;0,76;17,32;7;0,0958
05/01/2023 02:30:00;25;21;5,37;4,24;2,3;1,13;16,17;5;0,0892
05/01/2023 03:30:00;24;20;4,89;3,12;2,7;1,77;15,26;7;0,0904
05/01/2023 04:30:00;24;20;5,94;3,87;2,72;2,06;14,24;15;0,106
05/01/2023 05:30:00;31;26;6,67;4,3;2,68;2,36;15,46;12;0,1138
05/01/2023 06:30:00;24;20;12,47;5,19;2,58;7,28;10,65;12;0,1387
05/01/2023 07:30:00;33;28;16,04;6,91;3,69;9,13;10,9;13;0,1629
05/01/2023 08:30:00;32;27;21,64;12,46;6,74;9,19;12,66;17;0,1388
05/01/2023 09:30:00;27;23;21,29;14,98;13,96;6,31;20,8;9;0,1016
05/01/2023 10:30:00;41;25;59,97;31,94;67,98;28,03;18,63;15;0,0652
05/01/2023 11:30:00;35;24;13,14;12,21;11,53;0,93;50,56;11;0,0594
05/01/2023 12:30:00;40;32;4,37;3,9;7,97;0,47;57,69;7;0,0659
05/01/2023 13:30:00;31;22;2,15;1,85;5,96;0,3;48,88;12;0,0631
05/01/2023 14:30:00;31;23;1,8;1,54;5,29;0,26;53,78;10;0,0621
05/01/2023 15:30:00;33;23;3,35;3,15;5,71;0,19;56,22;6;0,0593
05/01/2023 16:30:00;51;38;2,3;2,02;5,3;0,28;59,63;7;0,0466
05/01/2023 17:30:00;40;31;3,09;2,95;4,31;0,14;51,97;7;0,062
05/01/2023 18:30:00;55;30;2,34;2,25;3,17;0,08;48,04;10;0,0643
05/01/2023 19:30:00;61;46;5,07;4,42;3,3;0,65;40,16;15;0,1576
05/01/2023 20:30:00;48;28;9,72;9,02;3;0,7;34,35;13;0,1613
05/01/2023 21:30:00;44;37;17,3;14,36;2,71;2,94;29,85;17;0,1531
05/01/2023 22:30:00;48;41;12,11;10,5;2,74;1,61;26,62;12;0,1962
05/01/2023 23:30:00;42;36;20,34;18,58;2,62;1,76;16,73;13;0,1616
06/01/2023 00:30:00;36;31;13,37;12,31;2,47;1,06;20,23;14;0,124
06/01/2023 01:30:00;33;28;7,08;6,43;2,44;0,66;21,83;11;0,0998
06/01/2023 02:30:00;34;29;6,12;5,4;2,19;0,71;21,08;12;0,0819
06/01/2023 03:30:00;30;25;6,34;5,24;2,24;1,1;17,66;8;0,0879
06/01/2023 04:30:00;29;25;4,94;4,02;2,57;0,91;17,54;10;0,1045
06/01/2023 05:30:00;26;22;4,55;3,43;2,71;1,12;18,07;10;0,1118
06/01/2023 06:30:00;29;25;7,87;5,94;2,55;1,92;17,2;9;0,1325
06/01/2023 07:30:00;33;28;11,59;9,01;3,3;2,58;19,32;5;0,1613
06/01/2023 08:30:00;37;31;15,19;13,1;3,55;2,09;25,25;9;0,1746
06/01/2023 09:30:00;38;32;9,19;8,15;4,77;1,03;42,15;12;0,0982
06/01/2023 10:30:00;45;33;8,27;6,79;5,12;1,48;45,15;10;0,076
06/01/2023 11:30:00;35;26;5,61;5,13;4,38;0,48;46,94;7;0,0586
06/01/2023 12:30:00;33;28;2,31;1,74;4,74;0,58;42,96;9;0,0492
06/01/2023 13:30:00;39;34;0,75;0,3;4,71;0,45;41,32;8;0,0512
06/01/2023 14:30:00;40;24;1,18;0,86;4,9;0,32;39,52;6;0,0504
06/01/2023 15:30:00;42;25;2,75;1,83;5,16;0,92;35,81;8;0,047
06/01/2023 16:30:00;42;28;1,75;1,01;4,88;0,74;33,95;8;0,0372
06/01/2023 17:30:00;40;30;;;3,98;0,53;32,82;8;0,04
06/01/2023 18:30:00;46;32;1,41;0,77;2,87;0,65;30,23;10;0,0572
06/01/2023 19:30:00;59;50;3,47;2,68;2,68;0,8;25,89;9;0,0779
06/01/2023 20:30:00;75;64;5,36;4,51;2,53;0,84;23,51;12;0,108
06/01/2023 21:30:00;70;60;4,25;3,72;2,73;0,53;22,9;15;0,1223
06/01/2023 22:30:00;66;56;2,4;1,79;2,32;0,61;24,75;12;0,0918
06/01/2023 23:30:00;91;77;13,84;9,71;2,12;4,13;13,83;34;0,2366
07/01/2023 00:30:00;63;53;22,25;14,05;2,19;8,2;8,87;16;0,2033
07/01/2023 01:30:00;57;48;14,44;11,37;2,35;3,07;8,53;18;0,2044
07/01/2023 02:30:00;50;42;15,87;12,81;2,36;3,06;8,64;9;0,1221
07/01/2023 03:30:00;31;26;12,36;10,24;2,8;2,13;12,03;9;0,0906
07/01/2023 04:30:00;31;26;7,23;6,37;2,36;0,87;13,15;7;0,085
07/01/2023 05:30:00;38;32;8,4;6,81;2,8;1,59;10,75;9;0,0991
07/01/2023 06:30:00;36;31;9,93;6,75;3,03;3,18;11,16;8;0,1101
07/01/2023 07:30:00;39;33;13,21;7,63;4,5;5,58;11,13;12;0,1358
07/01/2023 08:30:00;44;37;23,27;13,55;12,56;9,71;11;18;0,1028
07/01/2023 09:30:00;26;22;16,63;11,61;6,82;5,02;16,66;17;0,0781
07/01/2023 10:30:00;24;20;4,76;3,91;3,83;0,84;25,18;6;0,0664
07/01/2023 11:30:00;31;26;1,06;0,43;3,33;0,62;26,73;4;0,0603
07/01/2023 12:30:00;38;32;0,37;0,06;3,51;0,31;28,53;4;0,0628
07/01/2023 13:30:00;33;28;;;3,35;;30,17;3;0,052
07/01/2023 14:30:00;30;25;;;3,81;0,29;28,5;3;0,0544
07/01/2023 15:30:00;37;31;1,19;0,6;4,42;0,6;26,48;6;0,0428
07/01/2023 16:30:00;37;31;;;3,92;0,85;29,58;9;0,034
07/01/2023 17:30:00;44;37;;;3,28;0,04;26,45;11;0,0355
07/01/2023 18:30:00;47;40;;;3,17;0,38;24,8;8;0,0463
07/01/2023 19:30:00;53;45;0,67;0,2;3,1;0,47;25,36;14;0,0577
07/01/2023 20:30:00;71;60;2,12;1,53;2,87;0,6;21,02;13;0,0778
07/01/2023 21:30:00;60;51;3,31;2,51;2,76;0,8;19,03;11;0,1137
07/01/2023 22:30:00;61;52;3,7;3,08;2,37;0,63;16,87;12;0,1583
07/01/2023 23:30:00;48;41;10,2;8,02;2,81;2,18;10,19;10;0,1941
08/01/2023 00:30:00;41;35;12,03;8,59;2,59;3,44;8,99;10;0,1482
08/01/2023 01:30:00;38;32;7,7;6,24;2,55;1,46;11,04;9;0,0992
08/01/2023 02:30:00;33;28;5,34;4,1;2,84;1,24;12,07;13;0,0881
08/01/2023 03:30:00;29;25;4,66;2,93;2,67;1,73;11,06;8;0,0905
08/01/2023 04:30:00;28;24;4,15;2,79;2,88;1,36;11,25;6;0,0949
08/01/2023 05:30:00;34;29;3,3;1,76;2,87;1,54;12,26;10;0,0944
08/01/2023 06:30:00;21;18;5,28;2,35;2,7;2,93;10,66;7;0,1051
08/01/2023 07:30:00;25;21;4,36;1,74;2,94;2,63;11,17;8;0,0988
08/01/2023 08:30:00;25;21;4,31;2,66;3,54;1,66;16,57;8;0,0934
08/01/2023 09:30:00;34;29;32,58;11,2;44,76;21,38;15,13;13;0,0728
08/01/2023 10:30:00;34;29;30,65;20,25;27,23;10,4;14,18;8;0,0545
08/01/2023 11:30:00;38;32;19,8;14,58;21,29;5,21;24,82;9;0,0582
08/01/2023 12:30:00;26;22;0,8;0,11;6,34;0,68;32,44;11;0,0489
08/01/2023 13:30:00;32;27;;;5,65;0,13;33,88;8;0,0456
08/01/2023 14:30:00;27;23;;;6,32;0,43;36,57;8;0,0525
08/01/2023 15:30:00;27;23;;;6,34;0,48;36,05;8;0,0475
08/01/2023 16:30:00;26;22;;;4,86;0,32;35;13;0,0407
08/01/2023 17:30:00;24;20;2,21;1,63;6,59;0,58;29,36;9;0,0421
08/01/2023 18:30:00;32;27;0,7;0,03;3,67;0,67;29;7;0,0552
08/01/2023 19:30:00;43;37;1,88;1,25;3,86;0,64;26,55;11;0,11
08/01/2023 20:30:00;44;37;5,7;4,36;3,5;1,35;25,4;11;0,1373
08/01/2023 21:30:00;37;31;3,9;3,6;3,39;0,3;27,11;12;0,116
08/01/2023 22:30:00;33;28;3,09;2,28;3,31;0,81;25,53;9;0,0842
08/01/2023 23:30:00;29;25;0,93;0,43;2,9;0,49;25,95;8;0,0696
09/01/2023 00:30:00;29;25;0,54;0,32;3,16;0,22;26,04;7;0,0678
09/01/2023 01:30:00;27;23;2,28;1,89;3,1;0,39;23,86;7;0,0511
09/01/2023 02:30:00;26;22;3,36;2,74;2,47;0,62;22,6;4;0,0483
09/01/2023 03:30:00;28;24;3,44;3,02;2,52;0,42;21,47;3;0,0488
09/01/2023 04:30:00;23;19;4,71;4,44;2,8;0,28;17,13;6;0,0513
09/01/2023 05:30:00;24;20;7,39;5,85;2,17;1,55;12,92;3;0,0632
09/01/2023 06:30:00;24;20;16,44;6,71;2,87;9,73;8,8;1;0,1265
09/01/2023 07:30:00;31;26;19,39;9,65;3,33;9,74;11,52;7;0,1332
09/01/2023 08:30:00;29;25;11,51;9,03;4,01;2,48;20,02;5;0,0927
09/01/2023 09:30:00;39;33;52,46;16,05;90,97;36,41;14,28;15;0,0639
09/01/2023 10:30:00;39;33;47,07;23,8;84,52;23,28;16,29;8;0,0591
09/01/2023 11:30:00;24;20;9,75;8,33;16,2;1,42;30,95;8;0,0513
09/01/2023 12:30:00;33;20;12,64;9,78;22,8;2,87;33,23;6;0,0575
09/01/2023 13:30:00;34;26;5,52;4,66;9,13;0,86;37,25;7;0,0633
09/01/2023 14:30:00;41;24;2,25;1,69;7,23;0,57;40,76;6;0,0592
09/01/2023 15:30:00;32;29;1,99;1,52;6,23;0,47;43,68;7;0,061
09/01/2023 16:30:00;33;22;3,81;3,28;5,85;0,52;40,4;7;0,0531
09/01/2023 17:30:00;35;26;3,75;3,06;4,66;0,69;30,95;5;0,0621
09/01/2023 18:30:00;42;25;5,77;4,27;3,91;1,51;28,58;5;0,1003
09/01/2023 19:30:00;36;33;5,56;4,29;3,55;1,27;22,56;7;0,0849
09/01/2023 20:30:00;43;32;6,54;5,89;3,73;0,66;19,87;7;0,0793
09/01/2023 21:30:00;42;36;10,02;8,05;4,72;1,97;15,79;15;0,1033
09/01/2023 22:30:00;30;25;16,21;12,82;4,96;3,39;12,1;7;0,0961
09/01/2023 23:30:00;26;22;7,81;7,03;4,1;0,78;20,35;8;0,071
10/01/2023 00:30:00;24;20;4,7;4,14;3,13;0,56;23,79;8;0,0598
10/01/2023 01:30:00;25;21;5,99;5,41;2,75;0,58;16,36;9;0,0747
10/01/2023 02:30:00;27;23;6,59;6,15;2,75;0,44;15,99;5;0,077
10/01/2023 03:30:00;27;23;6,71;5,94;2,8;0,77;14,16;4;0,0719
10/01/2023 04:30:00;27;23;5,62;4,24;2,4;1,38;13,48;4;0,0688
10/01/2023 05:30:00;31;26;8,7;6,17;2,52;2,53;10,28;6;0,0872
10/01/2023 06:30:00;26;22;13,85;6,15;2,72;7,7;9,75;8;0,1284
10/01/2023 07:30:00;25;21;21,79;9,24;3,15;12,56;9,39;5;0,1861
10/01/2023 08:30:00;80;68;53,9;16,33;55,86;37,56;7,77;13;0,2393
10/01/2023 09:30:00;55;35;107,17;23,28;178,57;83,88;5,83;13;0,1948
10/01/2023 10:30:00;46;36;87,21;34,24;207,74;52,96;9,29;18;0,0906
10/01/2023 11:30:00;43;30;60,75;37,49;161,95;23,26;19,93;8;0,0772
10/01/2023 12:30:00;51;37;66,7;44,64;215,71;22,06;20,18;10;0,0895
10/01/2023 13:30:00;57;30;36,43;26,65;120,93;9,77;33,16;9;0,0802
10/01/2023 14:30:00;58;35;17,54;14,09;50,34;3,45;38,33;8;0,0774
10/01/2023 15:30:00;49;28;10,34;8,18;30,43;2,16;34,62;7;0,0636
10/01/2023 16:30:00;42;32;53,48;24,89;110,62;28,59;12,01;7;0,0913
10/01/2023 17:30:00;35;32;44,78;24,82;82,63;19,96;12,95;9;0,1066
10/01/2023 18:30:00;36;27;52,68;22,83;101,11;29,84;10,38;17;0,1578
10/01/2023 19:30:00;40;31;35,95;19,88;53,18;16,08;16,28;13;0,1673
10/01/2023 20:30:00;42;37;24,59;20,25;21,26;4,34;17,06;11;0,1677
10/01/2023 21:30:00;33;28;21,92;18,95;15,15;2,97;16,56;8;0,16
10/01/2023 22:30:00;22;19;12,48;11,12;12,02;1,36;27,94;10;0,1214
10/01/2023 23:30:00;21;18;9,47;8,34;9,77;1,13;27;11;0,1169
11/01/2023 00:30:00;17;14;6,94;6,19;8,07;0,75;27,08;8;0,0979
11/01/2023 01:30:00;18;15;4,41;3,87;6,75;0,54;27,52;9;0,085
11/01/2023 02:30:00;19;16;5,87;5,18;6,1;0,69;26,38;8;0,0921
11/01/2023 03:30:00;12;10;2,01;1,12;5,55;0,89;34,01;4;0,0794
11/01/2023 04:30:00;15;13;2,1;1,35;5,35;0,75;30,27;2;0,0719
11/01/2023 05:30:00;15;13;3,09;2,74;4,4;0,35;26,33;4;0,0756
11/01/2023 06:30:00;20;17;7,74;5,17;4,64;2,57;19,37;10;0,1172
11/01/2023 07:30:00;27;23;14,4;9,83;5,06;4,57;16,38;7;0,1859
11/01/2023 08:30:00;33;28;14,08;11,38;4,91;2,69;22,74;17;0,195
11/01/2023 09:30:00;34;26;10,33;8,65;4,85;1,69;33,37;8;0,16
11/01/2023 10:30:00;29;20;10,65;9,25;5,8;1,39;47,32;12;0,1497
11/01/2023 11:30:00;47;28;8,08;7,29;6,81;0,79;67,43;11;0,1371
11/01/2023 12:30:00;40;28;15,17;14,18;7,67;0,99;77,75;14;0,1427
11/01/2023 13:30:00;39;22;9,69;8,5;7,86;1,19;76,62;15;0,1296
11/01/2023 14:30:00;31;22;32,64;28,78;8,03;3,85;53,74;9;0,0996
11/01/2023 15:30:00;;;16,83;15,54;8,79;1,29;61,12;;0,1098
11/01/2023 16:30:00;;;5,05;4,02;9,8;1,03;67,94;;0,1001
11/01/2023 17:30:00;38;28;9,14;8,49;7,32;0,65;61,53;9;0,0861
11/01/2023 18:30:00;47;43;9,49;9,03;5,25;0,46;57,47;22;0,1191
11/01/2023 19:30:00;41;38;9,62;8,74;4,05;0,88;56,54;19;0,1295
11/01/2023 20:30:00;48;41;6,75;6,58;3,81;0,16;59,75;19;0,1638
11/01/2023 21:30:00;47;40;11;10,2;4,1;0,8;50,67;28;0,1843
11/01/2023 22:30:00;44;37;16,53;15,89;4,03;0,63;37,94;20;0,2094
11/01/2023 23:30:00;51;43;16,56;15,79;4,27;0,77;32,07;18;0,1683
12/01/2023 00:30:00;44;37;20,75;19,32;4,43;1,43;18,32;14;0,1581
12/01/2023 01:30:00;40;34;18,37;17,07;4,73;1,31;15,62;17;0,123
12/01/2023 02:30:00;38;32;16,47;15,18;3,48;1,3;15,44;12;0,1222
12/01/2023 03:30:00;34;29;15,43;13,65;3,7;1,78;13,5;18;0,1234
12/01/2023 04:30:00;32;27;8,97;7,81;3,1;1,16;17,27;13;0,132
12/01/2023 05:30:00;34;29;8,75;7,26;2,98;1,49;14,51;18;0,1447
12/01/2023 06:30:00;40;34;12,39;8,65;3,28;3,74;12,62;16;0,2283
12/01/2023 07:30:00;143;122;25,06;14,82;3,89;10,24;12,63;30;0,3922
12/01/2023 08:30:00;80;68;16,35;14,5;5,56;1,84;32,49;18;0,3098
12/01/2023 09:30:00;44;28;8,86;8,04;5,81;0,82;49,63;11;0,1567
12/01/2023 10:30:00;47;27;11,23;9,74;12,04;1,5;59,92;13;0,1246
12/01/2023 11:30:00;89;54;67,63;55,49;96,45;12,14;31,28;30;0,1444
12/01/2023 12:30:00;68;49;50,13;44,44;84,37;5,69;64,39;22;0,1335
12/01/2023 13:30:00;55;40;13,87;13,26;29,7;0,6;90,67;20;0,1089
12/01/2023 14:30:00;54;33;8,41;7,91;16,1;0,5;88,03;15;0,1088
12/01/2023 15:30:00;46;30;5,21;4,72;11,85;0,49;85,34;13;0,1054
12/01/2023 16:30:00;47;30;4,52;4,47;10,39;0,05;90,52;12;0,097
12/01/2023 17:30:00;48;37;14,48;13,3;17,28;1,18;74,88;12;0,1116
12/01/2023 18:30:00;39;36;11,57;10,9;8,6;0,68;60,38;8;0,1283
12/01/2023 19:30:00;37;34;;5,74;6,5;;53,83;6;0,1176
12/01/2023 20:30:00;32;27;11,57;10,6;5,69;0,97;46,62;9;0,1158
12/01/2023 21:30:00;30;25;5,25;4,86;3,84;0,39;45,76;10;0,1326
12/01/2023 22:30:00;33;28;9,64;9,07;4,55;0,57;38,21;12;0,1364
12/01/2023 23:30:00;34;29;10;9,49;3,84;0,51;36,89;13;0,1334
13/01/2023 00:30:00;38;32;9,52;8,78;4,15;0,75;33,85;10;0,1315
13/01/2023 01:30:00;41;35;11,05;10,36;3,93;0,7;31,62;7;0,13
13/01/2023 02:30:00;33;28;7,73;7,53;3,92;0,19;32,4;12;0,1207
13/01/2023 03:30:00;33;28;10,61;9,78;3,9;0,84;25,49;11;0,124
13/01/2023 04:30:00;31;26;8,28;7,32;3,65;0,96;27,95;13;0,1266
13/01/2023 05:30:00;26;22;8,14;7,71;3,65;0,43;25,91;11;0,128
13/01/2023 06:30:00;34;29;15,33;12,36;3,65;2,97;16,49;9;0,1578
13/01/2023 07:30:00;26;22;13,08;11,45;3,4;1,63;28,34;7;0,1692
13/01/2023 08:30:00;58;42;53,47;26,23;79,31;27,24;17,07;12;0,1908
13/01/2023 09:30:00;60;45;73,36;43,4;128,45;29,96;19,46;18;0,1854
13/01/2023 10:30:00;54;42;74,33;51,4;157,32;22,93;24,03;19;0,1587
13/01/2023 11:30:00;53;43;63,11;49,06;132,86;14,06;39,56;11;0,1515
13/01/2023 12:30:00;52;47;35,86;30,83;86,59;5,04;59,6;14;0,1663
13/01/2023 13:30:00;50;38;25,04;23,48;53,82;1,56;74,44;9;0,1513
13/01/2023 14:30:00;54;38;5,87;5,75;18,5;0,12;83,84;8;0,1484
13/01/2023 15:30:00;50;37;4,78;4,59;13,18;0,2;84,07;9;0,1196
13/01/2023 16:30:00;38;39;5,28;4,88;10,59;0,41;75,02;12;0,126
13/01/2023 17:30:00;72;53;8,14;7,17;8,05;0,97;72,48;12;0,1308
13/01/2023 18:30:00;23;18;12,48;11,46;5,93;1,02;59,21;14;0,1672
13/01/2023 19:30:00;25;18;18,47;16,72;5,37;1,75;43,64;13;0,1741
13/01/2023 20:30:00;30;19;16,81;15,67;5,66;1,14;39,51;8;0,189
13/01/2023 21:30:00;27;24;17,14;16,39;5,65;0,74;30,24;10;0,2095
13/01/2023 22:30:00;21;18;14,1;13,07;4,74;1,03;33,9;10;0,1829
13/01/2023 23:30:00;20;17;13,08;12,04;5,03;1,04;33,45;12;0,14
14/01/2023 00:30:00;20;17;13,54;12,6;4,96;0,94;30,33;9;0,1414
14/01/2023 01:30:00;24;20;13,51;12,52;4,65;1;28,22;10;0,1528
14/01/2023 02:30:00;25;21;9,22;8,63;4,47;0,59;31,87;10;0,1249
14/01/2023 03:30:00;25;21;8,08;7,16;3,98;0,93;30,66;12;0,119
14/01/2023 04:30:00;25;21;7,07;6,41;3,67;0,66;29,27;7;0,1261
14/01/2023 05:30:00;21;18;2,9;2,61;4,04;0,29;33,74;11;0,12
14/01/2023 06:30:00;23;19;3,06;2,57;3,94;0,5;30,34;12;0,1336
14/01/2023 07:30:00;31;26;10,32;8,08;3,72;2,24;23,68;16;0,2009
14/01/2023 08:30:00;30;25;6,88;5,65;4,84;1,23;35,33;15;0,1768
14/01/2023 09:30:00;24;20;2,82;2,55;6;0,27;52,61;12;0,1437
14/01/2023 10:30:00;18;15;1,9;1,78;5,88;0,11;62,15;9;0,1134
14/01/2023 11:30:00;16;19;1,17;0,6;6,82;0,57;67,79;12;0,0999
14/01/2023 12:30:00;23;19;0,71;0,46;7,12;0,25;73,93;12;0,0933
14/01/2023 13:30:00;30;26;;;7,79;;78,73;16;0,1152
14/01/2023 14:30:00;30;26;0,16;0,08;6,82;0,08;76,1;16;0,0795
14/01/2023 15:30:00;27;24;5,7;4,77;4,97;0,93;70,96;7;0,114
14/01/2023 16:30:00;26;25;2,63;2,16;4,57;0,47;81,97;13;0,1121
14/01/2023 17:30:00;32;28;;2,29;4,21;;74,5;8;0,1166
14/01/2023 18:30:00;28;21;1,67;1,41;3,42;0,26;66,94;14;0,141
14/01/2023 19:30:00;31;18;;4,47;2,9;;53,57;8;0,1696
14/01/2023 20:30:00;15;14;3,77;3,53;3,27;0,24;52,61;9;0,1698
14/01/2023 21:30:00;18;15;4,28;3,92;3,28;0,36;48,26;14;0,1873
14/01/2023 22:30:00;17;14;6,16;5,45;3,24;0,71;46,04;8;0,1409
14/01/2023 23:30:00;11;9;3,23;2,8;3,25;0,43;47,37;8;0,1226
15/01/2023 00:30:00;12;10;1,59;1,17;3,12;0,42;43,9;5;0,1101
15/01/2023 01:30:00;13;11;1,41;0,81;3,12;0,6;43,65;2;0,1213
15/01/2023 02:30:00;14;12;2,24;1,63;2,76;0,61;39,68;5;0,1102
15/01/2023 03:30:00;10;8;1,19;1,06;2,83;0,13;36,81;4;0,1117
15/01/2023 04:30:00;9;7;1,61;1,07;3,12;0,54;39,1;3;0,1034
15/01/2023 05:30:00;8;7;1,38;1,04;3,32;0,34;36,24;3;0,1134
15/01/2023 06:30:00;12;10;4,42;3,68;3,21;0,74;29,03;1;0,1294
15/01/2023 07:30:00;17;14;4,14;3,58;3,11;0,56;27,14;10;0,1489
15/01/2023 08:30:00;15;13;2,38;1,97;3,15;0,42;28,98;8;0,1443
15/01/2023 09:30:00;17;14;4,92;3,83;3,67;1,09;32,12;6;0,1522
15/01/2023 10:30:00;17;14;5,37;4,52;3,39;0,85;32,63;4;0,1462
15/01/2023 11:30:00;16;14;14,28;12,64;8,05;1,64;30,56;11;0,1624
15/01/2023 12:30:00;17;14;12,86;11,91;5,56;0,95;36,4;14;0,1794
15/01/2023 13:30:00;21;18;4,95;4,33;4,08;0,61;44,51;14;0,1566
15/01/2023 14:30:00;20;17;2,02;1,97;3,83;0,05;50,41;12;0,1271
15/01/2023 15:30:00;13;11;1,19;1,06;3,88;0,14;47,76;8;0,1091
15/01/2023 16:30:00;17;14;;;3,93;0,61;45,23;5;0,1067
15/01/2023 17:30:00;15;13;1,55;1,29;3,51;0,27;44,98;6;0,1123
15/01/2023 18:30:00;12;10;1,68;1,37;3,63;0,31;42,36;16;0,1349
15/01/2023 19:30:00;13;11;4,96;4,73;3,38;0,24;39,42;5;0,1355
15/01/2023 20:30:00;16;13;4,7;3,87;3,63;0,83;34,28;6;0,1831
15/01/2023 21:30:00;20;17;8,89;7,94;3,39;0,96;29,56;7;0,2206
15/01/2023 22:30:00;23;19;11,52;10,6;3,15;0,91;26,16;9;0,2017
15/01/2023 23:30:00;24;20;12,8;11,67;3,24;1,13;22,22;7;0,2229
16/01/2023 00:30:00;38;32;13,26;12,38;3,52;0,88;18,14;9;0,2393
16/01/2023 01:30:00;31;26;7,81;6,86;3,41;0,95;22,31;13;0,1924
16/01/2023 02:30:00;24;20;5,7;5,12;3;0,58;24,63;10;0,1382
16/01/2023 03:30:00;26;22;4,39;3,65;3,5;0,74;21,86;8;0,1461
16/01/2023 04:30:00;29;25;4,77;4,07;3,27;0,7;20,48;10;0,1221
16/01/2023 05:30:00;29;25;4,51;3,91;3,46;0,61;18,55;11;0,1247
16/01/2023 06:30:00;33;28;7,39;5,64;3,75;1,75;15,83;18;0,1761
16/01/2023 07:30:00;37;31;12,45;8,8;3,28;3,66;14,71;17;0,2408
16/01/2023 08:30:00;27;23;11,93;10,02;3,82;1,91;27,86;10;0,2035
16/01/2023 09:30:00;20;17;7,37;6,18;2,88;1,2;41,58;7;0,1265
16/01/2023 10:30:00;27;23;4,77;4,11;3,46;0,66;47,68;245;0,14
16/01/2023 11:30:00;23;19;5,01;3,96;3,72;1,05;49,86;8;0,1407
16/01/2023 12:30:00;26;22;5,58;4,84;4,55;0,74;52,07;7;0,1414
16/01/2023 13:30:00;34;22;3,47;2,74;4,34;0,73;49,81;10;0,1507
16/01/2023 14:30:00;19;18;2,61;1,83;4,32;0,78;49,22;8;0,0942
16/01/2023 15:30:00;21;18;1,71;1,24;4,62;0,47;53,52;10;0,1005
16/01/2023 16:30:00;25;20;2,31;1,5;4,28;0,81;48,33;9;0,0941
16/01/2023 17:30:00;25;20;2,33;1,16;3,7;1,17;47,72;8;0,1092
16/01/2023 18:30:00;21;21;3,32;2,27;3,15;1,05;44,62;7;0,1271
16/01/2023 19:30:00;19;16;2,51;1,62;3,07;0,89;44,03;10;0,122
16/01/2023 20:30:00;19;16;0,39;0,18;2,79;0,21;42,74;8;0,1104
16/01/2023 21:30:00;20;17;;0,5;2,98;;40,55;5;0,1133
16/01/2023 22:30:00;31;26;3,8;3,22;2,77;0,58;34,43;9;0,14
16/01/2023 23:30:00;24;20;4,39;3,86;3,58;0,54;31,26;8;0,1359
17/01/2023 00:30:00;17;14;4,61;3,77;3,44;0,85;28,72;4;0,1483
17/01/2023 01:30:00;15;13;1,63;1,41;3,44;0,22;35,1;11;0,1029
17/01/2023 02:30:00;24;20;2,98;2,63;3,36;0,36;31,71;6;0,1297
17/01/2023 03:30:00;25;21;3,06;2,95;3,29;0,12;30,09;11;0,1246
17/01/2023 04:30:00;20;17;14,05;13,36;5,39;0,69;18,11;10;0,1092
17/01/2023 05:30:00;27;23;16,47;13,23;5,59;3,23;15,43;11;0,1228
17/01/2023 06:30:00;32;27;22,94;14,77;5,93;8,17;11,78;11;0,1741
17/01/2023 07:30:00;33;28;23,81;14;5,65;9,82;11,7;11;0,2251
17/01/2023 08:30:00;41;35;20,87;12,05;4,63;8,81;14,52;12;0,2918
17/01/2023 09:30:00;23;19;9,83;7,6;3,99;2,24;32,12;11;0,1774
17/01/2023 10:30:00;23;19;5,99;4,5;4,73;1,49;43,51;12;0,1489
17/01/2023 11:30:00;33;28;5,7;4,3;3,84;1,41;42,73;8;0,1356
17/01/2023 12:30:00;23;19;3,5;2,5;3,73;1;44,89;5;0,13
17/01/2023 13:30:00;23;19;4,26;2,89;3,73;1,37;42,6;6;0,1286
17/01/2023 14:30:00;19;19;2,35;1,57;3,71;0,78;41,17;7;0,1081
17/01/2023 15:30:00;17;19;5,94;3,75;3,26;2,19;36,9;6;0,118
17/01/2023 16:30:00;21;23;4,72;3,73;3,31;0,99;34,5;6;0,1601
17/01/2023 17:30:00;19;16;4,17;2,83;3,19;1,34;35,06;6;0,1831
17/01/2023 18:30:00;24;20;8,18;5,53;3,5;2,65;31,18;5;0,2172
17/01/2023 19:30:00;25;21;8,37;5,94;3,34;2,43;31,2;6;0,2086
17/01/2023 20:30:00;18;15;2,79;2,27;3,43;0,53;34,72;10;0,1168
17/01/2023 21:30:00;22;19;8,99;6,88;3,35;2,11;25,76;9;0,1959
17/01/2023 22:30:00;22;19;10,97;9,04;3,49;1,93;19,76;8;0,1738
17/01/2023 23:30:00;21;18;8,27;7,55;3,34;0,72;20,4;12;0,1825
18/01/2023 00:30:00;20;17;6,41;5,79;3,71;0,62;21,71;8;0,1369
18/01/2023 01:30:00;27;23;4,68;3,24;3,48;1,44;19,57;6;0,1547
18/01/2023 02:30:00;19;16;5,39;4,76;3,38;0,62;18,6;6;0,1153
18/01/2023 03:30:00;18;15;1,25;0,83;3,25;0,42;20,86;7;0,0982
18/01/2023 04:30:00;21;18;2,84;2,23;3,39;0,61;18,71;8;0,1047
18/01/2023 05:30:00;26;22;1,96;1,39;3,19;0,58;16,17;8;0,1313
18/01/2023 06:30:00;32;27;7,38;4,71;3,33;2,68;11,91;14;0,1696
18/01/2023 07:30:00;33;28;14,08;5,79;3,37;8,29;9,98;11;0,24
18/01/2023 08:30:00;28;24;11,99;7,21;3,6;4,78;16,15;9;0,25
18/01/2023 09:30:00;22;19;8,43;5,82;3,43;2,6;23,66;13;0,1804
18/01/2023 10:30:00;19;16;2,15;1,38;3,39;0,77;39,84;7;0,1034
18/01/2023 11:30:00;33;27;34,4;16,42;57,03;17,98;23,01;16;0,1691
18/01/2023 12:30:00;37;36;43,94;20,72;110,65;23,22;19,19;18;0,1145
18/01/2023 13:30:00;28;19;5,58;5,22;14,65;0,37;45,21;18;0,1134
18/01/2023 14:30:00;18;22;;;8,54;0,59;47,56;;0,0769
18/01/2023 15:30:00;22;18;;;7,11;0,86;47,07;3;0,0591
18/01/2023 16:30:00;22;21;3,73;2,29;5,74;1,44;40,13;3;0,0975
18/01/2023 17:30:00;26;22;2,85;1,82;5,29;1,02;40,61;9;0,1025
18/01/2023 18:30:00;28;26;2,94;1,76;4,02;1,19;32,92;9;0,1219
18/01/2023 19:30:00;22;19;3,41;1,76;3,68;1,65;26,52;11;0,1056
18/01/2023 20:30:00;31;26;1,91;1,34;3,61;0,57;28,23;12;0,1264
18/01/2023 21:30:00;33;28;0,78;0,58;3,76;0,2;27,59;10;0,1144
18/01/2023 22:30:00;27;23;1,29;1,23;3,95;0,06;28,35;9;0,1178
18/01/2023 23:30:00;18;15;0,79;0,6;3,54;0,19;27,75;8;0,1509
19/01/2023 00:30:00;16;14;3,13;1,73;5,61;1,4;20,47;7;0,0947
19/01/2023 01:30:00;18;15;3,61;2,78;5,79;0,83;20,81;4;0,0992
19/01/2023 02:30:00;11;9;0,67;0,47;4,32;0,2;25,88;6;0,1033
19/01/2023 03:30:00;16;14;1,42;1,3;4,1;0,12;20,85;6;0,1153
19/01/2023 04:30:00;16;14;0,85;0,26;4,41;0,59;19,54;4;0,1209
19/01/2023 05:30:00;17;15;0,75;0,39;3,86;0,36;17,29;3;0,1319
19/01/2023 06:30:00;28;24;2,08;1,02;3,95;1,07;14,59;6;0,1867
19/01/2023 07:30:00;27;23;3,51;1,38;4,03;2,12;13,54;12;0,2394
19/01/2023 08:30:00;31;26;4,59;2,02;5,96;2,56;15,28;17;0,2654
19/01/2023 09:30:00;23;19;2,42;1,08;4,72;1,34;26,29;10;0,1406
19/01/2023 10:30:00;31;;4,58;2,86;38,26;1,72;36,26;10;0,2554
19/01/2023 11:30:00;17;14;2,79;1,44;18,1;1,35;27,3;6;0,2629
19/01/2023 12:30:00;11;9;1,34;0,2;6,85;1,14;28,94;6;0,2234
19/01/2023 13:30:00;17;14;;;4,96;0,43;30,68;2;0,0967
19/01/2023 14:30:00;21;18;;;4,01;0,53;33,58;2;0,0814
19/01/2023 15:30:00;16;14;;;4,56;0,46;31,65;4;0,0489
19/01/2023 16:30:00;15;13;;;4,29;0,76;27,76;7;0,1445
19/01/2023 17:30:00;22;19;;;3,92;1,48;19,93;5;0,1514
19/01/2023 18:30:00;19;16;;;4,45;0,82;18,73;5;0,1304
19/01/2023 19:30:00;26;22;;;4,27;1,2;16,3;6;0,1556
19/01/2023 20:30:00;25;21;;;4,25;0,73;17,43;6;0,1327
19/01/2023 21:30:00;27;23;;;6,75;1,79;11,81;6;0,1523
19/01/2023 22:30:00;17;14;;;4,21;0,81;11,58;5;0,1476
19/01/2023 23:30:00;24;20;;;4,53;1,58;10,07;8;0,1573
20/01/2023 00:30:00;27;23;;;4,17;1,5;8,96;8;0,163
20/01/2023 01:30:00;29;25;;;4,01;0,8;9,18;8;0,1484
20/01/2023 02:30:00;27;23;;;4,1;0,84;9,39;4;0,1411
20/01/2023 03:30:00;28;24;;;3,83;0,83;10,15;11;0,136
20/01/2023 04:30:00;36;31;;;3,56;0,92;9,88;7;0,1259
20/01/2023 05:30:00;27;23;;;3,55;0,51;9,83;7;0,1227
20/01/2023 06:30:00;26;22;;;3,85;1,33;10,41;7;0,1563
20/01/2023 07:30:00;23;19;;;3,54;1,24;9,55;5;0,1749
20/01/2023 08:30:00;29;25;;;3,73;0,82;11,99;8;0,1786
20/01/2023 09:30:00;26;22;;;7,99;0,74;17,71;6;0,1186
20/01/2023 10:30:00;29;25;;;46,09;2,19;14,21;13;0,0952
20/01/2023 11:30:00;28;20;;;61,16;0,66;14,59;11;0,061
20/01/2023 12:30:00;21;14;;;22,06;;26,47;6;0,0238
20/01/2023 13:30:00;22;15;;;12,42;;39,73;2;
20/01/2023 14:30:00;27;18;;;8,41;;38,1;3;0,0302
20/01/2023 15:30:00;30;28;;;45,1;22,69;22,27;7;0,069
20/01/2023 16:30:00;27;23;6,43;0,05;17,29;6,38;24,24;3;0,0741
20/01/2023 17:30:00;29;27;7,09;0,38;33,79;6,71;17,57;9;0,0794
20/01/2023 18:30:00;37;29;9,69;1,92;65,31;7,78;12,63;13;0,1161
20/01/2023 19:30:00;28;26;6,84;0,72;25,88;6,13;18,47;10;0,1002
20/01/2023 20:30:00;27;20;6,63;0,64;20,17;5,99;17,44;8;0,1242
20/01/2023 21:30:00;24;23;;;10,71;5,89;18,97;12;0,1234
20/01/2023 22:30:00;25;22;;;8,81;5,88;19,74;10;0,1068
20/01/2023 23:30:00;24;24;5,95;0,17;8,07;5,78;15,22;8;0,1362
21/01/2023 00:30:00;25;21;;;6,73;5,96;12,49;5;0,1426
21/01/2023 01:30:00;28;24;5,85;0,05;6,32;5,8;11,64;4;0,1338
21/01/2023 02:30:00;28;24;;;6,11;6,21;11,91;6;0,1151
21/01/2023 03:30:00;28;24;;;5,79;5,75;11,61;7;0,1058
21/01/2023 04:30:00;32;27;;;5,72;5,98;11,92;5;0,0916
21/01/2023 05:30:00;26;22;;;5,65;6,02;11,6;5;0,0927
21/01/2023 06:30:00;30;26;;;5,93;5,98;10,8;9;0,1046
21/01/2023 07:30:00;30;26;;;5,8;6,87;8,89;6;0,1163
21/01/2023 08:30:00;23;20;;;5,45;5,93;16,52;5;0,0721
21/01/2023 09:30:00;27;23;;;5,83;5,66;24,43;4;0,0846
21/01/2023 10:30:00;26;22;7,76;0,8;57,95;6,96;13,27;12;0,0869
21/01/2023 11:30:00;39;33;6,91;0,52;63,7;6,4;22,11;9;0,0743
21/01/2023 12:30:00;34;29;7,07;1,33;62,09;5,75;29,81;10;0,0689
21/01/2023 13:30:00;27;23;;;16,75;5,62;44,23;6;0,0641
21/01/2023 14:30:00;37;32;5,91;0,27;21,91;5,64;42,95;8;0,0642
21/01/2023 15:30:00;33;28;;;15,41;6,15;41,62;12;0,0556
21/01/2023 16:30:00;29;25;6,48;0,07;14,05;6,41;39,32;9;0,0559
21/01/2023 17:30:00;33;28;;;25,53;5,7;34,92;349;0,0776
21/01/2023 18:30:00;41;35;;;13,32;5,86;39,45;12;0,0973
21/01/2023 19:30:00;42;36;;;18,82;5,76;27,62;15;0,1276
21/01/2023 20:30:00;53;45;;;27,58;6,06;16,98;14;0,1577
21/01/2023 21:30:00;43;37;;;12,03;6,02;28,81;10;0,1386
21/01/2023 22:30:00;27;23;;;9,6;5,61;51,66;10;0,1177
21/01/2023 23:30:00;21;18;;;8,02;6,08;58,19;6;0,1064
22/01/2023 00:30:00;26;22;;;7,37;5,53;53,1;6;0,1182
22/01/2023 01:30:00;25;21;;;6,69;6,12;38,06;6;0,1126
22/01/2023 02:30:00;26;22;;;6,5;5,79;26,14;4;0,1146
22/01/2023 03:30:00;32;27;;;5,96;5,64;27,78;9;0,0988
22/01/2023 04:30:00;25;21;;;5,67;5,94;26,91;7;0,0964
22/01/2023 05:30:00;28;24;;;5,62;5,95;23,3;9;0,1073
22/01/2023 06:30:00;34;29;;;5,63;5,74;19,31;8;0,1184
22/01/2023 07:30:00;30;26;;;5,66;6,01;18,89;8;0,1356
22/01/2023 08:30:00;27;23;;;5,32;5,83;23,25;7;0,1228
22/01/2023 09:30:00;30;26;;;5,4;5,73;26,26;7;0,1387
22/01/2023 10:30:00;33;28;;;5,23;5,75;37,99;9;0,1444
22/01/2023 11:30:00;32;27;;;5,32;5,71;48,04;7;0,1263
22/01/2023 12:30:00;45;38;;;6,91;5,6;70,76;15;0,1436
22/01/2023 13:30:00;34;29;;;8,69;5,85;66,86;13;0,0889
22/01/2023 14:30:00;25;21;;;6,6;5,44;65,24;8;0,0797
22/01/2023 15:30:00;30;26;;;6,44;6,15;65,95;11;0,0958
22/01/2023 16:30:00;27;23;;;6,45;5,83;67,76;11;0,0823
22/01/2023 17:30:00;33;28;;;5,38;5,83;68,07;11;0,1038
22/01/2023 18:30:00;36;31;;;4,91;5,59;67,66;13;0,1216
22/01/2023 19:30:00;39;33;;;4,77;6,07;60,56;12;0,173
22/01/2023 20:30:00;41;35;;;4,89;5,77;54,84;8;0,1858
22/01/2023 21:30:00;35;30;;;5;6,1;41,13;23;0,2489
22/01/2023 22:30:00;32;27;;;5,11;6,13;38,74;11;0,1697
22/01/2023 23:30:00;25;21;;;5,29;5,87;43,17;16;0,1513
23/01/2023 00:30:00;23;20;;;4,7;5,37;41,49;12;0,1421
23/01/2023 01:30:00;28;24;;;4,77;6,04;41,19;12;0,1305
23/01/2023 02:30:00;35;30;;;4,81;5,95;39,97;14;0,1266
23/01/2023 03:30:00;36;31;;;5,12;5,48;36,46;8;0,1199
23/01/2023 04:30:00;32;27;;;4,86;6,4;29,18;13;0,1292
23/01/2023 05:30:00;36;31;;;4,99;5,54;23,84;15;0,142
23/01/2023 06:30:00;46;39;;;4,35;6,02;17,06;19;0,1826
23/01/2023 07:30:00;42;36;;;4,28;6,03;15,48;12;0,2423
23/01/2023 08:30:00;36;31;;;4,91;6,23;27,67;9;0,2201
23/01/2023 09:30:00;30;26;;;5,91;5,23;66,06;6;0,1459
23/01/2023 10:30:00;28;24;;;6,86;5,94;79,22;8;0,1199
23/01/2023 11:30:00;34;29;6,52;0,86;7,61;5,66;78,24;8;0,1095
23/01/2023 12:30:00;32;27;9,22;3,72;8,16;5,5;84,63;7;0,1223
23/01/2023 13:30:00;29;25;9,21;3,38;7,85;5,83;80,65;6;0,1151
23/01/2023 14:30:00;27;23;;;6,93;;71,9;11;0,1239
23/01/2023 15:30:00;30;26;;;5,72;;60,55;12;0,1418
23/01/2023 16:30:00;29;25;;;5,09;;58,35;16;0,2973
23/01/2023 17:30:00;25;23;46,33;41,05;4,17;5,28;49,03;17;0,3139
23/01/2023 18:30:00;25;24;41,12;31,08;4,47;10,03;51,84;8;0,3084
23/01/2023 19:30:00;29;23;31,55;27,9;4,48;3,65;47,02;7;0,2054
23/01/2023 20:30:00;26;25;27,74;23,98;4,02;3,75;46,92;16;0,1741
23/01/2023 21:30:00;22;20;20,09;17,6;3,9;2,49;48,49;10;0,1526
23/01/2023 22:30:00;27;26;26,63;23,54;4,11;3,09;35,47;9;0,1618
23/01/2023 23:30:00;26;24;19,64;16,78;4,14;2,86;38,13;9;0,1366
24/01/2023 00:30:00;25;23;12,26;9,83;4,46;2,43;45,57;8;0,1277
24/01/2023 01:30:00;29;26;13,66;11;4,58;2,67;40,95;7;0,1079
24/01/2023 02:30:00;23;22;15,49;12,74;4,25;2,75;32,96;9;0,1039
24/01/2023 03:30:00;27;26;12,94;10,13;4,18;2,81;32,1;7;0,1
24/01/2023 04:30:00;32;30;13,99;10,81;4,12;3,18;27,41;9;0,1175
24/01/2023 05:30:00;23;22;12,16;9,18;4,28;2,98;26,58;16;0,1367
24/01/2023 06:30:00;32;30;19,43;12,96;4,54;6,46;20,58;5;0,1778
24/01/2023 07:30:00;36;27;35,08;19,25;4,74;15,83;16,36;7;0,221
24/01/2023 08:30:00;54;31;33,84;22,49;5,01;11,35;28,19;6;0,2124
24/01/2023 09:30:00;32;26;33,96;22,75;21,75;11,21;49,76;8;0,1287
24/01/2023 10:30:00;49;41;100,76;55,82;125,78;44,94;22,85;23;0,1179
24/01/2023 11:30:00;41;31;77,96;54,37;127,97;23,59;35,74;14;0,1206
24/01/2023 12:30:00;47;32;54,64;41,49;95,63;13,15;54,86;12;0,1275
24/01/2023 13:30:00;35;25;19,92;15,88;29,47;4,03;75,19;12;0,1165
24/01/2023 14:30:00;42;25;12,87;9,92;15,97;2,95;77,45;10;0,1148
24/01/2023 15:30:00;37;31;10,01;7,5;11,34;2,51;76,97;9;0,1023
24/01/2023 16:30:00;33;21;10,45;7,69;9,81;2,76;77,69;10;0,0942
24/01/2023 17:30:00;33;27;11,25;8,33;7,38;2,91;73,69;8;0,1093
24/01/2023 18:30:00;33;32;14,87;10,51;5,42;4,36;59,03;6;0,1604
24/01/2023 19:30:00;58;37;18,06;13,06;5,2;4,99;49,44;14;0,1532
24/01/2023 20:30:00;46;35;14,94;12,18;5,45;2,76;46,84;17;0,1469
24/01/2023 21:30:00;33;26;19,74;15,52;6,17;4,22;41,32;11;0,1548
24/01/2023 22:30:00;27;27;21,02;18,19;6,27;2,83;40,37;9;0,1536
24/01/2023 23:30:00;27;26;22,11;19,03;5,3;3,08;38,64;11;0,1357
25/01/2023 00:30:00;36;35;16,93;14,08;5,17;2,85;40,12;21;0,1227
25/01/2023 01:30:00;34;27;19,03;16,05;5,28;2,98;32,85;10;0,124
25/01/2023 02:30:00;52;49;22,04;18,81;4,87;3,23;22,93;34;0,1809
25/01/2023 03:30:00;38;37;26,19;20,89;4,65;5,3;15,21;18;0,1761
25/01/2023 04:30:00;32;27;25,75;18,85;4,72;6,89;13,69;15;0,1556
25/01/2023 05:30:00;31;27;21,74;16,99;4,72;4,75;16,18;16;0,1425
25/01/2023 06:30:00;28;26;22,04;14,86;4,95;7,18;17,87;15;0,1714
25/01/2023 07:30:00;31;25;28,09;18,69;4,75;9,4;23,64;13;0,2094
25/01/2023 08:30:00;50;36;22,35;16,37;5,19;5,98;41,83;12;0,1797
25/01/2023 09:30:00;39;23;17,24;12,76;7,33;4,48;61,13;;0,1522
25/01/2023 10:30:00;53;29;14,71;11,29;8,03;3,41;74;;0,1438
25/01/2023 11:30:00;62;51;;;;;;13;
25/01/2023 12:30:00;48;41;13,02;9,74;13,38;3,28;78,6;19;0,1131
25/01/2023 13:30:00;55;43;12,37;9,15;10,67;3,22;74,75;10;0,1263
25/01/2023 14:30:00;54;36;11,81;8,91;9,11;2,9;85;8;0,1258
25/01/2023 15:30:00;49;36;12,72;9,36;9,45;3,36;80,75;7;0,1089
25/01/2023 16:30:00;46;39;13,4;10,53;10,71;2,87;83,51;7;0,1085
25/01/2023 17:30:00;43;39;23,86;19,45;16,54;4,41;82,7;13;0,1158
25/01/2023 18:30:00;52;40;20,08;15,8;6,31;4,28;80,87;14;0,1974
25/01/2023 19:30:00;52;45;16,19;13,34;4,42;2,85;70,27;12;0,1673
25/01/2023 20:30:00;48;39;15,81;13,02;4,37;2,8;60,53;17;0,1796
25/01/2023 21:30:00;38;38;13,35;10,64;4,25;2,71;58,77;11;0,1557
25/01/2023 22:30:00;41;36;21,02;18,21;6,61;2,81;51,22;12;0,1794
25/01/2023 23:30:00;34;32;20,83;17,87;6,33;2,97;48,59;17;0,1744
26/01/2023 00:30:00;37;31;20,46;17,25;4,87;3,21;45,46;17;0,1547
26/01/2023 01:30:00;36;34;19,54;16,44;4,71;3,1;44,08;17;0,1368
26/01/2023 02:30:00;38;35;18,58;15,39;5,02;3,2;38,99;14;0,1362
26/01/2023 03:30:00;35;34;18;14,94;4,56;3,06;36,84;17;0,1317
26/01/2023 04:30:00;34;32;16,68;13,76;4,67;2,92;35,41;15;0,1361
26/01/2023 05:30:00;35;32;18,77;15,45;4,48;3,32;31,9;20;0,1366
26/01/2023 06:30:00;42;36;27,85;20,2;4,45;7,65;23,45;15;0,1846
26/01/2023 07:30:00;38;38;29,11;20,41;4,18;8,71;22,8;12;0,2096
26/01/2023 08:30:00;44;29;23,34;17,37;8,24;5,96;40,6;8;0,1639
26/01/2023 09:30:00;38;28;15,38;10,9;7,24;4,48;55,11;9;0,1289
26/01/2023 10:30:00;52;38;43,4;30,05;52,54;13,35;44,67;15;0,1234
26/01/2023 11:30:00;58;46;73,92;47,15;160,87;26,76;35,69;13;0,1108
26/01/2023 12:30:00;59;37;23,19;18,39;48,82;4,79;69,1;11;0,1073
26/01/2023 13:30:00;69;46;11,28;8,43;14,29;2,85;78,56;8;0,112
26/01/2023 14:30:00;81;47;13,49;10,01;14,81;3,47;73,61;6;0,0997
26/01/2023 15:30:00;81;48;20,41;15,25;24,76;5,15;67,95;5;0,0949
26/01/2023 16:30:00;68;48;21,33;16,62;21,63;4,71;66,96;9;0,0995
26/01/2023 17:30:00;59;40;22,22;17,94;22,2;4,28;62,59;10;0,0859
26/01/2023 18:30:00;47;38;14,33;10,83;8,54;3,49;64,55;9;0,1022
26/01/2023 19:30:00;47;36;27,14;18,78;9,09;8,36;53,19;15;0,1269
26/01/2023 20:30:00;44;33;16,98;12,72;8,79;4,26;55,69;15;0,1132
26/01/2023 21:30:00;35;33;13,43;10,25;6,55;3,18;55,81;13;0,1134
26/01/2023 22:30:00;35;30;19,14;16,17;9,98;2,98;50,93;16;0,1131
26/01/2023 23:30:00;33;;17,7;14,83;7,77;2,88;51,65;5;0,1154
27/01/2023 00:30:00;21;20;11,63;8,99;5,92;2,64;55,54;9;0,0912
27/01/2023 01:30:00;26;20;9,93;7,24;5,44;2,69;56,91;9;0,0755
27/01/2023 02:30:00;24;23;12,16;9,37;5,49;2,79;49,4;7;0,0711
27/01/2023 03:30:00;22;18;11,17;8,3;5,24;2,88;49,75;10;0,0639
27/01/2023 04:30:00;20;13;11,48;8,55;5,02;2,93;50,46;9;0,0637
27/01/2023 05:30:00;25;23;12,6;9,87;4,93;2,74;47,2;7;0,0708
27/01/2023 06:30:00;25;22;18,97;15,28;4,73;3,69;41,55;9;0,0926
27/01/2023 07:30:00;32;25;23,86;19,39;5,19;4,47;38,64;9;0,1359
27/01/2023 08:30:00;42;33;30,17;23,97;4,98;6,2;37,99;6;0,16
27/01/2023 09:30:00;42;28;53,57;34,95;82,13;18,62;31,94;13;0,1279
27/01/2023 10:30:00;44;34;38,18;28,25;75,7;9,93;45,29;7;0,0963
27/01/2023 11:30:00;50;38;46,27;33,53;82,63;12,74;49,4;9;0,1061
27/01/2023 12:30:00;62;42;42,82;32,14;104,09;10,68;59,91;8;0,1069
27/01/2023 13:30:00;83;43;25,55;19,29;51,27;6,26;70,88;9;0,0995
27/01/2023 14:30:00;76;47;26,37;20,32;47,94;6,05;68,94;10;0,1048
27/01/2023 15:30:00;74;47;24,04;18,89;40,54;5,15;69,95;11;0,0881
27/01/2023 16:30:00;70;44;20,05;15,15;24,74;4,9;61,97;10;0,0715
27/01/2023 17:30:00;59;41;18,53;14,07;18,73;4,46;56,26;7;0,0736
27/01/2023 18:30:00;49;40;14,86;11,44;10,25;3,42;53,43;8;0,0937
27/01/2023 19:30:00;43;37;13,7;10,8;8,94;2,9;50,57;8;0,1094
27/01/2023 20:30:00;38;30;14,94;11,99;8,88;2,95;46,43;6;0,1179
27/01/2023 21:30:00;43;31;18,31;14,81;12,08;3,51;43,34;12;0,1172
27/01/2023 22:30:00;36;31;20,43;17,12;14,87;3,31;39,25;13;0,114
27/01/2023 23:30:00;28;26;21,45;18,14;16,82;3,31;36,63;9;0,1447
28/01/2023 00:30:00;29;28;14,38;11,32;9;3,06;39,67;6;0,0999
28/01/2023 01:30:00;30;21;11,73;9,17;7,45;2,56;41,58;10;0,0864
28/01/2023 02:30:00;26;23;11,23;8,22;6,74;3,01;40,44;8;0,0818
28/01/2023 03:30:00;26;24;11,34;8,53;5,9;2,81;39,3;11;0,0862
28/01/2023 04:30:00;28;28;10,36;7,51;5,65;2,85;40,18;11;0,0832
28/01/2023 05:30:00;33;26;11,68;8,87;5,52;2,81;41,53;11;0,0833
28/01/2023 06:30:00;28;;15,88;12,38;5,38;3,5;39,66;14;0,0915
28/01/2023 07:30:00;27;26;13,84;10,24;5,09;3,6;45,52;9;0,0916
28/01/2023 08:30:00;30;21;11,24;7,82;5,54;3,42;55,99;7;0,1036
28/01/2023 09:30:00;30;27;9,45;6,54;6,6;2,91;60,93;8;0,0927
28/01/2023 10:30:00;45;26;11,14;7,97;8,2;3,18;68,16;11;0,0933
28/01/2023 11:30:00;56;38;19,29;15,02;20,97;4,26;75,86;17;0,1169
28/01/2023 12:30:00;69;45;39,27;30,14;56,06;9,14;69,62;14;0,1111
28/01/2023 13:30:00;62;50;37,78;30,84;82,62;6,94;80,49;27;0,1174
28/01/2023 14:30:00;52;40;18,82;15,06;34,25;3,76;88,16;13;0,1231
28/01/2023 15:30:00;54;39;16,61;11,24;19,6;5,37;79,41;15;0,0917
28/01/2023 16:30:00;52;41;20,15;12,69;10,54;7,46;70,6;12;0,0867
28/01/2023 17:30:00;43;41;11,68;8,81;7,5;2,87;62,95;10;0,099
28/01/2023 18:30:00;63;51;11,75;8,98;5,96;2,77;60,79;25;0,1956
28/01/2023 19:30:00;61;41;14,83;11,97;5,71;2,86;55,34;17;0,166
28/01/2023 20:30:00;63;41;13,23;10,61;6,15;2,62;58,56;13;0,1552
28/01/2023 21:30:00;48;42;11,67;8,98;6,07;2,7;64,39;15;0,149
28/01/2023 22:30:00;39;39;14,31;11,48;5,79;2,82;61,02;12;0,1913
28/01/2023 23:30:00;42;39;15,85;13,14;5,68;2,71;56,38;15;0,183
29/01/2023 00:30:00;49;44;20,44;17,31;5,97;3,12;46,18;18;0,1854
29/01/2023 01:30:00;45;39;20,59;17,19;5,88;3,4;40,02;16;0,1885
29/01/2023 02:30:00;45;43;20,46;17,18;8,81;3,28;45,15;16;0,1836
29/01/2023 03:30:00;46;43;19,29;16,06;8,52;3,23;40,56;16;0,1763
29/01/2023 04:30:00;42;39;18,66;15,23;7,87;3,43;32,99;20;0,1865
29/01/2023 05:30:00;37;35;17,64;14,71;7,32;2,93;32,93;19;0,1646
29/01/2023 06:30:00;43;42;16,9;13,5;7,67;3,39;34,1;25;0,2281
29/01/2023 07:30:00;47;39;15,14;11,42;6,91;3,72;32,16;20;0,1983
29/01/2023 08:30:00;57;46;16,46;11,94;6,52;4,52;29,6;23;0,2333
29/01/2023 09:30:00;45;45;17,44;12,86;6,05;4,58;32,88;33;0,2037
29/01/2023 10:30:00;34;32;11,91;8,63;5,23;3,29;55,15;13;0,1576
29/01/2023 11:30:00;37;31;11,69;8,48;4,89;3,2;65,77;19;0,1562
29/01/2023 12:30:00;38;37;10,95;7,88;5,2;3,07;68,69;96;0,1713
29/01/2023 13:30:00;35;22;10,28;7,23;4,85;3,05;75,9;12;0,1523
29/01/2023 14:30:00;26;25;9,89;7;4,91;2,88;72,4;13;0,1314
29/01/2023 15:30:00;25;22;10,16;7,31;5,32;2,85;65,51;10;0,1394
29/01/2023 16:30:00;19;17;14,93;10,94;5,21;3,99;59,11;10;0,1377
29/01/2023 17:30:00;18;18;13,23;9,86;5,2;3,37;58,25;11;0,1324
29/01/2023 18:30:00;23;22;19,07;15,29;5,02;3,79;47,23;14;0,1852
29/01/2023 19:30:00;23;21;26,25;22,71;5,34;3,54;38,28;13;0,2159
29/01/2023 20:30:00;26;26;20,67;17,45;5,33;3,22;39,35;14;0,2281
29/01/2023 21:30:00;23;30;18,88;15,09;5,39;3,79;38,83;9;0,2009
29/01/2023 22:30:00;24;22;16,57;13,06;5,19;3,5;38,8;9;0,1702
29/01/2023 23:30:00;30;27;16,2;13,08;4,71;3,12;38,01;13;0,1597
30/01/2023 00:30:00;29;27;14,26;11,07;4,82;3,18;36,95;11;0,1478
30/01/2023 01:30:00;29;29;15,42;12,18;4,75;3,24;31,34;13;0,1433
30/01/2023 02:30:00;42;37;18,87;15,21;4,74;3,66;23,67;22;0,1379
30/01/2023 03:30:00;31;30;15,6;12,16;4,76;3,44;22,81;10;0,1438
30/01/2023 04:30:00;31;30;15,28;11,75;4,39;3,54;22,74;10;0,1612
30/01/2023 05:30:00;32;29;19,17;15,39;4,45;3,78;18,65;15;0,1639
30/01/2023 06:30:00;37;35;23,48;16,67;4,62;6,81;18,3;18;0,1719
30/01/2023 07:30:00;28;;22,61;14,7;4,75;7,91;29,65;10;0,16
30/01/2023 08:30:00;19;20;16,41;11,91;4,71;4,5;52,45;8;0,1382
30/01/2023 09:30:00;32;18;18,11;13,48;4,55;4,63;50,33;7;0,1402
30/01/2023 10:30:00;27;23;15,1;11,08;4,55;4,02;61,14;9;0,1265
30/01/2023 11:30:00;22;22;13,75;9,07;5,21;4,68;68,04;7;0,1151
30/01/2023 12:30:00;24;19;11,19;7,38;5,9;3,81;71,03;4;0,1037
30/01/2023 13:30:00;27;18;12,02;8,08;7;3,94;63,42;3;0,1037
30/01/2023 14:30:00;27;26;13,56;9,35;6,18;4,21;60,61;4;0,0774
30/01/2023 15:30:00;37;34;12,79;9,54;5,1;3,25;63,91;19;0,2444
30/01/2023 16:30:00;24;21;11,4;7,92;4,51;3,48;70,16;9;0,1655
30/01/2023 17:30:00;34;27;19,75;15,03;7,01;4,72;68,79;16;0,1851
30/01/2023 18:30:00;26;21;23,02;18,94;9,35;4,08;58,94;8;0,1918
30/01/2023 19:30:00;23;23;22,08;18,8;5,63;3,28;51,28;7;0,1713
30/01/2023 20:30:00;21;18;21,14;18,02;5,7;3,12;49,75;7;0,1647
30/01/2023 21:30:00;25;22;26,83;23,29;5,48;3,54;36,94;10;0,1639
30/01/2023 22:30:00;35;30;32,87;28,48;4,93;4,39;21,83;17;0,2271
30/01/2023 23:30:00;32;23;33,48;27,97;5,19;5,51;18,08;13;0,1974
31/01/2023 00:30:00;27;20;18,58;15,46;4,83;3,12;28,67;11;0,1398
31/01/2023 01:30:00;21;20;17,28;14,08;4,5;3,2;28,01;9;0,1267
31/01/2023 02:30:00;38;35;20,77;17,17;4,46;3,6;23,68;19;0,1434
31/01/2023 03:30:00;35;;19,17;15,36;4,5;3,81;20,6;12;0,1519
31/01/2023 04:30:00;34;;15,43;12,34;4,32;3,09;23,33;9;0,1532
31/01/2023 05:30:00;27;26;15,03;11,92;4,85;3,11;23,75;15;0,1536
31/01/2023 06:30:00;29;27;28,35;17,33;4,92;11,02;16,61;12;0,2026
31/01/2023 07:30:00;34;27;35,79;18,88;5,12;16,91;15,5;12;0,2803
31/01/2023 08:30:00;43;39;37,72;21,85;4,61;15,87;19,63;9;0,3424
31/01/2023 09:30:00;44;35;34,46;24,33;4,48;10,14;32,54;8;0,2904
31/01/2023 10:30:00;42;34;31,52;24,28;5,83;7,23;51,42;9;0,2485
31/01/2023 11:30:00;38;31;22,73;17,29;7,47;5,43;75,89;16;0,1917
31/01/2023 12:30:00;39;27;17,08;12,86;11,53;4,21;85,06;15;0,1497
31/01/2023 13:30:00;59;49;13,49;10;9,73;3,49;90,45;18;0,1772
31/01/2023 14:30:00;49;38;13,61;9,9;8,33;3,71;82,32;17;0,1734
31/01/2023 15:30:00;50;40;14,85;11,04;6,94;3,81;78,61;17;0,1521
31/01/2023 16:30:00;41;32;23,37;19,51;5,97;3,86;65;16;0,2052
31/01/2023 17:30:00;33;31;36,97;30,91;9,22;6,06;50,13;21;0,2424
31/01/2023 18:30:00;24;18;30,79;26,07;5,95;4,72;50,36;14;0,2471
31/01/2023 19:30:00;24;12;28,4;21,55;5,06;6,86;51,66;11;0,2094
31/01/2023 20:30:00;22;20;28,77;24,04;5,13;4,73;46,36;9;0,1957
31/01/2023 21:30:00;35;30;31,45;27,53;5,02;3,92;36,28;12;0,2517
31/01/2023 22:30:00;24;;32,26;28,4;4,68;3,86;33,13;10;0,231
31/01/2023 23:30:00;21;;19,7;15,86;4,43;3,84;44;11;0,1724
01/02/2023 00:30:00;28;23;17,97;14,89;4,5;3,08;38,34;11;0,1673
01/02/2023 01:30:00;29;17;15,65;12,58;4,39;3,06;34,67;7;0,1486
01/02/2023 02:30:00;28;21;16,51;13,27;4,46;3,24;27,34;6;0,1459
01/02/2023 03:30:00;31;27;17,11;13,77;4,13;3,34;24,37;6;0,1327
01/02/2023 04:30:00;30;28;16,34;12,92;4,83;3,42;21,48;9;0,1527
01/02/2023 05:30:00;26;24;15,3;11,7;4,32;3,6;20,95;10;0,177
01/02/2023 06:30:00;30;26;18,4;12,74;4,6;5,66;18,77;8;0,1887
01/02/2023 07:30:00;32;28;25,09;14,29;4,44;10,79;17;6;0,2451
01/02/2023 08:30:00;39;30;33,46;19,36;4,71;14,1;21,19;5;0,2863
01/02/2023 09:30:00;46;33;33,73;24,81;15,42;8,92;42,84;16;0,221
01/02/2023 10:30:00;47;37;17,75;13,62;13,64;4,13;85,91;20;0,1755
01/02/2023 11:30:00;51;42;14,65;10,79;11,88;3,86;97,12;27;0,1649
01/02/2023 12:30:00;40;35;11,96;8,46;10,88;3,5;95,96;20;0,152
01/02/2023 13:30:00;43;37;12,72;8,75;10,4;3,98;90,76;20;0,1252
01/02/2023 14:30:00;41;28;13,1;9,58;9,41;3,52;81,87;16;0,1358
01/02/2023 15:30:00;33;30;16,67;12,6;8,04;4,07;78,19;17;0,1272
01/02/2023 16:30:00;42;33;20,32;15,92;5,85;4,41;66,52;9;0,1465
01/02/2023 17:30:00;43;33;19,29;13,86;5,31;5,43;62,13;14;0,1943
01/02/2023 18:30:00;40;31;21,16;15,85;5,09;5,31;58,11;10;0,173
01/02/2023 19:30:00;45;36;18,06;13,44;4,91;4,61;57,38;17;0,2095
01/02/2023 20:30:00;37;34;14,69;11,45;4,91;3,23;58,04;11;0,1865
01/02/2023 21:30:00;43;32;22,64;18,69;4,79;3,96;49,73;11;0,2069
01/02/2023 22:30:00;41;31;35,73;31,16;5,37;4,58;29,54;18;0,2587
01/02/2023 23:30:00;49;37;32,92;27,67;5,31;5,25;30,63;20;0,2543
02/02/2023 00:30:00;42;;24,31;21,01;5,22;3,3;33,97;20;0,2047
02/02/2023 01:30:00;42;39;21,74;18,38;4,85;3,36;31,46;21;0,1869
02/02/2023 02:30:00;42;37;17,87;14,93;4,76;2,95;31,96;26;0,1675
02/02/2023 03:30:00;40;39;22,68;18,01;4,78;4,67;21,69;17;0,1736
02/02/2023 04:30:00;42;40;21,87;17,42;4,7;4,45;19,98;16;0,1858
02/02/2023 05:30:00;42;40;19,31;14,15;4,33;5,16;23,22;25;0,1833
02/02/2023 06:30:00;46;44;23,34;16,48;4,54;6,86;19,31;22;0,2477
02/02/2023 07:30:00;48;36;31,29;19,53;4,74;11,75;20,74;17;0,3056
02/02/2023 08:30:00;52;46;31,26;22;5,18;9,26;34,87;15;0,3134
02/02/2023 09:30:00;53;42;24,03;18,4;6,76;5,64;56,78;13;0,2133
02/02/2023 10:30:00;43;39;15,5;11,28;13,55;4,22;78,32;13;0,1516
02/02/2023 11:30:00;59;38;16,23;11,67;12,35;4,55;73,69;17;0,1693
02/02/2023 12:30:00;44;26;11,49;7,97;7,41;3,52;67,59;13;0,138
02/02/2023 13:30:00;49;34;13,96;9,74;6,82;4,22;59,88;12;0,1312
02/02/2023 14:30:00;47;32;11,55;7,95;6,66;3,6;59,49;8;0,1264
02/02/2023 15:30:00;45;33;12,45;8,66;6,64;3,8;59,41;12;0,1234
02/02/2023 16:30:00;43;37;11,38;7,86;5,34;3,52;57,83;12;0,1314
02/02/2023 17:30:00;43;32;12,56;8,59;4,53;3,98;58,8;8;0,1497
02/02/2023 18:30:00;28;25;18,2;12,23;4,55;5,97;47,97;5;0,2276
02/02/2023 19:30:00;26;23;21,62;15,47;4,46;6,15;40,99;9;0,1959
02/02/2023 20:30:00;26;22;18,42;13,82;4,71;4,6;41,24;9;0,1691
02/02/2023 21:30:00;32;18;14,18;11,23;4,76;2,94;44,77;11;0,1949
02/02/2023 22:30:00;23;17;13,34;9,87;4,56;3,47;48,69;6;0,1598
02/02/2023 23:30:00;29;21;18,56;15,26;4,86;3,3;41,16;6;0,2086
03/02/2023 00:30:00;25;20;19,54;16,32;4,48;3,22;36;5;0,1962
03/02/2023 01:30:00;18;13;14,99;11,92;4,85;3,07;38,4;8;0,1462
03/02/2023 02:30:00;17;11;10,75;7,96;4,72;2,78;42,72;6;0,1197
03/02/2023 03:30:00;22;21;11,28;8,46;4,71;2,82;35,03;9;0,1355
03/02/2023 04:30:00;19;17;12,39;9,32;4,86;3,07;31,82;6;0,1399
03/02/2023 05:30:00;30;19;15,32;12,04;4,64;3,29;27,83;8;0,1491
03/02/2023 06:30:00;27;27;16,56;12,05;4,98;4,51;27,31;8;0,1899
03/02/2023 07:30:00;30;23;27,39;19,04;4,7;8,35;21,09;5;0,2234
03/02/2023 08:30:00;31;29;29,27;19,9;4,75;9,38;23,49;7;0,2751
03/02/2023 09:30:00;29;26;21,71;15,52;4,69;6,19;29,22;11;0,2303
03/02/2023 10:30:00;29;27;19,95;13,82;5,93;6,13;37,11;10;0,2096
03/02/2023 11:30:00;34;32;18,54;13,09;6,25;5,45;53,98;16;0,2213
03/02/2023 12:30:00;36;35;13,28;9,66;6,6;3,62;75,8;17;0,2061
03/02/2023 13:30:00;35;29;12,83;9,3;7,52;3,53;74,15;19;0,1683
03/02/2023 14:30:00;25;19;11,38;7,65;6,93;3,73;64,68;7;0,1333
03/02/2023 15:30:00;23;21;13,48;9,34;6,11;4,13;54,26;9;0,1211
03/02/2023 16:30:00;28;22;15,03;10,57;5,3;4,46;52,88;7;0,1549
03/02/2023 17:30:00;22;14;31,78;25,56;4,55;6,22;38,08;4;0,2402
03/02/2023 18:30:00;17;17;31,75;25,2;5,15;6,55;43,99;4;0,2843
03/02/2023 19:30:00;17;9;19,74;16,59;4,67;3,15;55,63;2;0,1961
03/02/2023 20:30:00;20;17;22,73;19,33;4,44;3,4;50,81;7;0,2413
03/02/2023 21:30:00;22;14;25,28;21,38;4,58;3,91;44,63;8;0,2644
03/02/2023 22:30:00;17;17;15,64;12,36;4,27;3,27;54;6;0,1801
03/02/2023 23:30:00;26;22;16,18;12,21;4,24;3,97;50,49;3;0,1694
04/02/2023 00:30:00;20;18;14,32;11,18;4,27;3,14;47,98;4;0,1457
04/02/2023 01:30:00;24;21;11,46;8,48;4,35;2,98;48,97;12;0,1282
04/02/2023 02:30:00;23;22;13,28;10,35;4,37;2,93;42,61;8;0,1279
04/02/2023 03:30:00;23;21;10,27;7,26;4,31;3,01;42,29;5;0,1174
04/02/2023 04:30:00;25;21;10,57;7,67;4,01;2,9;39,82;6;0,1153
04/02/2023 05:30:00;28;24;12,5;9,63;4,31;2,87;33,78;10;0,1395
04/02/2023 06:30:00;34;33;15,55;11,56;4,55;3,99;28,5;8;0,1864
04/02/2023 07:30:00;33;31;16,75;11,3;4,73;5,45;25,67;11;0,1965
04/02/2023 08:30:00;32;30;15,76;10,67;5,24;5,09;34,96;12;0,1754
04/02/2023 09:30:00;38;28;10,51;7,17;6,23;3,35;53,42;9;0,1365
04/02/2023 10:30:00;28;22;9,78;6,66;6,87;3,12;62,41;6;0,1196
04/02/2023 11:30:00;29;26;11;7,33;7,62;3,67;68,02;5;0,1152
04/02/2023 12:30:00;29;21;11,25;7,73;6,65;3,52;64,07;11;0,1202
04/02/2023 13:30:00;22;21;8,35;5,2;5,41;3,16;55,91;7;0,1037
04/02/2023 14:30:00;27;21;7,56;4,6;5,92;2,96;57,45;7;0,0716
04/02/2023 15:30:00;27;26;8,91;5,31;6,62;3,6;55,99;5;0,0625
04/02/2023 16:30:00;29;28;9;5,52;6,15;3,49;57,58;1;0,0717
04/02/2023 17:30:00;30;23;9,12;6,12;5,33;3;48,97;3;0,063
04/02/2023 18:30:00;24;19;10,55;7,3;4,61;3,25;44,95;5;0,0953
04/02/2023 19:30:00;24;24;14,62;10,64;4,69;3,97;40,56;7;0,1211
04/02/2023 20:30:00;35;27;14,39;11,13;4,65;3,25;38,95;11;0,1263
04/02/2023 21:30:00;38;34;20,86;17,23;4,56;3,63;30,07;12;0,2048
04/02/2023 22:30:00;34;27;17,18;13,68;4,63;3,51;30,91;9;0,1694
04/02/2023 23:30:00;28;22;13,2;10,16;4,83;3,04;32,69;7;0,1207
05/02/2023 00:30:00;32;19;11,15;8,32;5,03;2,84;30,37;5;0,1112
05/02/2023 01:30:00;32;27;11,73;8,68;4,45;3,05;29,57;8;0,1054
05/02/2023 02:30:00;31;29;14,05;10,74;4,55;3,31;25,52;8;0,1338
05/02/2023 03:30:00;33;24;11,71;8,55;4,21;3,16;24,45;9;0,1068
05/02/2023 04:30:00;24;24;10,75;7,74;4,2;3,01;28,31;9;0,0934
05/02/2023 05:30:00;29;26;12,85;8,98;4,16;3,87;23,97;7;0,0923
05/02/2023 06:30:00;24;21;11,95;8,29;4,29;3,66;25,23;6;0,1019
05/02/2023 07:30:00;29;24;11,44;7,12;4,69;4,32;26,52;6;0,1079
05/02/2023 08:30:00;25;19;9,04;5,28;5,06;3,75;34,39;6;0,0913
05/02/2023 09:30:00;17;16;8,53;5,42;5,19;3,11;45,51;6;0,064
05/02/2023 10:30:00;15;14;7,44;4,48;5,91;2,95;53,14;7;0,0504
05/02/2023 11:30:00;18;11;7,63;4,74;6,39;2,89;56,53;8;0,0544
05/02/2023 12:30:00;22;15;8,07;4,81;7,43;3,26;63,47;8;0,0703
05/02/2023 13:30:00;34;26;12,87;9,17;16,26;3,7;67,16;11;0,076
05/02/2023 14:30:00;32;29;7,37;4,56;7,86;2,81;71,53;6;0,0605
05/02/2023 15:30:00;29;27;8,6;5,25;7,85;3,35;71,05;5;0,069
05/02/2023 16:30:00;30;23;6,89;3,98;7,87;2,91;71,6;7;0,0574
05/02/2023 17:30:00;28;26;8,65;5,4;6,46;3,25;71,19;10;0,0656
05/02/2023 18:30:00;31;24;9,09;6,16;4,78;2,93;63,06;10;0,0675
05/02/2023 19:30:00;40;30;12,91;9,33;4,58;3,58;54,39;9;0,1166
05/02/2023 20:30:00;40;24;17,31;14,64;4,68;2,67;49,9;12;0,166
05/02/2023 21:30:00;32;28;22,39;19,12;4,66;3,27;44,69;8;0,1618
05/02/2023 22:30:00;42;31;26,21;21,94;4,46;4,27;36,16;16;0,2144
05/02/2023 23:30:00;35;34;28,83;25,39;4,64;3,44;26,07;9;0,1755
06/02/2023 00:30:00;35;27;20,78;17,46;4,69;3,32;31,22;9;0,1495
06/02/2023 01:30:00;34;27;16,45;12,8;4,58;3,66;33,37;13;0,1126
06/02/2023 02:30:00;33;28;14,4;11,41;4,65;3;32,85;14;0,0908
06/02/2023 03:30:00;43;40;16,61;13,45;4,62;3,16;28,78;13;0,0813
06/02/2023 04:30:00;37;30;16,09;12,85;4,59;3,24;26,09;10;0,0931
06/02/2023 05:30:00;32;30;14,23;11,11;4,59;3,12;24,99;10;0,0961
06/02/2023 06:30:00;33;27;19,31;13,46;4,75;5,85;18,95;8;0,1363
06/02/2023 07:30:00;36;29;24,42;14,54;5,05;9,88;17,95;9;0,1877
06/02/2023 08:30:00;48;35;32,41;20,4;5,46;12,01;23,68;16;0,2576
06/02/2023 09:30:00;45;35;26,18;19,42;6,54;6,76;47,15;13;0,1713
06/02/2023 10:30:00;40;27;14,56;10,27;7,79;4,3;66,33;10;0,1071
06/02/2023 11:30:00;45;27;15,01;10,42;7,6;4,59;67,53;10;0,1164
06/02/2023 12:30:00;43;37;11,54;7,98;7,9;3,56;67,07;9;0,0886
06/02/2023 13:30:00;43;33;13,46;8,74;7,22;4,72;62,04;9;0,0891
06/02/2023 14:30:00;33;28;12,25;8,26;7,48;4;56,88;13;0,1016
06/02/2023 15:30:00;26;21;12,66;7,83;7,42;4,83;47,09;7;0,0985
06/02/2023 16:30:00;27;18;14,38;8,89;5,96;5,49;44,7;4;0,0804
06/02/2023 17:30:00;28;25;19,33;12,59;5,29;6,74;43,96;6;0,1142
06/02/2023 18:30:00;34;26;25,36;16,33;4,99;9,03;41,17;3;0,2124
06/02/2023 19:30:00;42;26;25,01;19,07;4,61;5,94;37,4;7;0,1345
06/02/2023 20:30:00;45;34;20,62;15,7;4,61;4,92;38,38;8;0,1713
06/02/2023 21:30:00;61;33;28,13;22,2;4,68;5,93;26,16;12;0,2565
06/02/2023 22:30:00;57;48;38,66;31,91;4,62;6,76;13,44;22;0,2699
06/02/2023 23:30:00;36;34;23,37;19,57;4,75;3,8;23,26;9;0,1599
07/02/2023 00:30:00;38;25;16,7;13,66;4,68;3,04;25,99;10;0,1345
07/02/2023 01:30:00;39;32;13,48;10,42;4,56;3,06;27,32;9;0,1109
07/02/2023 02:30:00;37;31;14,57;11,85;4,85;2,72;23,16;14;0,1278
07/02/2023 03:30:00;31;30;12,73;9,33;4,24;3,4;22,03;7;0,1052
07/02/2023 04:30:00;28;28;12,75;9,49;4,4;3,26;20,89;7;0,1085
07/02/2023 05:30:00;32;22;14,85;11,29;4,64;3,57;18,95;9;0,1296
07/02/2023 06:30:00;35;27;19,15;12,15;4,74;7;16,12;10;0,1608
07/02/2023 07:30:00;45;24;33,89;15,95;4,99;17,94;16,04;9;0,2445
07/02/2023 08:30:00;56;39;43,55;23,79;5;19,75;17,37;9;0,2996
07/02/2023 09:30:00;39;26;24,96;18;5,58;6,96;39,01;7;0,1513
07/02/2023 10:30:00;36;29;27,6;18,51;26,39;9,09;46,6;12;0,0874
07/02/2023 11:30:00;60;44;44,28;30,48;50,69;13,8;42,83;13;0,1061
07/02/2023 12:30:00;51;37;16,08;11,56;15,73;4,52;67,44;13;0,1102
07/02/2023 13:30:00;41;25;10,68;6,95;8,35;3,74;60,75;8;0,084
07/02/2023 14:30:00;51;40;14,53;9,74;7,88;4,78;57,74;6;0,0866
07/02/2023 15:30:00;36;24;13,06;8,45;8,09;4,61;61,76;6;0,0878
07/02/2023 16:30:00;38;31;11,48;7,5;7,97;3,99;61,71;14;0,0726
07/02/2023 17:30:00;40;29;13,06;8,79;6,12;4,27;54,12;14;0,1037
07/02/2023 18:30:00;45;33;17,92;11,76;4,98;6,16;46,52;12;0,1604
07/02/2023 19:30:00;43;32;16,72;11,64;4,86;5,08;38,58;13;0,1543
07/02/2023 20:30:00;38;31;14,1;10,43;5,49;3,66;32,68;9;0,1287
07/02/2023 21:30:00;35;33;12,23;8,76;5;3,46;32,11;7;0,1587
07/02/2023 22:30:00;23;20;17,82;13,03;7,95;4,79;37,04;8;0,093
07/02/2023 23:30:00;20;18;17,04;13,33;5,57;3,71;33,34;7;0,0927
08/02/2023 00:30:00;26;24;13,18;10,18;5,32;3;36,27;7;0,0801
08/02/2023 01:30:00;33;28;15,19;11,95;4,75;3,23;34,36;9;0,0903
08/02/2023 02:30:00;33;33;17,33;14,33;4,9;3;26,26;10;0,0991
08/02/2023 03:30:00;34;30;20,84;17,39;5,12;3,45;20,04;10;0,1178
08/02/2023 04:30:00;33;29;17,86;14,37;4,57;3,49;21,24;16;0,1118
08/02/2023 05:30:00;31;26;15,22;11,99;4,66;3,23;23,72;15;0,1315
08/02/2023 06:30:00;32;27;23,71;15,78;4,86;7,93;15,47;11;0,1475
08/02/2023 07:30:00;43;30;34,07;17,59;4,82;16,48;14,64;11;0,2677
08/02/2023 08:30:00;65;42;35,32;20,84;7,64;14,48;21,22;12;0,3043
08/02/2023 09:30:00;44;33;41,53;25,54;37,69;15,99;27;7;0,326
08/02/2023 10:30:00;43;35;77,19;40,09;117,29;37,09;21,56;17;0,1017
08/02/2023 11:30:00;37;28;48,48;33,36;86,4;15,12;39,76;10;0,1014
08/02/2023 12:30:00;38;31;35,59;25,29;61,08;10,31;50,01;12;0,099
08/02/2023 13:30:00;34;26;13,94;9,65;18,45;4,3;67,43;7;0,0892
08/02/2023 14:30:00;44;25;11,87;7,76;13,42;4,1;72,46;8;0,0893
08/02/2023 15:30:00;48;33;17,74;12,24;21,13;5,5;59,65;9;0,0748
08/02/2023 16:30:00;;;;;;;;;