DateTime,measuring,value,CHANGE POINT
2022-11-27 14:30:00,113.08999999999999,0.12955692181,0.0
2022-11-27 17:30:00,96.1275,0.11012452914750001,0.0
2022-11-27 18:30:00,91.3725,0.10467715835250001,0.0
2022-11-27 19:30:00,88.21000000000001,0.10105416989,0.0
2022-11-27 20:30:00,87.85750000000002,0.10065034271750001,0.0
2022-11-27 21:30:00,90.61,0.10380363149,0.0
2022-11-27 22:30:00,89.9475,0.10304466552750001,0.0
2022-11-27 23:30:00,90.46,0.10363179014,0.0
2022-11-28 00:30:00,88.75375,0.10167709478375,0.0
2022-11-28 01:30:00,86.83875,0.09948325354875,0.0
2022-11-28 02:30:00,87.67375000000001,0.10043983706375001,0.0
2022-11-28 03:30:00,85.86625000000001,0.09836914879625,0.0
2022-11-28 04:30:00,89.62375,0.10267377461374999,0.0
2022-11-28 05:30:00,89.155,0.10213677039499999,0.0
2022-11-28 06:30:00,86.8775,0.0995276458975,0.0
2022-11-28 07:30:00,88.8175,0.1017501273575,0.0
2022-11-28 08:30:00,93.78999999999999,0.10744666811,0.0
2022-11-28 09:30:00,99.1425,0.1135785402825,0.0
2022-11-28 10:30:00,103.33625,0.11838293802625,0.0
2022-11-28 11:30:00,100.31375,0.11492033482375001,0.0
2022-11-28 12:30:00,96.63875,0.11071022174875,0.0
2022-11-28 13:30:00,100.44624999999999,0.11507212801625,0.0
2022-11-28 14:30:00,102.09375,0.11695951884375,0.0
2022-11-28 15:30:00,99.5475,0.1140425119275,0.0
2022-11-28 16:30:00,98.02874999999999,0.11230261825874999,0.0
2022-11-28 17:30:00,100.52250000000001,0.1151594807025,0.0
2022-11-28 18:30:00,102.3,0.11719580069999999,0.0
2022-11-28 19:30:00,102.18166666666667,0.11706023696833334,0.0
2022-11-28 21:30:00,107.96875,0.12368997171875,0.0
2022-11-28 22:30:00,99.04249999999999,0.1134639793825,0.0
2022-11-28 23:30:00,97.12375,0.11126584211375,0.0
2022-11-29 00:30:00,103.7275,0.11883115754750001,0.0
2022-11-29 01:30:00,106.03875,0.12147894634874999,0.0
2022-11-29 02:30:00,107.8175,0.1235166983575,0.0
2022-11-29 03:30:00,111.02875,0.12719553525875,0.0
2022-11-29 04:30:00,114.9925,0.1317364429325,0.0
2022-11-29 05:30:00,117.80125000000001,0.13495417221125,0.0
2022-11-29 06:30:00,117.4375,0.13453745693750002,0.0
2022-11-29 07:30:00,118.0925,0.1352878308325,0.0
2022-11-29 08:30:00,115.36625,0.13216461429624998,0.0
2022-11-29 09:30:00,99.46375,0.11394656717375001,0.0
2022-11-29 10:30:00,87.515,0.100257971635,0.0
2022-11-29 11:30:00,89.8725,0.1029587448525,0.0
2022-11-29 12:30:00,86.9225,0.0995791983025,0.0
2022-11-29 13:30:00,83.5875,0.0957585922875,0.0
2022-11-29 14:30:00,97.9,0.1121551211,0.0
2022-11-29 15:30:00,87.3,0.1000116657,0.0
2022-11-29 16:30:00,76.49374999999999,0.08763192844374999,0.0
2022-11-29 17:30:00,97.33375,0.11150642000375001,0.0
2022-11-29 18:30:00,95.9625,0.10993550366250002,0.0
2022-11-29 19:30:00,97.60125,0.11181287041125,0.0
2022-11-29 20:30:00,100.1725,0.1147585175525,0.0
2022-11-29 21:30:00,108.88875,0.12474393199875,0.0
2022-11-29 22:30:00,108.7475,0.1245821147275,0.0
2022-11-29 23:30:00,108.6425,0.12446182578250001,0.0
2022-11-30 00:30:00,107.6575,0.1233334009175,0.0
2022-11-30 01:30:00,112.22,0.12856024198,0.0
2022-11-30 02:30:00,114.6325,0.1313240236925,0.0
2022-11-30 03:30:00,116.2,0.1331197658,0.0
2022-11-30 04:30:00,119.78125,0.13722247803125,0.0
2022-11-30 05:30:00,121.625,0.139334694625,0.0
2022-11-30 06:30:00,121.83125,0.13957097648125,0.0
2022-11-30 07:30:00,123.63374999999999,0.14163593670375,0.0
2022-11-30 08:30:00,120.50125,0.13804731651125,0.0
2022-11-30 09:30:00,120.92625,0.13853420033625,0.0
2022-11-30 10:30:00,121.3325,0.1389996039925,0.0
2022-11-30 11:30:00,118.1575,0.1353622954175,0.0
2022-11-30 12:30:00,116.11749999999999,0.1330252530575,0.0
2022-11-30 13:30:00,117.2825,0.1343598875425,0.0
2022-11-30 14:30:00,114.69874999999999,0.13139992028875,0.0
2022-11-30 15:30:00,108.9275,0.12478832434750001,0.0
2022-11-30 16:30:00,114.065,0.130673890585,0.0
2022-11-30 17:30:00,115.0875,0.1318452757875,0.0
2022-11-30 18:30:00,112.09625,0.12841847286625,0.0
2022-11-30 19:30:00,123.5375,0.14152567183750003,0.0
2022-11-30 20:30:00,127.505,0.146070875545,0.0
2022-11-30 21:30:00,124.35374999999999,0.14246077518375,0.0
2022-11-30 22:30:00,120.75125,0.13833371876125,0.0
2022-11-30 23:30:00,117.5925,0.13471502633250002,0.0
2022-12-01 00:30:00,117.52875,0.13464199375875002,0.0
2022-12-01 01:30:00,118.675,0.13595514807500003,0.0
2022-12-01 02:30:00,120.7025,0.1382778703225,0.0
2022-12-01 03:30:00,119.945,0.137410071505,0.0
2022-12-01 04:30:00,119.8425,0.1372926465825,0.0
2022-12-01 05:30:00,122.6675,0.14052899200750002,0.0
2022-12-01 06:30:00,127.5775,0.1461539321975,0.0
2022-12-01 07:30:00,128.66,0.14739405394,0.0
2022-12-01 08:30:00,123.1575,0.14109034041750002,0.0
2022-12-01 09:30:00,122.8725,0.14076384185250002,0.0
2022-12-01 10:30:00,125.24000000000001,0.14347607116000002,0.0
2022-12-01 11:30:00,120.82,0.13841247938,0.0
2022-12-01 12:30:00,122.465,0.14029700618499996,0.0
2022-12-01 13:30:00,123.28,0.14123067752000001,0.0
2022-12-01 14:30:00,128.08625,0.14673676077625,0.0
2022-12-01 15:30:00,126.63,0.14506846767,0.0
2022-12-01 16:30:00,126.57124999999999,0.14500116314125,0.0
2022-12-01 17:30:00,127.47125,0.14603221124125002,0.0
2022-12-01 18:30:00,129.54125,0.14840362187125,0.0
2022-12-01 19:30:00,132.1175,0.15135499705750002,0.0
2022-12-01 20:30:00,136.59625,0.15648589336625002,0.0
2022-12-01 21:30:00,138.215,0.15834034793500001,0.0
2022-12-01 22:30:00,136.61875,0.15651166956875,0.0
2022-12-01 23:30:00,134.94,0.15458847846,0.0
2022-12-02 00:30:00,135.5525,0.1552901639725,0.0
2022-12-02 01:30:00,132.15625,0.15139938940625,0.0
2022-12-02 02:30:00,139.38,0.15967498242,0.0
2022-12-02 03:30:00,144.315,0.16532856283500003,0.0
2022-12-02 04:30:00,142.375,0.163106081375,0.0
2022-12-02 05:30:00,146.70875,0.16807086437875002,0.0
2022-12-02 06:30:00,146.7275,0.1680923445475,0.0
2022-12-02 07:30:00,139.9975,0.16038239597749998,0.0
2022-12-02 08:30:00,135.88375,0.15566964695375,0.0
2022-12-02 09:30:00,132.34,0.15160989506,0.0
2022-12-02 10:30:00,128.5325,0.1472479887925,0.0
2022-12-02 11:30:00,124.33125,0.14243499898125,0.0
2022-12-02 12:30:00,128.365,0.14705609928500002,0.0
2022-12-02 13:30:00,135.60875000000001,0.15535460447875002,0.0
2022-12-02 14:30:00,120.27250000000001,0.1377852584525,0.0
2022-12-02 15:30:00,117.23625000000001,0.13430690312625002,0.0
2022-12-02 16:30:00,106.48750000000001,0.1219930383875,0.0
2022-12-02 17:30:00,102.16499999999999,0.117041143485,0.0
2022-12-02 18:30:00,102.785,0.11775142106500001,0.0
2022-12-02 19:30:00,111.25874999999999,0.12745902532875,0.0
2022-12-02 20:30:00,102.5575,0.11749079501750001,0.0
2022-12-02 21:30:00,103.375,0.118427330375,0.0
2022-12-02 22:30:00,107.5875,0.1232532082875,0.0
2022-12-02 23:30:00,107.52375,0.12318017571375,0.0
2022-12-03 00:30:00,110.49249999999999,0.1265812024325,0.0
2022-12-03 01:30:00,115.585,0.132415216265,0.0
2022-12-03 02:30:00,118.90375,0.13621720613375002,0.0
2022-12-03 03:30:00,121.70625,0.13942777535625,0.0
2022-12-03 04:30:00,125.22874999999999,0.14346318305875,0.0
2022-12-03 05:30:00,128.64625,0.14737830181625,0.0
2022-12-03 06:30:00,129.9525,0.1488747535725,0.0
2022-12-03 07:30:00,131.46749999999997,0.1506103512075,0.0
2022-12-03 08:30:00,129.85125000000002,0.14875876066125004,0.0
2022-12-03 09:30:00,123.2775,0.1412278134975,0.0
2022-12-03 10:30:00,117.34125,0.13442719207125,0.0
2022-12-03 11:30:00,116.50375,0.13346774453375,0.0
2022-12-03 12:30:00,119.69375,0.13712223724375,0.0
2022-12-03 13:30:00,123.10875,0.14103449197875,0.0
2022-12-03 14:30:00,117.37625,0.13446728838625,0.0
2022-12-03 15:30:00,93.4375,0.10704284093750001,0.0
2022-12-03 16:30:00,88.57125,0.10146802114125,0.0
2022-12-03 17:30:00,93.05875,0.10660894152875,0.0
2022-12-03 18:30:00,122.975,0.140881266775,0.0
2022-12-03 19:30:00,131.65125,0.15082085686125,0.0
2022-12-03 20:30:00,135.43625,0.15515698692625002,0.0
2022-12-03 21:30:00,135.13125,0.15480757618125,0.0
2022-12-03 22:30:00,139.63375,0.15996568070375,0.0
2022-12-03 23:30:00,142.37875,0.16311037740875,0.0
2022-12-04 00:30:00,143.69125,0.16461398922125,0.0
2022-12-04 01:30:00,147.98874999999998,0.16953724389875,0.0
2022-12-04 02:30:00,147.7,0.16920644929999998,0.0
2022-12-04 03:30:00,149.9925,0.1718327579325,0.0
2022-12-04 08:30:00,149.63666666666668,0.17142511206333336,0.0
2022-12-04 09:30:00,148.51625,0.17014155264625003,0.0
2022-12-04 10:30:00,144.79250000000002,0.1658755911325,0.0
2022-12-04 11:30:00,142.23375000000001,0.16294426410375001,0.0
2022-12-04 12:30:00,144.62625,0.16568513363625,0.0
2022-12-04 13:30:00,158.49125,0.18156900242125001,0.0
2022-12-04 14:30:00,116.88333333333333,0.13390259861666667,0.0
2022-12-04 15:30:00,108.22999999999999,0.12398926207,0.0
2022-12-04 16:30:00,101.50375,0.11628360953375,0.0
2022-12-04 17:30:00,98.88499999999999,0.113283545965,0.0
2022-12-04 18:30:00,118.57625,0.13584201918625,0.0
2022-12-04 19:30:00,138.89625,0.15912079406625,0.0
2022-12-04 20:30:00,148.19125000000003,0.16976922972125003,0.0
2022-12-05 00:30:00,137.61375,0.15765155052375002,0.0
2022-12-05 01:30:00,140.53750000000002,0.1610010248375,0.0
2022-12-05 02:30:00,140.805,0.161307475245,0.0
2022-12-05 03:30:00,138.94125000000003,0.15917234647125,0.0
2022-12-05 04:30:00,135.975,0.155774183775,0.0
2022-12-05 05:30:00,136.83249999999998,0.1567565434925,0.0
2022-12-05 06:30:00,135.27499999999998,0.15497225747499999,0.0
2022-12-05 07:30:00,138.57,0.15874703913,0.0
2022-12-05 08:30:00,140.06625,0.16046115659625,0.0
2022-12-05 09:30:00,147.67875,0.16918210510875,0.0
2022-12-05 10:30:00,125.545,0.143825481905,0.0
2022-12-05 11:30:00,125.0625,0.1432727255625,0.0
2022-12-05 12:30:00,115.9,0.1327760831,0.0
2022-12-05 13:30:00,93.18625,0.10675500667625001,0.0
2022-12-05 14:30:00,83.32625,0.09545930193625002,0.0
2022-12-05 15:30:00,82.505,0.094518470545,0.0
2022-12-05 16:30:00,92.27125,0.10570677444125,0.0
2022-12-05 17:30:00,102.85125,0.11782731766125,0.0
2022-12-05 18:30:00,104.26375,0.11944549037375,0.0
2022-12-05 19:30:00,122.4025,0.1402254056225,0.0
2022-12-05 20:30:00,135.73,0.15549350957,0.0
2022-12-05 21:30:00,124.51125,0.14264120860125,0.0
2022-12-05 22:30:00,121.64750000000001,0.1393604708275,0.0
2022-12-05 23:30:00,121.17125000000001,0.13881487454125002,0.0
2022-12-06 00:30:00,120.475,0.138017244275,0.0
2022-12-06 01:30:00,122.36,0.14017671724,0.0
2022-12-06 02:30:00,120.16749999999999,0.1376649695075,0.0
2022-12-06 03:30:00,119.13,0.13647640017,0.0
2022-12-06 04:30:00,117.18375,0.13424675865375002,0.0
2022-12-06 05:30:00,119.49125,0.13689025142125,0.0
2022-12-06 06:30:00,122.23375,0.14003208410375,0.0
2022-12-06 07:30:00,123.8525,0.1418865386725,0.0
2022-12-06 08:30:00,121.80625,0.13954233625625,0.0
2022-12-06 09:30:00,123.44375,0.14141827099374998,0.0
2022-12-06 10:30:00,113.34625,0.12985048411625003,0.0
2022-12-06 11:30:00,107.5575,0.1232188400175,0.0
2022-12-06 12:30:00,101.17,0.11590126253,0.0
2022-12-06 13:30:00,102.5625,0.1174965230625,0.0
2022-12-06 14:30:00,110.79374999999999,0.12692631714375,0.0
2022-12-06 15:30:00,112.06375,0.12838124057375,0.0
2022-12-06 16:30:00,101.9325,0.11677478939250001,0.0
2022-12-06 17:30:00,100.3525,0.1149647271725,0.0
2022-12-06 18:30:00,109.56625,0.12552008209624999,0.0
2022-12-06 19:30:00,114.72375,0.13142856051375001,0.0
2022-12-06 20:30:00,119.18875,0.13654370469875,0.0
2022-12-06 21:30:00,123.3825,0.1413481024425,0.0
2022-12-06 22:30:00,132.31375,0.15157982282375,0.0
2022-12-06 23:30:00,142.735,0.163518500615,0.0
2022-12-07 04:30:00,146.04375,0.16730903439374997,0.0
2022-12-07 05:30:00,140.35625,0.16079338320625003,0.0
2022-12-07 06:30:00,139.58,0.15990410422,0.0
2022-12-07 07:30:00,143.5725,0.16447794815250003,0.0
2022-12-07 08:30:00,123.53375,0.14152137580375002,0.0
2022-12-07 11:30:00,87.915,0.100716215235,0.0
2022-12-07 12:30:00,81.80375000000001,0.09371511223375001,0.0
2022-12-07 19:30:00,118.71375,0.13599954042375,0.0
2022-12-07 20:30:00,110.755,0.126881924795,0.0
2022-12-07 21:30:00,98.55125000000001,0.11290119896125002,0.0
2022-12-07 22:30:00,80.125,0.091791921125,0.0
2022-12-07 23:30:00,67.47375000000001,0.07729853526375001,0.0
2022-12-08 00:30:00,62.74249999999999,0.0718783726825,0.0
2022-12-08 01:30:00,64.185,0.073530913665,0.0
2022-12-08 02:30:00,60.8925,0.0697589960325,0.0
2022-12-08 03:30:00,54.598749999999995,0.06254881938875001,0.0
2022-12-08 04:30:00,50.4925,0.0578446624325,0.0
2022-12-08 05:30:00,46.9825,0.0538235748425,0.0
2022-12-08 06:30:00,53.542500000000004,0.061338769882500005,0.0
2022-12-08 07:30:00,79.42,0.09098426678,0.0
2022-12-08 08:30:00,94.6375,0.10841757173750001,0.0
2022-12-08 10:30:00,216.725,0.24828211052500002,0.0
2022-12-08 11:30:00,196.93166666666664,0.22560668971833334,0.0
2022-12-08 15:30:00,119.71375,0.13714514942375,0.0
2022-12-08 16:30:00,121.98875,0.13975140989875,0.0
2022-12-08 17:30:00,130.93625,0.15000174642625,0.0
2022-12-08 18:30:00,113.23750000000001,0.12972589913750002,0.0
2022-12-08 19:30:00,96.57625,0.11063862118625001,0.0
2022-12-08 20:30:00,89.00250000000001,0.1019620650225,0.0
2022-12-08 21:30:00,80.12375,0.09179048911375,0.0
2022-12-08 22:30:00,76.765,0.087942674885,0.0
2022-12-08 23:30:00,76.25,0.08735268625,0.0
2022-12-09 00:30:00,77.565,0.08885916208500001,0.0
2022-12-09 01:30:00,77.65,0.08895653885000002,0.0
2022-12-09 02:30:00,71.77000000000001,0.08222035793,0.0
2022-12-09 03:30:00,70.67,0.08096018803,0.0
2022-12-09 04:30:00,69.29625,0.07938640766624999,0.0
2022-12-09 05:30:00,69.45875000000001,0.07957256912875,0.0
2022-12-09 06:30:00,73.19125,0.08384855472125,0.0
2022-12-09 07:30:00,78.86,0.09034272574,0.0
2022-12-09 08:30:00,93.255,0.106833767295,0.0
2022-12-09 09:30:00,100.32,0.11492749488,0.0
2022-12-09 10:30:00,102.37,0.11727599333,0.0
2022-12-09 11:30:00,122.055,0.13982730649500003,0.0
2022-12-09 12:30:00,178.575,0.204577127175,0.0
2022-12-09 14:30:00,168.75,0.19332151875,0.0
2022-12-09 15:30:00,134.92000000000002,0.15456556628,0.0
2022-12-09 16:30:00,102.8725,0.11785166185250001,0.0
2022-12-09 17:30:00,95.96125,0.10993407165124999,0.0
2022-12-09 18:30:00,90.47625,0.10365040628625,0.0
2022-12-09 19:30:00,85.925,0.098436453325,0.0
2022-12-09 20:30:00,80.01375,0.09166447212375001,0.0
2022-12-09 21:30:00,98.75625000000001,0.11313604880625001,0.0
2022-12-09 22:30:00,72.85249999999999,0.0834604796725,0.0
2022-12-09 23:30:00,88.34875,0.10121312313875,0.0
2022-12-10 00:30:00,118.2425,0.1354596721825,0.0
2022-12-10 01:30:00,99.92,0.11446925128,0.0
2022-12-10 02:30:00,94.1025,0.1078046709225,0.0
2022-12-10 03:30:00,84.82375,0.09717485141375001,0.0
2022-12-10 04:30:00,67.765,0.077632193885,0.0
2022-12-10 05:30:00,61.48625,0.07043920137625,0.0
2022-12-10 06:30:00,64.78875000000001,0.07422257509875001,0.0
2022-12-10 07:30:00,77.0275,0.0882433972475,0.0
2022-12-10 08:30:00,71.7725,0.08222322195250001,0.0
2022-12-10 09:30:00,73.37375,0.08405762836375,0.0
2022-12-10 10:30:00,116.52499999999999,0.13349208872499999,0.0
2022-12-10 11:30:00,239.485,0.274356171365,0.0
2022-12-10 13:30:00,297.16,0.34042917044000004,0.0
2022-12-10 17:30:00,128.30625,0.14698879475625,0.0
2022-12-10 18:30:00,107.28999999999999,0.12291238961,0.0
2022-12-10 19:30:00,86.465,0.099055082185,0.0
2022-12-10 20:30:00,72.36125,0.08289769925125,0.0
2022-12-10 21:30:00,74.075,0.084860986675,0.0
2022-12-10 22:30:00,80.725,0.092479286525,0.0
2022-12-10 23:30:00,69.7775,0.0799377319975,0.0
2022-12-11 00:30:00,68.17875000000001,0.07810618960875002,0.0
2022-12-11 01:30:00,60.9775,0.0698563727975,0.0
2022-12-11 02:30:00,56.51625,0.06474552464625,0.0
2022-12-11 03:30:00,64.08625,0.07341778477625,0.0
2022-12-11 04:30:00,61.5925,0.0705609223325,0.0
2022-12-11 05:30:00,64.435,0.07381731591499999,0.0
2022-12-11 06:30:00,62.86125,0.07201441375125,0.0
2022-12-11 07:30:00,64.48,0.07386886832,0.0
2022-12-11 08:30:00,65.12125,0.07460349009125,0.0
2022-12-11 09:30:00,69.94375,0.08012818949375,0.0
2022-12-11 10:30:00,101.435,0.116204848915,0.0
2022-12-11 11:30:00,114.6925,0.1313927602325,0.0
2022-12-11 12:30:00,111.23875,0.12743611314874997,0.0
2022-12-11 15:30:00,167.01666666666665,0.19133579648333332,0.0
2022-12-11 16:30:00,92.83666666666666,0.10635452086333334,0.0
2022-12-11 17:30:00,87.60249999999999,0.10035821242250001,0.0
2022-12-11 18:30:00,80.55375,0.09228310098375,0.0
2022-12-11 19:30:00,84.2175,0.0964803259575,0.0
2022-12-11 21:30:00,71.82499999999999,0.082283366425,0.0
2022-12-11 22:30:00,71.21125,0.08158024890125001,0.0
2022-12-11 23:30:00,104.12,0.11928080908000001,0.0
2022-12-12 00:30:00,119.04,0.13637329536,0.0
2022-12-12 01:30:00,64.115,0.073450721035,0.0
2022-12-12 02:30:00,59.05875,0.06765823552875,0.0
2022-12-12 03:30:00,56.375,0.064583707375,0.0
2022-12-12 04:30:00,55.78125,0.06390350203125,0.0
2022-12-12 05:30:00,57.86625,0.06629209679625,0.0
2022-12-12 06:30:00,65.425,0.074951468825,0.0
2022-12-12 07:30:00,72.93,0.08354926437,0.0
2022-12-12 08:30:00,90.2025,0.10333679582250001,0.0
2022-12-12 09:30:00,118.55375000000001,0.13581624298375,0.0
2022-12-12 10:30:00,121.845,0.139586728605,0.0
2022-12-12 11:30:00,129.44,0.14828762896,0.0
2022-12-12 12:30:00,129.33999999999997,0.14817306805999997,0.0
2022-12-12 13:30:00,136.8775,0.1568080958975,0.0
2022-12-12 14:30:00,189.77875,0.21741224400875,0.0
2022-12-12 15:30:00,165.63625,0.18975437872625,0.0
2022-12-12 16:30:00,173.15875,0.19837222242875002,0.0
2022-12-12 17:30:00,185.165,0.21212669048500002,0.0
2022-12-12 18:30:00,146.61333333333334,0.1679615541866667,0.0
2022-12-12 21:30:00,45.41125,0.05202353670125001,0.0
2022-12-12 22:30:00,41.30625,0.04732081175625,0.0
2022-12-12 23:30:00,27.7725,0.031816425952500005,0.0
2022-12-13 00:30:00,24.8125,0.028425423312500003,0.0
2022-12-13 01:30:00,17.435000000000002,0.019973692915,0.0
2022-12-13 02:30:00,21.37625,0.02448882438625,0.0
2022-12-13 03:30:00,19.915000000000003,0.022814803235,0.0
2022-12-13 04:30:00,15.002500000000001,0.0171869990225,0.0
2022-12-13 05:30:00,17.080000000000002,0.01956700172,0.0
2022-12-13 06:30:00,28.21375,0.03232192592375,0.0
2022-12-13 07:30:00,34.363749999999996,0.039367421273749995,0.0
2022-12-13 09:30:00,8.556666666666667,0.009802594343333334,0.0
2022-12-13 10:30:00,16.595,0.019011381355,0.0
2022-12-13 11:30:00,19.862499999999997,0.022754658762499998,0.0
2022-12-13 12:30:00,27.155,0.031109012395000003,0.0
2022-12-13 13:30:00,33.426249999999996,0.03829341283625,0.0
2022-12-13 14:30:00,28.0175,0.0320971001575,0.0
2022-12-13 15:30:00,27.939999999999998,0.03200831546,0.0
2022-12-13 16:30:00,19.36625,0.022186150296250002,0.0
2022-12-13 17:30:00,26.425,0.030272717825000003,0.0
2022-12-13 18:30:00,45.7375,0.0523972916375,0.0
2022-12-13 19:30:00,53.73,0.06155357157,0.0
2022-12-13 20:30:00,46.95125,0.05378777456125,0.0
2022-12-13 21:30:00,27.956249999999997,0.032026931606249996,0.0
2022-12-13 22:30:00,20.52375,0.02351219271375,0.0
2022-12-13 23:30:00,13.155,0.015070486395,0.0
2022-12-14 00:30:00,17.53375,0.020086821803750002,0.0
2022-12-14 01:30:00,19.19,0.02198423671,0.0
2022-12-14 02:30:00,18.035,0.020661058315,0.0
2022-12-14 03:30:00,14.62875,0.01675882765875,0.0
2022-12-14 04:30:00,13.686250000000001,0.01567909117625,0.0
2022-12-14 05:30:00,13.93875,0.01596835744875,0.0
2022-12-14 06:30:00,21.310000000000002,0.02441292779,0.0
2022-12-14 07:30:00,21.416666666666668,0.02453512608333333,0.0
2022-12-14 13:30:00,19.39125,0.02221479052125,0.0
2022-12-14 14:30:00,33.7675,0.0386843519075,0.0
2022-12-14 15:30:00,39.09875,0.044791879888750004,0.0
2022-12-14 16:30:00,43.198750000000004,0.049488876788750004,0.0
2022-12-14 17:30:00,44.8175,0.0513433313575,0.0
2022-12-14 18:30:00,57.58375,0.06596846225375,0.0
2022-12-14 19:30:00,117.53375,0.13464772180374998,0.0
2022-12-14 20:30:00,96.55166666666666,0.11061045829833333,0.0
2022-12-14 22:30:00,56.341249999999995,0.06454504307125,0.0
2022-12-14 23:30:00,36.1075,0.0413650769675,0.0
2022-12-15 00:30:00,34.363749999999996,0.039367421273749995,0.0
2022-12-15 01:30:00,27.3575,0.0313409982175,0.0
2022-12-15 02:30:00,26.30375,0.030133812733750005,0.0
2022-12-15 03:30:00,29.87375,0.03422363686375,0.0
2022-12-15 04:30:00,26.301250000000003,0.03013094871125,0.0
2022-12-15 05:30:00,21.72375,0.02488692351375,0.0
2022-12-15 06:30:00,24.0325,0.0275318482925,0.0
2022-12-15 07:30:00,23.3975,0.0268043865775,0.0
2022-12-15 08:30:00,65.5925,0.0751433583325,0.0
2022-12-15 09:30:00,85.31875000000001,0.09774192786875001,0.0
2022-12-15 10:30:00,58.056666666666665,0.06651023984333333,0.0
2022-12-15 13:30:00,58.29875,0.06678757268875,0.0
2022-12-15 14:30:00,57.06875,0.06537847361875,0.0
2022-12-15 15:30:00,27.1325,0.031083236192500002,0.0
2022-12-15 16:30:00,18.575,0.021279687175,0.0
2022-12-15 17:30:00,35.458749999999995,0.040621863128750005,0.0
2022-12-15 18:30:00,48.92,0.05604319228,0.0
2022-12-15 19:30:00,49.79375,0.05704416814375,0.0
2022-12-15 20:30:00,43.55125,0.04989270396125,0.0
2022-12-15 21:30:00,39.3975,0.0451341305775,0.0
2022-12-15 22:30:00,31.292500000000004,0.035848969632500005,0.0
2022-12-15 23:30:00,36.105000000000004,0.041362212945000004,0.0
2022-12-16 00:30:00,33.38,0.03824042842,0.0
2022-12-16 01:30:00,26.9125,0.030831202212500002,0.0
2022-12-16 02:30:00,22.806250000000002,0.026127045256250002,0.0
2022-12-16 03:30:00,12.30875,0.014101014778749999,0.0
2022-12-16 04:30:00,17.98375,0.020602345853750002,0.0
2022-12-16 05:30:00,20.936249999999998,0.023984756426249997,0.0
2022-12-16 06:30:00,23.16125,0.02653373645125,0.0
2022-12-16 07:30:00,12.170000000000002,0.013942061530000001,0.0
2022-12-16 10:30:00,25.09625,0.028750489866250003,0.0
2022-12-16 11:30:00,32.23375,0.03692727410375,0.0
2022-12-16 12:30:00,36.68625,0.04202809817625,0.0
2022-12-16 13:30:00,40.4075,0.04629119566750001,0.0
2022-12-16 14:30:00,34.102500000000006,0.039068130922500006,0.0
2022-12-16 15:30:00,44.1575,0.0505872294175,0.0
2022-12-16 16:30:00,53.96625,0.06182422169625,0.0
2022-12-16 17:30:00,63.317499999999995,0.0725370978575,0.0
2022-12-16 18:30:00,62.458749999999995,0.07155330612875,0.0
2022-12-16 19:30:00,51.9525,0.0595172515725,0.0
2022-12-16 20:30:00,33.834999999999994,0.038761680515,0.0
2022-12-16 21:30:00,23.36625,0.02676858629625,0.0
2022-12-16 22:30:00,28.2375,0.032349134137500006,0.0
2022-12-16 23:30:00,28.01875,0.03209853216875,0.0
2022-12-17 00:30:00,24.9025,0.0285285281225,0.0
2022-12-17 01:30:00,22.884999999999998,0.026217261965000002,0.0
2022-12-17 02:30:00,22.478749999999998,0.02575185830875,0.0
2022-12-17 03:30:00,25.005000000000003,0.028645953045,0.0
2022-12-17 04:30:00,25.23,0.02890371507,0.0
2022-12-17 05:30:00,26.2825,0.030109468542499997,0.0
2022-12-17 06:30:00,27.51375,0.03151999962375,0.0
2022-12-17 07:30:00,24.5475,0.028121836927500005,0.0
2022-12-17 08:30:00,23.045,0.026400559405000003,0.0
2022-12-17 14:30:00,12.6925,0.014540642232500001,0.0
2022-12-17 15:30:00,10.13625,0.01161217922625,0.0
2022-12-17 16:30:00,13.35375,0.015298176183750001,0.0
2022-12-17 17:30:00,18.8875,0.0216376899875,0.0
2022-12-17 18:30:00,26.165,0.029974859485000005,0.0
2022-12-17 19:30:00,25.174999999999997,0.028840706575,0.0
2022-12-17 21:30:00,17.997500000000002,0.0206180979775,0.0
2022-12-17 22:30:00,12.373333333333333,0.014175002026666668,0.0
2022-12-18 01:30:00,9.086666666666666,0.010409767113333334,0.0
2022-12-18 02:30:00,11.62,0.01331197658,0.0
2022-12-18 04:30:00,8.106666666666667,0.009287070293333333,0.0
2022-12-18 10:30:00,20.25,0.023198582250000002,0.0
2022-12-18 11:30:00,22.005,0.025209126045000002,0.0
2022-12-18 12:30:00,17.135,0.019630010215,0.0
2022-12-18 13:30:00,11.435,0.013100038915,0.0
2022-12-18 14:30:00,15.1075,0.0173072879675,0.0
2022-12-18 15:30:00,15.6475,0.0179259168275,0.0
2022-12-18 16:30:00,16.54625,0.018955532916249997,0.0
2022-12-18 17:30:00,17.888749999999998,0.02049351299875,0.0
2022-12-18 18:30:00,13.826250000000002,0.01583947643625,0.0
2022-12-18 19:30:00,11.261666666666665,0.012901466688333333,0.0
2022-12-18 20:30:00,17.189999999999998,0.019693018710000003,0.0
2022-12-18 21:30:00,11.57,0.01325469613,0.0
2022-12-18 23:30:00,7.673333333333335,0.008790639726666669,0.0
2022-12-19 00:30:00,7.245,0.008299937205,0.0
2022-12-19 03:30:00,7.505000000000001,0.008597795545000002,0.0
2022-12-19 04:30:00,9.801666666666668,0.011228877548333334,0.0
2022-12-19 06:30:00,9.04375,0.010360601393750002,0.0
2022-12-19 07:30:00,18.28875,0.020951756598750003,0.0
2022-12-19 10:30:00,6.113333333333334,0.007003489686666667,0.0
2022-12-19 11:30:00,8.807500000000001,0.0100899512675,0.0
2022-12-19 12:30:00,10.27875,0.01177542850875,0.0
2022-12-19 13:30:00,13.9625,0.0159955656625,0.0
2022-12-19 14:30:00,10.276250000000001,0.01177256448625,0.0
2022-12-20 06:30:00,7.243333333333333,0.008298027856666668,0.0
2022-12-20 07:30:00,9.69375,0.011105247243750001,0.0
2022-12-20 08:30:00,6.555,0.007509466995000001,0.0
2022-12-20 12:30:00,8.23,0.009428362070000001,0.0
2022-12-20 13:30:00,11.534999999999998,0.013214599815,0.0
2022-12-20 14:30:00,9.545,0.010934837905,0.0
2022-12-20 17:30:00,14.9225,0.0170953503025,0.0
2022-12-20 18:30:00,35.93625,0.04116889142625,0.0
2022-12-20 19:30:00,25.28,0.028960995520000005,0.0
2022-12-20 20:30:00,27.993750000000002,0.032069891943750005,0.0
2022-12-20 21:30:00,28.0225,0.0321028282025,0.0
2022-12-20 22:30:00,27.458750000000002,0.03145699112875,0.0
2022-12-20 23:30:00,24.396250000000002,0.02794856356625,0.0
2022-12-21 00:30:00,24.24375,0.02777385819375,0.0
2022-12-21 01:30:00,26.697499999999998,0.030584896277500002,0.0
2022-12-21 02:30:00,28.0775,0.0321658366975,0.0
2022-12-21 03:30:00,25.33,0.02901827597,0.0
2022-12-21 04:30:00,24.8525,0.0284712476725,0.0
2022-12-21 05:30:00,23.9375,0.0274230154375,0.0
2022-12-21 06:30:00,26.240000000000002,0.03006078016,0.0
2022-12-21 07:30:00,19.75,0.02262577775,0.0
2022-12-21 11:30:00,42.66375,0.04887597597375,0.0
2022-12-21 17:30:00,10.328333333333333,0.011832231621666666,0.0
2022-12-21 18:30:00,18.735,0.021462984615,0.0
2022-12-21 19:30:00,29.9675,0.034331037707500005,0.0
2022-12-21 20:30:00,30.732499999999998,0.0352074285925,0.0
2022-12-21 21:30:00,27.130000000000003,0.031080372170000006,0.0
2022-12-21 22:30:00,27.415,0.031406870735,0.0
2022-12-21 23:30:00,25.9575,0.0297371456175,0.0
2022-12-22 00:30:00,27.26,0.03122930134,0.0
2022-12-22 01:30:00,24.33,0.02787266697,0.0
2022-12-22 02:30:00,19.987499999999997,0.0228978598875,0.0
2022-12-22 03:30:00,18.79625,0.02153315316625,0.0
2022-12-22 04:30:00,20.995,0.024052060955000003,0.0
2022-12-22 05:30:00,22.302500000000002,0.025549944722500002,0.0
2022-12-22 06:30:00,21.3475,0.0244558881275,0.0
2022-12-22 08:30:00,23.656666666666666,0.027101290243333336,0.0
2022-12-22 09:30:00,23.981250000000003,0.027473135831250002,0.0
2022-12-22 10:30:00,23.5175,0.0269418596575,0.0
2022-12-22 11:30:00,21.61625,0.02476377054625,0.0
2022-12-22 12:30:00,30.317500000000003,0.0347320008575,0.0
2022-12-22 13:30:00,37.107499999999995,0.0425106859675,0.0
2022-12-22 14:30:00,43.43,0.049753798870000004,0.0
2022-12-22 15:30:00,56.02875,0.06418704025875001,0.0
2022-12-22 16:30:00,60.07125,0.06881816464125,0.0
2022-12-22 17:30:00,58.71125,0.06726013640124999,0.0
2022-12-22 18:30:00,55.989999999999995,0.06414264790999999,0.0
2022-12-22 19:30:00,32.082499999999996,0.0367540007425,0.0
2022-12-22 20:30:00,36.55375,0.04187630498375,0.0
2022-12-22 21:30:00,35.29375,0.04043283764375,0.0
2022-12-22 22:30:00,33.365,0.038223244285,0.0
2022-12-22 23:30:00,27.825,0.031876570425,0.0
2022-12-23 00:30:00,27.09125,0.031035979821249997,0.0
2022-12-23 01:30:00,20.8875,0.023928907987499998,0.0
2022-12-23 02:30:00,18.08625,0.02071977077625,0.0
2022-12-23 03:30:00,19.731250000000003,0.022604297581250002,0.0
2022-12-23 04:30:00,25.521250000000002,0.029237373691250006,0.0
2022-12-23 05:30:00,26.29625,0.03012522066625,0.0
2022-12-23 06:30:00,28.97375,0.03319258876375,0.0
2022-12-23 10:30:00,17.441666666666666,0.019981330308333333,0.0
2022-12-23 11:30:00,30.7575,0.0352360688175,0.0
2022-12-23 12:30:00,34.73375,0.039791296603750005,0.0
2022-12-23 13:30:00,35.3775,0.040528782397500004,0.0
2022-12-23 14:30:00,39.045,0.044730303405000005,0.0
2022-12-23 15:30:00,34.83375,0.03990585750375,0.0
2022-12-23 16:30:00,37.06125,0.042457701551250004,0.0
2022-12-23 17:30:00,35.572500000000005,0.04075217615250001,0.0
2022-12-23 18:30:00,37.400000000000006,0.0428457766,0.0
2022-12-23 19:30:00,44.629999999999995,0.05112852967,0.0
2022-12-23 20:30:00,45.28375,0.05187747155375,0.0
2022-12-23 21:30:00,42.09375,0.04822297884375,0.0
2022-12-23 22:30:00,36.676249999999996,0.04201664208625,0.0
2022-12-23 23:30:00,30.435000000000002,0.034866609915,0.0
2022-12-24 00:30:00,30.7025,0.035173060322500005,0.0
2022-12-24 01:30:00,28.662499999999998,0.0328360179625,0.0
2022-12-24 02:30:00,24.87625,0.02849845588625,0.0
2022-12-24 03:30:00,23.94625,0.02743303951625,0.0
2022-12-24 04:30:00,21.347499999999997,0.0244558881275,0.0
2022-12-24 05:30:00,23.62875,0.02706930865875,0.0
2022-12-24 06:30:00,23.205,0.026583856845,0.0
2022-12-24 15:30:00,24.456666666666667,0.028017777443333333,0.0
2022-12-24 16:30:00,21.205,0.024292638845,0.0
2022-12-24 17:30:00,21.47,0.024596225229999998,0.0
2022-12-24 18:30:00,32.72875,0.03749435055875,0.0
2022-12-24 19:30:00,47.19375,0.054065584743750006,0.0
2022-12-24 20:30:00,47.89125,0.054864647021250004,0.0
2022-12-24 21:30:00,46.975,0.053814982775000006,0.0
2022-12-24 22:30:00,40.666250000000005,0.04658762199625001,0.0
2022-12-24 23:30:00,40.90875,0.04686543217875,0.0
2022-12-25 00:30:00,36.05625,0.04130636450625,0.0
2022-12-25 01:30:00,34.80625,0.039874353256249995,0.0
2022-12-25 02:30:00,32.6775,0.0374356380975,0.0
2022-12-25 03:30:00,30.6325,0.0350928676925,0.0
2022-12-25 04:30:00,35.36125,0.04051016625125,0.0
2022-12-25 05:30:00,29.765,0.034099051885,0.0
2022-12-25 06:30:00,30.81,0.035296213289999996,0.0
2022-12-25 07:30:00,27.2,0.0311605648,0.0
2022-12-25 19:30:00,41.68625,0.04775614317625,0.0
2022-12-25 20:30:00,54.93875,0.06293832644875,0.0
2022-12-25 21:30:00,50.20875,0.05751959587875,0.0
2022-12-25 22:30:00,49.0825,0.05622935374250001,0.0
2022-12-25 23:30:00,47.9525,0.054934815572500004,0.0
2022-12-26 00:30:00,43.91375,0.050307987223749996,0.0
2022-12-26 01:30:00,33.96875,0.03891490571875,0.0
2022-12-26 02:30:00,27.50625,0.03151140755625,0.0
2022-12-26 03:30:00,25.10125,0.02875621791125,0.0
2022-12-26 04:30:00,25.7275,0.029473655547499998,0.0
2022-12-26 05:30:00,30.815,0.035301941335,0.0
2022-12-26 06:30:00,40.09125,0.04592889682125,0.0
2022-12-26 07:30:00,42.246249999999996,0.04839768421625,0.0
2022-12-26 08:30:00,34.4525,0.0394690940725,0.0
2022-12-26 09:30:00,28.548333333333336,0.03270522760166667,0.0
2022-12-26 11:30:00,20.088749999999997,0.023013852798749998,0.0
2022-12-26 12:30:00,30.267500000000002,0.034674720407500005,0.0
2022-12-26 13:30:00,20.43375,0.02340908790375,0.0
2022-12-26 17:30:00,30.75125,0.03522890876125,0.0
2022-12-26 18:30:00,28.82375,0.03302074741375,0.0
2022-12-26 19:30:00,36.60875,0.041939313478750004,0.0
2022-12-26 20:30:00,43.4625,0.0497910311625,0.0
2022-12-26 21:30:00,31.89,0.036533471010000006,0.0
2022-12-26 22:30:00,24.43125,0.027988659881250003,0.0
2022-12-26 23:30:00,29.32,0.03358925588,0.0
2022-12-27 00:30:00,26.36375,0.03020254927375,0.0
2022-12-27 01:30:00,18.085,0.020718338765,0.0
2022-12-27 02:30:00,17.01875,0.01949683316875,0.0
2022-12-27 03:30:00,20.30875,0.02326588677875,0.0
2022-12-27 04:30:00,17.60875,0.020172742478750002,0.0
2022-12-27 05:30:00,25.009999999999998,0.02865168109,0.0
2022-12-27 06:30:00,28.177500000000002,0.0322803975975,0.0
2022-12-27 07:30:00,26.183749999999996,0.029996339653750002,0.0
2022-12-27 08:30:00,26.38625,0.030228325476249998,0.0
2022-12-27 09:30:00,21.06375,0.02413082157375,0.0
2022-12-27 10:30:00,10.775,0.012343936975,0.0
2022-12-27 11:30:00,23.29875,0.026691257688749997,0.0
2022-12-27 12:30:00,22.1325,0.0253551911925,0.0
2022-12-27 13:30:00,23.12875,0.02649650415875,0.0
2022-12-27 14:30:00,28.8125,0.0330078593125,0.0
2022-12-27 15:30:00,29.880000000000003,0.03423079692,0.0
2022-12-27 17:30:00,33.02,0.03782800918,0.0
2022-12-27 18:30:00,33.152499999999996,0.037979802372499996,0.0
2022-12-27 19:30:00,33.735,0.038647119615,0.0
2022-12-27 20:30:00,32.48125,0.03721081233125,0.0
2023-01-03 16:30:00,65.64666666666666,0.07520541215333332,0.0
2023-01-03 17:30:00,70.02374999999999,0.08021983821374999,0.0
2023-01-03 18:30:00,63.72125,0.07299963749125,0.0
2023-01-03 19:30:00,57.66,0.06605581494,0.0
2023-01-03 20:30:00,52.41875,0.060051391768750004,0.0
2023-01-03 21:30:00,48.877500000000005,0.055994503897500006,0.0
2023-01-03 22:30:00,43.805,0.050183402245,0.0
2023-01-03 23:30:00,45.31375,0.05191183982375001,0.0
2023-01-04 00:30:00,41.55499999999999,0.047605781995,0.0
2023-01-04 01:30:00,40.04,0.04587018436,0.0
2023-01-04 02:30:00,41.595,0.047651606355,0.0
2023-01-04 03:30:00,38.4825,0.0440858983425,0.0
2023-01-04 04:30:00,32.87,0.03765616783,0.0
2023-01-04 05:30:00,28.20125,0.03230760581125,0.0
2023-01-04 06:30:00,35.22,0.040348348980000004,0.0
2023-01-04 07:30:00,32.10875,0.036784072978750006,0.0
2023-01-04 08:30:00,30.33625,0.034753481026250005,0.0
2023-01-04 09:30:00,25.81875,0.029578192368750006,0.0
2023-01-04 10:30:00,36.7025,0.042046714322500005,0.0
2023-01-04 11:30:00,37.807500000000005,0.0433126122675,0.0
2023-01-04 12:30:00,30.5825,0.0350355872425,0.0
2023-01-04 13:30:00,34.082499999999996,0.0390452187425,0.0
2023-01-04 14:30:00,29.13375,0.03337588620375,0.0
2023-01-04 15:30:00,27.2375,0.0312035251375,0.0
2023-01-04 16:30:00,14.32,0.016405120880000002,0.0
2023-01-04 17:30:00,18.29375,0.020957484643750003,0.0
2023-01-04 18:30:00,33.215,0.038051402935,0.0
2023-01-04 19:30:00,55.542500000000004,0.06362998788249999,0.0
2023-01-04 20:30:00,61.737500000000004,0.0707270356375,0.0
2023-01-04 21:30:00,45.41625,0.05202926474625,0.0
2023-01-04 22:30:00,53.462500000000006,0.0612471211625,0.0
2023-01-04 23:30:00,49.46125000000001,0.05666325315125,0.0
2023-01-05 00:30:00,33.7325,0.038644255592499996,0.0
2023-01-05 01:30:00,29.365,0.033640808285,0.0
2023-01-05 02:30:00,28.787499999999998,0.0329792190875,0.0
2023-01-05 03:30:00,32.567499999999995,0.0373096211075,0.0
2023-01-05 04:30:00,31.68,0.03629289312,0.0
2023-01-05 05:30:00,33.19875,0.03803278678875,0.0
2023-01-05 06:30:00,33.8125,0.0387359043125,0.0
2023-01-05 07:30:00,42.292500000000004,0.048450668632500006,0.0
2023-01-05 08:30:00,51.4025,0.05888716662250001,0.0
2023-01-05 18:30:00,35.83,0.041047170470000005,0.0
2023-01-05 19:30:00,64.52875,0.07392471675875001,0.0
2023-01-05 20:30:00,64.16125,0.07350370545125,0.0
2023-01-05 21:30:00,42.155,0.048293147395,0.0
2023-01-05 22:30:00,38.08125,0.04362622273125,0.0
2023-01-05 23:30:00,37.24125,0.042663911171250006,0.0
2023-01-06 00:30:00,29.5075,0.033804057567500004,0.0
2023-01-06 01:30:00,27.75,0.03179064975,0.0
2023-01-06 02:30:00,21.740000000000002,0.02490553966,0.0
2023-01-06 03:30:00,19.0875,0.0218668117875,0.0
2023-01-06 04:30:00,16.73125,0.019167470581250002,0.0
2023-01-06 19:30:00,44.06,0.05047553254,0.0
2023-01-06 20:30:00,48.472500000000004,0.05553053225250001,0.0
2023-01-06 21:30:00,40.20625,0.04606064185625,0.0
2023-01-06 22:30:00,38.5075,0.0441145385675,0.0
2023-01-06 23:30:00,32.5775,0.0373210771975,0.0
2023-01-07 00:30:00,45.3575,0.051961960217500006,0.0
2023-01-07 01:30:00,40.637499999999996,0.0465546857375,0.0
2023-01-07 02:30:00,38.57,0.044186139129999996,0.0
2023-01-07 03:30:00,35.118750000000006,0.04023235606875,0.0
2023-01-07 04:30:00,31.3325,0.03589479399250001,0.0
2023-01-07 05:30:00,31.06125,0.03558404755125,0.0
2023-01-07 06:30:00,36.8925,0.0422643800325,0.0
2023-01-07 07:30:00,41.7,0.047771895300000006,0.0
2023-01-07 08:30:00,49.72,0.056959679480000004,0.0
2023-01-07 09:30:00,56.6725,0.0649245260525,0.0
2023-01-07 10:30:00,35.84125,0.04106005857125,0.0
2023-01-07 11:30:00,25.4475,0.029152885027500002,0.0
2023-01-07 12:30:00,32.73375,0.03750007860375,0.0
2023-01-07 22:30:00,9.2325,0.010576835092499999,0.0
2023-01-07 23:30:00,16.16,0.018513041440000003,0.0
2023-01-08 00:30:00,12.5225,0.0143458887025,0.0
2023-01-08 01:30:00,11.7025,0.0134064893225,0.0
2023-01-08 02:30:00,8.13,0.009313801170000002,0.0
2023-01-08 04:30:00,12.454999999999998,0.014268560095000002,0.0
2023-01-08 05:30:00,15.84625,0.01815360661625,0.0
2023-01-08 07:30:00,14.065,0.016112990585,0.0
2023-01-08 11:30:00,18.27,0.020930276430000002,0.0
2023-01-09 06:30:00,13.591249999999999,0.015570258321249999,0.0
2023-01-09 07:30:00,14.295,0.016376480655,0.0
2023-01-09 22:30:00,14.15375,0.01621466338375,0.0
2023-01-10 00:30:00,8.1675,0.0093567615075,0.0
2023-01-10 01:30:00,12.16625,0.01393776549625,0.0
2023-01-10 02:30:00,18.83875,0.02158184154875,0.0
2023-01-10 03:30:00,19.603749999999998,0.02245823243375,0.0
2023-01-10 04:30:00,15.9825,0.0183096958425,0.0
2023-01-10 05:30:00,16.3625,0.018745027262500002,0.0
2023-01-10 06:30:00,19.69125,0.022558473221250003,0.0
2023-01-10 07:30:00,10.026666666666666,0.011486639573333334,0.0
2023-01-10 15:30:00,66.51625,0.07620161464625,0.0
2023-01-10 16:30:00,115.72333333333331,0.13257369217666667,0.0
2023-01-10 18:30:00,155.77666666666667,0.17845915132333334,0.0
2023-01-10 20:30:00,67.44625,0.07726703101625,0.0
2023-01-10 21:30:00,55.00125,0.06300992701125,0.0
2023-01-10 22:30:00,64.2075,0.0735566898675,0.0
2023-01-10 23:30:00,55.584999999999994,0.063678676265,0.0
2023-01-11 00:30:00,53.61875,0.06142612256875,0.0
2023-01-11 01:30:00,42.19375,0.048337539743750005,0.0
2023-01-11 02:30:00,29.73375,0.034063251603750004,0.0
2023-01-11 03:30:00,25.509999999999998,0.029224485589999998,0.0
2023-01-11 04:30:00,21.99875,0.02520196598875,0.0
2023-01-11 05:30:00,20.597500000000004,0.023596681377500005,0.0
2023-01-11 06:30:00,33.144999999999996,0.037971210305,0.0
2023-01-11 07:30:00,50.7375,0.0581253366375,0.0
2023-01-11 08:30:00,50.84375,0.05824705759375,0.0
2023-01-11 18:30:00,143.03875,0.16386647934874998,0.0
2023-01-11 19:30:00,114.95625,0.13169491460625,0.0
2023-01-11 20:30:00,104.4175,0.11962162775750002,0.0
2023-01-11 21:30:00,93.91624999999999,0.10759130124624999,0.0
2023-01-11 22:30:00,78.21625,0.08960523994625,0.0
2023-01-11 23:30:00,67.81875000000001,0.07769377036875001,0.0
2023-01-12 00:30:00,66.71125,0.07642500840125,0.0
2023-01-12 01:30:00,67.2425,0.0770336131825,0.0
2023-01-12 02:30:00,58.6925,0.0672386562325,0.0
2023-01-12 03:30:00,39.916250000000005,0.04572841524625,0.0
2023-01-12 04:30:00,39.21625,0.044926488946249996,0.0
2023-01-12 05:30:00,37.957499999999996,0.0434844536175,0.0
2023-01-12 06:30:00,40.33375,0.04620670700375,0.0
2023-01-12 07:30:00,74.42,0.08525622178,0.0
2023-01-12 08:30:00,64.145,0.073485089305,0.0
2023-01-12 09:30:00,47.62625,0.054561060636250006,0.0
2023-01-12 10:30:00,58.93375,0.06751503440375001,0.0
2023-01-12 12:30:00,266.46,0.30525897414000003,0.0
2023-01-12 13:30:00,131.78,0.15096835402,0.0
2023-01-12 14:30:00,110.495,0.126584066455,0.0
2023-01-12 15:30:00,110.77250000000001,0.1269019729525,0.0
2023-01-12 16:30:00,122.17624999999998,0.13996621158625,0.0
2023-01-12 17:30:00,168.67000000000002,0.19322987003000003,0.0
2023-01-12 18:30:00,135.46125,0.15518562715125,0.0
2023-01-12 19:30:00,108.73625,0.12456922662625002,0.0
2023-01-12 20:30:00,96.10249999999999,0.11009588892250001,0.0
2023-01-12 21:30:00,74.3,0.0851187487,0.0
2023-01-12 22:30:00,65.07,0.07454477762999999,0.0
2023-01-12 23:30:00,57.396249999999995,0.06575366056625,0.0
2023-01-13 00:30:00,52.661249999999995,0.06032920195125,0.0
2023-01-13 01:30:00,46.09125,0.05280255082125,0.0
2023-01-13 02:30:00,46.85,0.05367178165,0.0
2023-01-13 03:30:00,46.381249999999994,0.05313477743125,0.0
2023-01-13 04:30:00,49.753750000000004,0.05699834378375,0.0
2023-01-13 05:30:00,47.93375,0.05491333540375,0.0
2023-01-13 06:30:00,46.37375,0.053126185363749995,0.0
2023-01-13 07:30:00,47.95875,0.05494197562875,0.0
2023-01-13 08:30:00,58.08666666666667,0.06654460811333335,0.0
2023-01-13 09:30:00,267.8616666666667,0.30686473608833337,0.0
2023-01-13 10:30:00,223.25333333333333,0.25576102794666666,0.0
2023-01-13 14:30:00,120.90375,0.13850842413375003,0.0
2023-01-13 15:30:00,100.20125,0.11479145381125001,0.0
2023-01-13 16:30:00,106.13374999999999,0.12158777920375001,0.0
2023-01-13 17:30:00,96.6075,0.11067442146750002,0.0
2023-01-13 18:30:00,69.3475,0.0794451201275,0.0
2023-01-13 19:30:00,67.1325,0.07690759619250001,0.0
2023-01-13 20:30:00,55.13875,0.06316744824875001,0.0
2023-01-13 21:30:00,52.3525,0.059975495172500004,0.0
2023-01-13 22:30:00,47.36125,0.05425747425125,0.0
2023-01-13 23:30:00,42.817499999999995,0.049052113357499996,0.0
2023-01-14 00:30:00,41.955,0.048064025595000004,0.0
2023-01-14 01:30:00,42.815,0.049049249335,0.0
2023-01-14 02:30:00,40.78375,0.04672223105375,0.0
2023-01-14 03:30:00,40.973749999999995,0.04693989676375,0.0
2023-01-14 04:30:00,41.34125,0.04736090807125,0.0
2023-01-14 05:30:00,42.41,0.04858527769,0.0
2023-01-14 06:30:00,41.8775,0.0479752408975,0.0
2023-01-14 07:30:00,47.66,0.054599724940000004,0.0
2023-01-14 08:30:00,28.91,0.03311955619,0.0
2023-01-16 14:30:00,12.713333333333331,0.014564509086666663,0.0
2023-01-16 19:30:00,29.39125,0.03367088052125,0.0
2023-01-16 20:30:00,24.08125,0.02758769673125,0.0
2023-01-16 21:30:00,23.85,0.027322774650000003,0.0
2023-01-16 22:30:00,24.37625,0.02792565138625,0.0
2023-01-16 23:30:00,27.481250000000003,0.03148276733125,0.0
2023-01-17 00:30:00,34.197500000000005,0.039176963777500004,0.0
2023-01-17 01:30:00,24.884999999999998,0.028508479965,0.0
2023-01-17 02:30:00,21.69375,0.02485255524375,0.0
2023-01-17 03:30:00,29.02,0.03324557318,0.0
2023-01-17 04:30:00,33.23375,0.03807288310375,0.0
2023-01-17 05:30:00,42.5875,0.0487886232875,0.0
2023-01-17 06:30:00,43.28125,0.04958338953125,0.0
2023-01-17 07:30:00,47.0275,0.0538751272475,0.0
2023-01-17 08:30:00,46.05375,0.05275959048375,0.0
2023-01-17 09:30:00,33.7025,0.038609887322499994,0.0
2023-01-17 21:30:00,19.16375,0.02195416447375,0.0
2023-01-17 22:30:00,24.58,0.02815906922,0.0
2023-01-17 23:30:00,22.79,0.02610842911,0.0
2023-01-18 00:30:00,23.5425,0.0269704998825,0.0
2023-01-18 01:30:00,23.564999999999998,0.026996276085,0.0
2023-01-18 02:30:00,23.87125,0.02734711884125,0.0
2023-01-18 03:30:00,21.88375,0.02507022095375,0.0
2023-01-18 04:30:00,21.9225,0.0251146133025,0.0
2023-01-18 05:30:00,25.6275,0.0293590946475,0.0
2023-01-18 06:30:00,31.403750000000002,0.03597641863375001,0.0
2023-01-18 07:30:00,28.971249999999998,0.03318972474125,0.0
2023-01-18 08:30:00,28.3825,0.0325152474425,0.0
2023-01-18 09:30:00,21.60833333333333,0.02475470114166667,0.0
2023-01-18 14:30:00,24.67375,0.02826647006375,0.0
2023-01-18 15:30:00,30.457499999999996,0.0348923861175,0.0
2023-01-18 16:30:00,33.4475,0.0383177570275,0.0
2023-01-18 17:30:00,35.5225,0.0406948957025,0.0
2023-01-18 18:30:00,38.70375,0.044339364333750006,0.0
2023-01-18 19:30:00,51.972500000000004,0.0595401637525,0.0
2023-01-18 20:30:00,39.38375,0.045118378453750003,0.0
2023-01-18 21:30:00,34.57125,0.03960513514125,0.0
2023-01-18 22:30:00,30.51375,0.034956826623750006,0.0
2023-01-18 23:30:00,28.75125,0.03293769076125,0.0
2023-01-19 00:30:00,33.045,0.037856649405000005,0.0
2023-01-19 01:30:00,47.205,0.054078472844999996,0.0
2023-01-19 02:30:00,36.985,0.042370348865000004,0.0
2023-01-19 03:30:00,33.6275,0.038523966647500005,0.0
2023-01-19 04:30:00,30.04,0.03441409436,0.0
2023-01-19 05:30:00,30.16,0.03455156744,0.0
2023-01-19 06:30:00,35.235,0.040365533115000005,0.0
2023-01-19 07:30:00,41.11375,0.04710028202375,0.0
2023-01-19 08:30:00,48.2025,0.0552212178225,0.0
2023-01-19 09:30:00,41.10375,0.04708882593375,0.0
2023-01-19 10:30:00,34.603750000000005,0.03964236743375,0.0
2023-01-19 11:30:00,19.9475,0.0228520355275,0.0
2023-01-19 12:30:00,30.0325,0.0344055022925,0.0
2023-01-19 13:30:00,26.7525,0.0306479047725,0.0
2023-01-19 14:30:00,17.3,0.0198190357,0.0
2023-01-19 17:30:00,38.7825,0.0444295810425,0.0
2023-01-19 18:30:00,42.511250000000004,0.048701270601250006,0.0
2023-01-19 19:30:00,35.36,0.040508734240000004,0.0
2023-01-19 20:30:00,36.01875,0.041263404168750004,0.0
2023-01-19 21:30:00,39.43,0.04517136287,0.0
2023-01-19 22:30:00,40.166250000000005,0.046014817496250006,0.0
2023-01-19 23:30:00,36.645,0.041980841805,0.0
2023-01-20 00:30:00,36.64625,0.04198227381625,0.0
2023-01-20 01:30:00,37.845,0.043355572605,0.0
2023-01-20 02:30:00,33.8675,0.0387989128075,0.0
2023-01-20 03:30:00,35.46124999999999,0.04062472715125,0.0
2023-01-20 04:30:00,35.5425,0.0407178078825,0.0
2023-01-20 05:30:00,32.63625,0.03738838172625,0.0
2023-01-20 06:30:00,38.11625,0.04366631904625,0.0
2023-01-25 12:30:00,13.751666666666667,0.015754033098333335,0.0
2023-01-25 13:30:00,15.762500000000003,0.018057661862500005,0.0
2023-01-25 18:30:00,111.26625,0.12746761739625,0.0
2023-01-25 19:30:00,105.705,0.121096599345,0.0
2023-01-25 20:30:00,85.87375,0.09837774086375001,0.0
2023-01-25 21:30:00,77.5575,0.08885057001749999,0.0
2023-01-25 22:30:00,68.485,0.078457032365,0.0
2023-01-25 23:30:00,63.199999999999996,0.0724024888,0.0
2023-01-26 00:30:00,43.57125,0.04991561614125001,0.0
2023-01-26 01:30:00,36.588750000000005,0.04191640129875,0.0
2023-01-26 02:30:00,42.5875,0.0487886232875,0.0
2023-01-26 03:30:00,45.67375,0.05232425906375,0.0
2023-01-26 04:30:00,45.44625,0.05206363301625,0.0
2023-01-26 05:30:00,49.473749999999995,0.056677573263749996,0.0
2023-01-26 06:30:00,51.5175,0.0590189116575,0.0
2023-01-26 07:30:00,51.52875,0.05903179975875,0.0
2023-01-26 08:30:00,46.378750000000004,0.05313191340875001,0.0
2023-01-26 18:30:00,76.31166666666667,0.08742333213833335,0.0
2023-01-26 19:30:00,69.98625000000001,0.08017687787625001,0.0
2023-01-26 20:30:00,69.86500000000001,0.080037972785,0.0
2023-01-26 21:30:00,58.17125,0.06664150754124999,0.0
2023-01-26 22:30:00,55.11750000000001,0.06314310405750001,0.0
2023-01-26 23:30:00,51.34625,0.05882272611625,0.0
2023-01-27 00:30:00,34.215,0.039197011935000005,0.0
2023-01-27 01:30:00,33.73875,0.03865141564875001,0.0
2023-01-27 02:30:00,33.945,0.038887697505,0.0
2023-01-27 03:30:00,34.1625,0.0391368674625,0.0
2023-01-27 04:30:00,30.74625,0.03522318071625,0.0
2023-01-27 05:30:00,34.61375,0.039653823523750006,0.0
2023-01-27 06:30:00,34.51625,0.03954212664625,0.0
2023-01-27 07:30:00,36.1125,0.0413708050125,0.0
2023-01-27 08:30:00,31.9075,0.0365535191675,0.0
2023-01-27 16:30:00,10.3875,0.011900013487500001,0.0
2023-01-27 17:30:00,34.4525,0.039469094072499995,0.0
2023-01-27 18:30:00,53.15,0.06088911835,0.0
2023-01-27 19:30:00,79.92875000000001,0.09156709535875,0.0
2023-01-27 20:30:00,74.26124999999999,0.08507435635124999,0.0
2023-01-27 21:30:00,69.12,0.07918449408,0.0
2023-01-27 22:30:00,69.24625,0.07932912721625,0.0
2023-01-27 23:30:00,71.74375,0.08219028569375,0.0
2023-01-28 00:30:00,51.1625,0.0586122204625,0.0
2023-01-28 01:30:00,45.838750000000005,0.05251328454875,0.0
2023-01-28 02:30:00,36.22125,0.041495389991250006,0.0
2023-01-28 03:30:00,33.3525,0.038208924172500006,0.0
2023-01-28 04:30:00,33.822500000000005,0.0387473604025,0.0
2023-01-28 05:30:00,33.2275,0.0380657230475,0.0
2023-01-28 06:30:00,29.99625,0.03436397396625,0.0
2023-01-28 07:30:00,28.68875,0.032866090198749996,0.0
2023-01-28 08:30:00,11.3175,0.012965429857500002,0.0
2023-01-28 18:30:00,86.16,0.09870567144,0.0
2023-01-28 19:30:00,78.40125,0.08981717761125001,0.0
2023-01-28 20:30:00,61.68125,0.07066259513125,0.0
2023-01-28 21:30:00,55.475,0.063552659275,0.0
2023-01-28 22:30:00,57.52125,0.06589686169125,0.0
2023-01-28 23:30:00,58.64375,0.06718280779375001,0.0
2023-01-29 00:30:00,53.715,0.061536387435000006,0.0
2023-01-29 01:30:00,55.4025,0.0634696026225,0.0
2023-01-29 02:30:00,55.14,0.06316888025999999,0.0
2023-01-29 03:30:00,56.14125,0.06431592127124999,0.0
2023-01-29 04:30:00,54.54625,0.06248867491625,0.0
2023-01-29 05:30:00,58.065,0.066519786585,0.0
2023-01-29 06:30:00,61.543749999999996,0.07050507389374999,0.0
2023-01-29 07:30:00,59.926249999999996,0.06865205133625,0.0
2023-01-29 08:30:00,57.16875,0.06549303451875002,0.0
2023-01-29 09:30:00,54.69125,0.06265478822125001,0.0
2023-01-29 10:30:00,37.665,0.043149362985,0.0
2023-01-29 16:30:00,44.1175,0.0505414050575,0.0
2023-01-29 17:30:00,34.1325,0.0391024991925,0.0
2023-01-29 18:30:00,39.4125,0.0451513147125,0.0
2023-01-29 19:30:00,37.635,0.043114994715,0.0
2023-01-29 20:30:00,37.61125,0.04308778650125,0.0
2023-01-29 21:30:00,33.065,0.037879561585,0.0
2023-01-29 22:30:00,33.8625,0.0387931847625,0.0
2023-01-29 23:30:00,33.0025,0.0378079610225,0.0
2023-01-30 00:30:00,35.45625,0.04061899910625,0.0
2023-01-30 01:30:00,33.61375,0.03850821452375001,0.0
2023-01-30 02:30:00,35.635000000000005,0.040823776715,0.0
2023-01-30 03:30:00,41.81125,0.04789934430125,0.0
2023-01-30 04:30:00,38.875,0.044535549875,0.0
2023-01-30 05:30:00,42.1725,0.0483131955525,0.0
2023-01-30 06:30:00,36.48125,0.041793248331250005,0.0
2023-01-30 07:30:00,33.255,0.038097227295,0.0
2023-01-30 16:30:00,83.28125,0.09540774953125,0.0
2023-01-30 17:30:00,62.11,0.07115377499,0.0
2023-01-30 18:30:00,65.94250000000001,0.07554432148250001,0.0
2023-01-30 19:30:00,56.43625,0.06465387592625,0.0
2023-01-30 20:30:00,51.915000000000006,0.059474291235000004,0.0
2023-01-30 21:30:00,47.3425,0.0542359940825,0.0
2023-01-30 22:30:00,49.698750000000004,0.05693533528875,0.0
2023-01-30 23:30:00,48.136250000000004,0.05514532122625,0.0
2023-01-31 00:30:00,48.30125,0.05533434671125,0.0
2023-01-31 01:30:00,46.47125,0.05323788224125,0.0
2023-01-31 02:30:00,47.61750000000001,0.0545510365575,0.0
2023-01-31 03:30:00,44.977500000000006,0.0515266287975,0.0
2023-01-31 04:30:00,45.95875,0.05265075762875,0.0
2023-01-31 05:30:00,44.75125,0.05126743476125,0.0
2023-01-31 06:30:00,47.0625,0.0539152235625,0.0
2023-01-31 07:30:00,52.96375,0.06067574867375,0.0
2023-01-31 08:30:00,51.254999999999995,0.058718189295,0.0
2023-01-31 17:30:00,94.18,0.10789345562000001,0.0
2023-01-31 18:30:00,82.54375,0.09456286289375,0.0
2023-01-31 19:30:00,66.99375,0.07674864294375,0.0
2023-01-31 20:30:00,52.54,0.06019029686,0.0
2023-01-31 21:30:00,54.68125,0.06264333213125,0.0
2023-01-31 22:30:00,53.802499999999995,0.06163662822249999,0.0
2023-01-31 23:30:00,51.04125,0.058473315371249994,0.0
2023-02-01 00:30:00,50.05625,0.05734489050625,0.0
2023-02-01 01:30:00,50.03375,0.05731911430375,0.0
2023-02-01 02:30:00,46.6225,0.0534111556025,0.0
2023-02-01 03:30:00,48.0525,0.055049376472499995,0.0
2023-02-01 04:30:00,51.28625,0.058753989576250006,0.0
2023-02-01 05:30:00,51.14125,0.058587876271250006,0.0
2023-02-01 06:30:00,50.46875,0.05781745421875,0.0
2023-02-01 07:30:00,54.48375,0.06241707435375,0.0
2023-02-01 08:30:00,44.826666666666675,0.05135383277333334,0.0
2023-02-01 13:30:00,32.57875,0.03732250920875001,0.0
2023-02-01 14:30:00,35.4125,0.040568878712500006,0.0
2023-02-01 15:30:00,70.25375,0.08048332828375,0.0
2023-02-01 16:30:00,99.14625000000001,0.11358283631625002,0.0
2023-02-01 17:30:00,87.2775,0.09998588949750001,0.0
2023-02-01 18:30:00,86.39625000000001,0.09897632156625,0.0
2023-02-01 19:30:00,78.31375,0.08971693682375001,0.0
2023-02-01 20:30:00,81.92999999999999,0.09385974537,0.0
2023-02-01 21:30:00,69.88875,0.08006518099875001,0.0
2023-02-01 22:30:00,64.83,0.07426983147,0.0
2023-02-01 23:30:00,59.07625,0.06767828368625,0.0
2023-02-02 00:30:00,53.181250000000006,0.060924918631250005,0.0
2023-02-02 01:30:00,54.545,0.062487242905000004,0.0
2023-02-02 02:30:00,54.401250000000005,0.06232256161125,0.0
2023-02-02 03:30:00,49.615,0.056839390535,0.0
2023-02-02 04:30:00,52.005,0.05957739604500001,0.0
2023-02-02 05:30:00,50.98625,0.05841030687625,0.0
2023-02-02 06:30:00,55.120000000000005,0.06314596808,0.0
2023-02-02 07:30:00,65.89625000000001,0.07549133706625001,0.0
2023-02-02 08:30:00,51.51875,0.05902034366875,0.0
2023-02-02 09:30:00,35.04625,0.04014929941625,0.0
2023-02-02 10:30:00,27.10875,0.031056027978750005,0.0
2023-02-02 11:30:00,47.4825,0.054396379342499995,0.0
2023-02-02 12:30:00,60.85625,0.06971746770625001,0.0
2023-02-02 13:30:00,74.16375,0.08496265947375,0.0
2023-02-02 14:30:00,71.04375,0.08138835939375,0.0
2023-02-02 15:30:00,67.58375,0.07742455225375,0.0
2023-02-02 16:30:00,76.925,0.08812597232500001,0.0
2023-02-02 17:30:00,63.4075,0.07264020266749999,0.0
2023-02-02 18:30:00,66.84625000000001,0.07657966561625001,0.0
2023-02-02 19:30:00,72.00500000000001,0.08248957604500001,0.0
2023-02-02 20:30:00,65.77250000000001,0.0753495679525,0.0
2023-02-02 21:30:00,55.88375,0.06402092695375,0.0
2023-02-02 22:30:00,45.7275,0.0523858355475,0.0
2023-02-02 23:30:00,49.87625,0.05713868088625,0.0
2023-02-03 00:30:00,44.412499999999994,0.0508793597125,0.0
2023-02-03 01:30:00,38.63875,0.04426489974875,0.0
2023-02-03 02:30:00,37.20125,0.042618086811250004,0.0
2023-02-03 03:30:00,40.23125,0.04608928208125,0.0
2023-02-03 04:30:00,47.19125,0.054062720721250006,0.0
2023-02-03 05:30:00,43.855,0.050240682695,0.0
2023-02-03 06:30:00,47.910000000000004,0.05488612719,0.0
2023-02-03 07:30:00,51.41125,0.05889719070125,0.0
2023-02-03 08:30:00,46.40375,0.05316055363375,0.0
2023-02-03 09:30:00,50.50375,0.057857550533749996,0.0
2023-02-03 10:30:00,47.073750000000004,0.05392811166375001,0.0
2023-02-03 11:30:00,43.230000000000004,0.04952467707000001,0.0
2023-02-03 12:30:00,23.44125,0.026854506971250004,0.0
2023-02-03 13:30:00,33.3775,0.0382375643975,0.0
2023-02-03 14:30:00,50.94,0.05835732246,0.0
2023-02-03 15:30:00,59.43375,0.06808783890375,0.0
2023-02-03 16:30:00,76.40875,0.08753455167875,0.0
2023-02-03 17:30:00,70.1425,0.0803558792825,0.0
2023-02-03 18:30:00,64.86875,0.07431422381875,0.0
2023-02-03 19:30:00,54.207499999999996,0.0621005998675,0.0
2023-02-03 20:30:00,39.9775,0.0457985837975,0.0
2023-02-03 21:30:00,38.4825,0.044085898342500006,0.0
2023-02-03 22:30:00,35.225,0.040354077025,0.0
2023-02-03 23:30:00,26.0,0.029785833999999997,0.0
2023-02-04 00:30:00,29.9575,0.034319581617500004,0.0
2023-02-04 01:30:00,29.06,0.03329139754,0.0
2023-02-04 02:30:00,30.30625,0.034719112756250003,0.0
2023-02-04 03:30:00,30.43125,0.03486231388125001,0.0
2023-02-04 04:30:00,28.93625,0.03314962842625,0.0
2023-02-04 05:30:00,33.25375,0.03809579528375,0.0
2023-02-04 06:30:00,44.49625,0.05097530446625,0.0
2023-02-04 07:30:00,50.885,0.058294313965,0.0
