DateTime,measuring
2022-11-21 12:30:00,31.125
2022-11-21 13:30:00,31.495
2022-11-21 16:30:00,31.86875
2022-11-21 17:30:00,31.5225
2022-11-21 18:30:00,31.4125
2022-11-21 19:30:00,31.488333333333333
2022-11-21 21:30:00,31.41
2022-11-21 22:30:00,31.235
2022-11-22 07:30:00,31.113333333333333
2022-11-22 08:30:00,31.1475
2022-11-22 09:30:00,31.221249999999998
2022-11-22 10:30:00,31.15
2022-11-22 11:30:00,30.876666666666665
2022-11-22 13:30:00,31.02
2022-11-22 14:30:00,31.2775
2022-11-22 15:30:00,31.14
2022-11-22 16:30:00,31.07375
2022-11-22 18:30:00,30.971249999999998
2022-11-23 13:30:00,28.247500000000002
2022-11-23 14:30:00,26.4825
2022-11-23 15:30:00,26.161250000000003
2022-11-23 16:30:00,26.44125
2022-11-23 18:30:00,28.901666666666667
2022-11-23 19:30:00,29.17375
2022-11-23 20:30:00,29.2875
2022-11-23 21:30:00,29.3975
2022-11-24 00:30:00,29.58125
2022-11-24 01:30:00,29.60875
2022-11-24 02:30:00,29.622500000000002
2022-11-24 03:30:00,29.62875
2022-11-24 05:30:00,29.62
2022-11-24 06:30:00,29.61625
2022-11-24 07:30:00,29.61625
2022-11-24 08:30:00,29.605
2022-11-24 10:30:00,29.76
2022-11-24 11:30:00,29.786250000000003
2022-11-25 21:30:00,30.46125
2022-11-25 22:30:00,30.5975
2022-11-25 23:30:00,30.6125
2022-11-26 00:30:00,30.605
2022-11-26 02:30:00,30.48833333333333
2022-11-26 03:30:00,30.43125
2022-11-26 04:30:00,30.38625
2022-11-26 05:30:00,30.34875
2022-11-26 06:30:00,30.326666666666668
2022-11-26 08:30:00,30.362499999999997
2022-11-26 09:30:00,30.411250000000003
2022-11-26 10:30:00,30.45
2022-11-26 11:30:00,30.50375
2022-11-26 13:30:00,30.6325
2022-11-26 14:30:00,30.69125
2022-11-26 15:30:00,30.6475
2022-11-26 16:30:00,30.5975
2022-11-26 18:30:00,30.486666666666665
2022-11-26 19:30:00,30.41
2022-11-26 20:30:00,30.3475
2022-11-26 21:30:00,30.3275
2022-11-27 00:30:00,30.26375
2022-11-27 01:30:00,30.1625
2022-11-27 02:30:00,30.15
2022-11-27 03:30:00,30.133333333333336
2022-11-27 05:30:00,30.064999999999998
2022-11-27 06:30:00,30.009999999999998
2022-11-27 07:30:00,29.926250000000003
2022-11-27 08:30:00,29.85
2022-11-27 10:30:00,29.6275
2022-11-27 17:30:00,29.785
2022-11-27 18:30:00,30.131249999999998
2022-11-27 19:30:00,30.09375
2022-11-27 20:30:00,30.0375
2022-11-27 21:30:00,29.96875
2022-11-27 22:30:00,29.925
2022-11-27 23:30:00,29.89
2022-11-28 00:30:00,29.805
2022-11-28 01:30:00,29.75
2022-11-28 02:30:00,29.7075
2022-11-28 03:30:00,29.67
2022-11-28 04:30:00,29.63625
2022-11-28 05:30:00,29.60125
2022-11-28 06:30:00,29.57375
2022-11-28 07:30:00,29.55125
2022-11-28 08:30:00,29.56375
2022-11-28 09:30:00,29.59
2022-11-28 10:30:00,29.655
2022-11-28 11:30:00,30.1075
2022-11-28 12:30:00,29.8825
2022-11-28 13:30:00,30.24125
2022-11-28 14:30:00,30.1325
2022-11-28 15:30:00,29.89875
2022-11-28 16:30:00,29.71375
2022-11-28 17:30:00,29.6175
2022-11-28 18:30:00,29.5475
2022-11-28 19:30:00,29.450000000000003
2022-11-28 20:30:00,29.02
2022-11-28 21:30:00,28.591875
2022-11-28 23:30:00,29.563333333333333
2022-11-29 00:30:00,29.535
2022-11-29 01:30:00,29.455
2022-11-29 02:30:00,29.37875
2022-11-29 03:30:00,29.326249999999998
2022-11-29 04:30:00,29.28875
2022-11-29 05:30:00,29.26625
2022-11-29 06:30:00,29.2425
2022-11-29 07:30:00,29.23
2022-11-29 08:30:00,29.244999999999997
2022-11-29 10:30:00,26.91375
2022-11-29 11:30:00,25.96625
2022-11-29 12:30:00,25.695
2022-11-29 13:30:00,25.43
2022-11-29 14:30:00,26.46
2022-11-29 15:30:00,27.7775
2022-11-29 16:30:00,27.25125
2022-11-29 17:30:00,28.189999999999998
2022-11-29 18:30:00,28.54
2022-11-29 19:30:00,28.575
2022-11-29 20:30:00,28.5925
2022-11-29 21:30:00,28.88375
2022-11-29 22:30:00,29.0525
2022-11-29 23:30:00,28.958750000000002
2022-11-30 00:30:00,28.805
2022-11-30 01:30:00,28.77125
2022-11-30 02:30:00,28.748749999999998
2022-11-30 03:30:00,28.74375
2022-11-30 04:30:00,28.758750000000003
2022-11-30 05:30:00,28.76875
2022-11-30 06:30:00,28.77
2022-11-30 07:30:00,28.79625
2022-11-30 08:30:00,28.849999999999998
2022-11-30 09:30:00,28.92375
2022-11-30 10:30:00,29.19625
2022-11-30 11:30:00,29.34
2022-11-30 12:30:00,29.35875
2022-11-30 13:30:00,29.345
2022-11-30 14:30:00,29.33125
2022-11-30 15:30:00,29.225
2022-11-30 16:30:00,29.072499999999998
2022-11-30 17:30:00,29.01125
2022-11-30 18:30:00,28.8925
2022-11-30 19:30:00,28.78
2022-11-30 20:30:00,28.903750000000002
2022-11-30 21:30:00,28.8925
2022-11-30 22:30:00,28.830000000000002
2022-11-30 23:30:00,28.74125
2022-12-01 00:30:00,28.69125
2022-12-01 01:30:00,28.77
2022-12-01 02:30:00,28.83
2022-12-01 03:30:00,28.855
2022-12-01 04:30:00,28.87375
2022-12-01 05:30:00,28.89625
2022-12-01 06:30:00,28.90875
2022-12-01 07:30:00,28.918750000000003
2022-12-01 08:30:00,28.93
2022-12-01 09:30:00,28.971249999999998
2022-12-01 10:30:00,29.033749999999998
2022-12-01 11:30:00,29.11375
2022-12-01 12:30:00,29.11
2022-12-01 13:30:00,29.19
2022-12-01 14:30:00,29.255
2022-12-01 15:30:00,29.30375
2022-12-01 16:30:00,29.37875
2022-12-01 17:30:00,29.408749999999998
2022-12-01 18:30:00,29.405
2022-12-01 19:30:00,29.35
2022-12-01 20:30:00,29.29875
2022-12-01 21:30:00,29.25375
2022-12-01 22:30:00,29.2325
2022-12-01 23:30:00,29.2325
2022-12-02 00:30:00,29.263749999999998
2022-12-02 01:30:00,29.28125
2022-12-02 02:30:00,29.29
2022-12-02 03:30:00,29.29875
2022-12-02 04:30:00,29.32
2022-12-02 05:30:00,29.3375
2022-12-02 06:30:00,29.3625
2022-12-02 07:30:00,29.384999999999998
2022-12-02 08:30:00,29.39375
2022-12-02 09:30:00,29.4025
2022-12-02 10:30:00,29.5625
2022-12-02 11:30:00,29.82125
2022-12-02 12:30:00,29.83625
2022-12-02 13:30:00,28.5675
2022-12-02 14:30:00,27.555
2022-12-02 15:30:00,27.1625
2022-12-02 16:30:00,26.4825
2022-12-02 17:30:00,25.9525
2022-12-02 18:30:00,25.71375
2022-12-02 20:30:00,28.593333333333334
2022-12-02 21:30:00,29.03625
2022-12-02 22:30:00,29.42375
2022-12-02 23:30:00,29.59
2022-12-03 00:30:00,29.605
2022-12-03 01:30:00,29.6575
2022-12-03 02:30:00,29.7175
2022-12-03 03:30:00,29.78125
2022-12-03 04:30:00,29.86
2022-12-03 05:30:00,29.927500000000002
2022-12-03 06:30:00,29.99
2022-12-03 07:30:00,30.02125
2022-12-03 08:30:00,30.04125
2022-12-03 09:30:00,30.12375
2022-12-03 10:30:00,30.24125
2022-12-03 11:30:00,30.3775
2022-12-03 12:30:00,30.49125
2022-12-03 13:30:00,30.616249999999997
2022-12-03 14:30:00,30.544999999999998
2022-12-03 15:30:00,28.53125
2022-12-03 16:30:00,27.373749999999998
2022-12-03 17:30:00,27.00625
2022-12-03 18:30:00,28.74
2022-12-03 19:30:00,29.60625
2022-12-03 20:30:00,30.21
2022-12-03 21:30:00,30.445
2022-12-03 22:30:00,30.63375
2022-12-03 23:30:00,30.84
2022-12-04 00:30:00,30.82125
2022-12-04 02:30:00,30.834999999999997
2022-12-04 03:30:00,30.88333333333333
2022-12-04 04:30:00,30.92
2022-12-04 05:30:00,30.968333333333334
2022-12-04 07:30:00,31.0075
2022-12-04 08:30:00,31.012500000000003
2022-12-04 09:30:00,31.02625
2022-12-04 10:30:00,31.04375
2022-12-04 11:30:00,31.072499999999998
2022-12-04 12:30:00,31.0975
2022-12-04 13:30:00,30.77
2022-12-04 14:30:00,28.92375
2022-12-04 15:30:00,27.6975
2022-12-04 16:30:00,27.146250000000002
2022-12-04 17:30:00,26.73375
2022-12-04 19:30:00,29.771666666666665
2022-12-04 20:30:00,30.295
2022-12-04 21:30:00,30.666249999999998
2022-12-04 22:30:00,30.66
2022-12-04 23:30:00,30.5225
2022-12-05 00:30:00,30.47
2022-12-05 01:30:00,30.45625
2022-12-05 02:30:00,30.44
2022-12-05 03:30:00,30.45
2022-12-05 04:30:00,30.47
2022-12-05 05:30:00,30.4925
2022-12-05 06:30:00,30.5225
2022-12-05 07:30:00,30.556250000000002
2022-12-05 08:30:00,30.5925
2022-12-05 09:30:00,30.94125
2022-12-05 10:30:00,31.30375
2022-12-05 11:30:00,31.3525
2022-12-05 12:30:00,31.3425
2022-12-05 13:30:00,30.3425
2022-12-05 14:30:00,30.0825
2022-12-05 15:30:00,29.65875
2022-12-05 16:30:00,29.36625
2022-12-05 17:30:00,29.81875
2022-12-05 18:30:00,30.1525
2022-12-05 19:30:00,30.42125
2022-12-05 20:30:00,30.71
2022-12-05 21:30:00,30.692500000000003
2022-12-05 22:30:00,30.58375
2022-12-05 23:30:00,30.4925
2022-12-06 00:30:00,30.471249999999998
2022-12-06 01:30:00,30.471249999999998
2022-12-06 02:30:00,30.48
2022-12-06 03:30:00,30.48
2022-12-06 04:30:00,30.47875
2022-12-06 05:30:00,30.46625
2022-12-06 06:30:00,30.44875
2022-12-06 07:30:00,30.425
2022-12-06 08:30:00,30.40625
2022-12-06 09:30:00,30.365
2022-12-06 10:30:00,30.1125
2022-12-06 11:30:00,29.7025
2022-12-06 12:30:00,29.517500000000002
2022-12-06 13:30:00,29.4725
2022-12-06 14:30:00,29.6575
2022-12-06 15:30:00,29.90625
2022-12-06 16:30:00,29.92375
2022-12-06 17:30:00,29.575
2022-12-06 18:30:00,29.685000000000002
2022-12-06 19:30:00,29.8275
2022-12-06 20:30:00,29.903750000000002
2022-12-06 21:30:00,29.965
2022-12-06 22:30:00,30.00875
2022-12-06 23:30:00,30.05
2022-12-07 00:30:00,30.099999999999998
2022-12-07 01:30:00,30.15
2022-12-07 02:30:00,30.18875
2022-12-07 03:30:00,30.208750000000002
2022-12-07 04:30:00,30.21875
2022-12-07 05:30:00,30.22875
2022-12-07 06:30:00,30.24375
2022-12-07 07:30:00,30.182499999999997
2022-12-07 08:30:00,30.0325
2022-12-07 11:30:00,28.1475
2022-12-07 12:30:00,28.718333333333334
2022-12-07 19:30:00,27.39125
2022-12-07 20:30:00,26.603749999999998
2022-12-07 21:30:00,25.932499999999997
2022-12-07 22:30:00,25.161250000000003
2022-12-07 23:30:00,24.705
2022-12-08 00:30:00,24.05875
2022-12-08 01:30:00,23.51125
2022-12-08 02:30:00,23.1575
2022-12-08 03:30:00,22.7775
2022-12-08 04:30:00,22.17125
2022-12-08 05:30:00,21.74625
2022-12-08 06:30:00,22.32
2022-12-08 07:30:00,25.625
2022-12-08 08:30:00,28.975
2022-12-08 09:30:00,31.57
2022-12-08 10:30:00,32.661249999999995
2022-12-08 11:30:00,33.4625
2022-12-08 12:30:00,33.853750000000005
2022-12-08 13:30:00,34.005
2022-12-08 14:30:00,33.83375
2022-12-08 15:30:00,33.80375
2022-12-08 16:30:00,33.644999999999996
2022-12-08 17:30:00,32.583749999999995
2022-12-08 18:30:00,30.677500000000002
2022-12-08 19:30:00,28.35625
2022-12-08 20:30:00,27.439999999999998
2022-12-08 21:30:00,27.025
2022-12-08 22:30:00,26.95
2022-12-08 23:30:00,26.77
2022-12-09 00:30:00,26.27375
2022-12-09 01:30:00,25.82625
2022-12-09 02:30:00,25.652499999999996
2022-12-09 03:30:00,25.56625
2022-12-09 04:30:00,25.296249999999997
2022-12-09 05:30:00,25.287499999999998
2022-12-09 06:30:00,26.0075
2022-12-09 07:30:00,27.1075
2022-12-09 08:30:00,27.88875
2022-12-09 09:30:00,31.0625
2022-12-09 10:30:00,31.708750000000002
2022-12-09 11:30:00,34.5375
2022-12-09 12:30:00,36.19
2022-12-09 13:30:00,36.192499999999995
2022-12-09 14:30:00,35.8525
2022-12-09 15:30:00,34.9725
2022-12-09 16:30:00,33.445
2022-12-09 17:30:00,32.011250000000004
2022-12-09 18:30:00,29.865
2022-12-09 19:30:00,28.1775
2022-12-09 20:30:00,27.5325
2022-12-09 21:30:00,27.46125
2022-12-09 22:30:00,27.2275
2022-12-09 23:30:00,27.034999999999997
2022-12-10 00:30:00,26.965
2022-12-10 01:30:00,26.775
2022-12-10 02:30:00,26.53375
2022-12-10 03:30:00,26.27875
2022-12-10 04:30:00,25.86
2022-12-10 05:30:00,25.5225
2022-12-10 06:30:00,26.07166666666667
2022-12-10 07:30:00,29.805
2022-12-10 08:30:00,32.235
2022-12-10 09:30:00,34.0225
2022-12-10 10:30:00,35.69624999999999
2022-12-10 11:30:00,37.01375
2022-12-10 12:30:00,38.03375
2022-12-10 13:30:00,38.85875
2022-12-10 14:30:00,39.963750000000005
2022-12-10 15:30:00,38.6025
2022-12-10 16:30:00,35.81
2022-12-10 17:30:00,34.5875
2022-12-10 18:30:00,32.185
2022-12-10 19:30:00,30.96125
2022-12-10 20:30:00,30.5225
2022-12-10 21:30:00,29.59625
2022-12-10 22:30:00,28.70625
2022-12-10 23:30:00,27.96375
2022-12-11 00:30:00,27.4125
2022-12-11 01:30:00,27.5575
2022-12-11 02:30:00,27.54875
2022-12-11 03:30:00,27.36625
2022-12-11 04:30:00,27.07
2022-12-11 05:30:00,27.13375
2022-12-11 06:30:00,27.39125
2022-12-11 07:30:00,28.88125
2022-12-11 08:30:00,30.06125
2022-12-11 09:30:00,33.75625
2022-12-11 10:30:00,35.2225
2022-12-11 11:30:00,35.51625
2022-12-11 12:30:00,34.333749999999995
2022-12-11 13:30:00,33.205
2022-12-11 14:30:00,33.95125
2022-12-11 15:30:00,34.10875
2022-12-11 16:30:00,33.616249999999994
2022-12-11 17:30:00,33.02625
2022-12-11 18:30:00,30.520000000000003
2022-12-11 19:30:00,29.19125
2022-12-11 20:30:00,28.54625
2022-12-11 21:30:00,27.9725
2022-12-11 22:30:00,27.655
2022-12-11 23:30:00,27.549999999999997
2022-12-12 00:30:00,27.4425
2022-12-12 01:30:00,27.22375
2022-12-12 02:30:00,26.856250000000003
2022-12-12 03:30:00,26.5625
2022-12-12 04:30:00,26.3625
2022-12-12 05:30:00,26.07125
2022-12-12 06:30:00,26.521666666666665
2022-12-12 07:30:00,30.338333333333335
2022-12-12 08:30:00,34.37125
2022-12-12 09:30:00,36.62166666666667
2022-12-12 10:30:00,39.21666666666667
2022-12-12 11:30:00,41.13666666666666
2022-12-12 12:30:00,43.415
2022-12-12 14:30:00,43.47375
2022-12-12 15:30:00,43.19625
2022-12-12 16:30:00,41.84
2022-12-12 17:30:00,38.15
2022-12-12 18:30:00,35.25
2022-12-12 21:30:00,24.776249999999997
2022-12-12 22:30:00,24.17
2022-12-12 23:30:00,23.4175
2022-12-13 00:30:00,22.213333333333335
2022-12-13 01:30:00,22.2525
2022-12-13 02:30:00,22.468333333333334
2022-12-13 04:30:00,23.515
2022-12-13 05:30:00,23.655
2022-12-13 06:30:00,23.825000000000003
2022-12-13 08:30:00,29.40125
2022-12-13 09:30:00,30.3525
2022-12-13 10:30:00,31.4625
2022-12-13 11:30:00,31.6525
2022-12-13 12:30:00,31.5875
2022-12-13 13:30:00,31.345
2022-12-13 14:30:00,30.21
2022-12-13 15:30:00,31.37875
2022-12-13 16:30:00,31.37125
2022-12-13 17:30:00,30.39625
2022-12-13 18:30:00,28.787499999999998
2022-12-13 19:30:00,25.7825
2022-12-13 20:30:00,24.458750000000002
2022-12-13 21:30:00,23.87375
2022-12-13 22:30:00,23.95125
2022-12-13 23:30:00,23.71875
2022-12-14 00:30:00,23.475
2022-12-14 01:30:00,23.23
2022-12-14 02:30:00,22.47625
2022-12-14 03:30:00,21.8325
2022-12-14 04:30:00,21.12625
2022-12-14 05:30:00,20.76625
2022-12-14 06:30:00,21.43875
2022-12-14 07:30:00,24.59875
2022-12-14 08:30:00,28.08625
2022-12-14 09:30:00,30.05875
2022-12-14 10:30:00,31.006249999999998
2022-12-14 11:30:00,31.695
2022-12-14 12:30:00,32.136250000000004
2022-12-14 13:30:00,31.6375
2022-12-14 14:30:00,31.57
2022-12-14 15:30:00,30.567500000000003
2022-12-14 16:30:00,28.82875
2022-12-14 17:30:00,27.91125
2022-12-14 18:30:00,27.1625
2022-12-14 19:30:00,26.5275
2022-12-14 20:30:00,26.2675
2022-12-14 21:30:00,26.32375
2022-12-14 22:30:00,26.21125
2022-12-14 23:30:00,25.83125
2022-12-15 00:30:00,25.6225
2022-12-15 01:30:00,25.31125
2022-12-15 02:30:00,24.66125
2022-12-15 03:30:00,23.795
2022-12-15 04:30:00,23.223750000000003
2022-12-15 05:30:00,22.95375
2022-12-15 06:30:00,23.08
2022-12-15 07:30:00,26.935000000000002
2022-12-15 08:30:00,29.41875
2022-12-15 09:30:00,31.25625
2022-12-15 10:30:00,32.7725
2022-12-15 11:30:00,33.79625
2022-12-15 12:30:00,33.433749999999996
2022-12-15 13:30:00,33.30375
2022-12-15 14:30:00,34.063750000000006
2022-12-15 15:30:00,34.14375
2022-12-15 16:30:00,34.11875
2022-12-15 17:30:00,31.98625
2022-12-15 18:30:00,30.605
2022-12-15 19:30:00,28.448749999999997
2022-12-15 20:30:00,27.305
2022-12-15 21:30:00,27.24875
2022-12-15 22:30:00,27.17875
2022-12-15 23:30:00,26.85875
2022-12-16 00:30:00,26.884999999999998
2022-12-16 01:30:00,26.97
2022-12-16 02:30:00,26.988333333333333
2022-12-16 04:30:00,23.765
2022-12-16 05:30:00,23.59
2022-12-16 06:30:00,23.94125
2022-12-16 07:30:00,27.04875
2022-12-16 08:30:00,29.716250000000002
2022-12-16 09:30:00,31.802500000000002
2022-12-16 10:30:00,33.1275
2022-12-16 11:30:00,33.42
2022-12-16 12:30:00,33.5925
2022-12-16 13:30:00,32.97
2022-12-16 14:30:00,33.12
2022-12-16 15:30:00,32.74
2022-12-16 16:30:00,30.325000000000003
2022-12-16 17:30:00,28.05125
2022-12-16 18:30:00,25.285
2022-12-16 19:30:00,24.46875
2022-12-16 20:30:00,24.37125
2022-12-16 21:30:00,24.435000000000002
2022-12-16 22:30:00,24.146250000000002
2022-12-16 23:30:00,23.58
2022-12-17 00:30:00,22.93875
2022-12-17 01:30:00,22.72125
2022-12-17 02:30:00,22.686666666666667
2022-12-17 03:30:00,21.81
2022-12-17 04:30:00,22.10375
2022-12-17 05:30:00,21.88125
2022-12-17 06:30:00,22.11625
2022-12-17 07:30:00,23.8
2022-12-17 08:30:00,26.401249999999997
2022-12-17 09:30:00,28.395
2022-12-17 10:30:00,27.47375
2022-12-17 11:30:00,28.8825
2022-12-17 12:30:00,28.28
2022-12-17 13:30:00,26.84875
2022-12-17 14:30:00,26.79
2022-12-17 15:30:00,27.0325
2022-12-17 16:30:00,26.6975
2022-12-17 17:30:00,25.5575
2022-12-17 18:30:00,24.345
2022-12-17 19:30:00,23.677500000000002
2022-12-17 20:30:00,22.9625
2022-12-17 21:30:00,22.75875
2022-12-17 22:30:00,22.68875
2022-12-17 23:30:00,22.58125
2022-12-18 00:30:00,22.427500000000002
2022-12-18 01:30:00,22.228749999999998
2022-12-18 02:30:00,21.4575
2022-12-18 03:30:00,21.544999999999998
2022-12-18 04:30:00,21.56875
2022-12-18 05:30:00,21.74875
2022-12-18 06:30:00,22.075
2022-12-18 07:30:00,23.036250000000003
2022-12-18 08:30:00,24.7775
2022-12-18 09:30:00,26.12375
2022-12-18 13:30:00,24.543333333333333
2022-12-18 18:30:00,23.453333333333333
2022-12-18 19:30:00,23.293333333333333
2022-12-18 20:30:00,22.75375
2022-12-18 21:30:00,22.552500000000002
2022-12-18 22:30:00,22.51375
2022-12-18 23:30:00,22.54625
2022-12-19 00:30:00,22.71875
2022-12-19 02:30:00,22.872500000000002
2022-12-19 03:30:00,22.19875
2022-12-19 04:30:00,22.17625
2022-12-19 05:30:00,22.33625
2022-12-19 06:30:00,22.498749999999998
2022-12-19 07:30:00,23.0875
2022-12-19 08:30:00,24.95875
2022-12-19 09:30:00,25.543333333333333
2022-12-19 11:30:00,24.508333333333336
2022-12-19 14:30:00,24.14833333333333
2022-12-19 21:30:00,22.494999999999997
2022-12-19 22:30:00,22.65625
2022-12-19 23:30:00,22.817500000000003
2022-12-20 00:30:00,22.675
2022-12-20 01:30:00,22.3175
2022-12-20 03:30:00,22.55625
2022-12-20 04:30:00,22.45875
2022-12-20 05:30:00,22.25375
2022-12-20 06:30:00,22.243750000000002
2022-12-20 07:30:00,22.55125
2022-12-20 08:30:00,23.066249999999997
2022-12-20 09:30:00,24.456249999999997
2022-12-20 10:30:00,25.994999999999997
2022-12-20 11:30:00,25.85875
2022-12-20 12:30:00,25.30875
2022-12-20 13:30:00,24.8275
2022-12-20 14:30:00,25.44125
2022-12-20 15:30:00,26.0475
2022-12-20 16:30:00,26.305
2022-12-20 17:30:00,26.94125
2022-12-20 18:30:00,26.72
2022-12-20 19:30:00,25.18125
2022-12-20 20:30:00,24.2325
2022-12-20 21:30:00,23.72
2022-12-20 22:30:00,23.92375
2022-12-20 23:30:00,23.56125
2022-12-21 00:30:00,23.53
2022-12-21 01:30:00,23.27375
2022-12-21 02:30:00,23.115000000000002
2022-12-21 03:30:00,22.75375
2022-12-21 04:30:00,22.103749999999998
2022-12-21 05:30:00,21.605
2022-12-21 06:30:00,21.81375
2022-12-21 07:30:00,22.36125
2022-12-21 08:30:00,25.38333333333333
2022-12-21 09:30:00,30.384999999999998
2022-12-21 11:30:00,24.851666666666663
2022-12-21 12:30:00,28.2375
2022-12-21 13:30:00,28.22625
2022-12-21 15:30:00,29.806250000000002
2022-12-21 16:30:00,29.322499999999998
2022-12-21 17:30:00,27.295
2022-12-21 18:30:00,26.68125
2022-12-21 19:30:00,24.5075
2022-12-21 20:30:00,24.0
2022-12-21 21:30:00,24.12
2022-12-21 22:30:00,23.72625
2022-12-21 23:30:00,23.55875
2022-12-22 00:30:00,23.09
2022-12-22 01:30:00,22.89625
2022-12-22 02:30:00,22.6375
2022-12-22 03:30:00,22.5825
2022-12-22 04:30:00,22.497500000000002
2022-12-22 05:30:00,22.4625
2022-12-22 06:30:00,23.2425
2022-12-22 07:30:00,26.41125
2022-12-22 08:30:00,29.015
2022-12-22 09:30:00,29.4775
2022-12-22 10:30:00,31.03625
2022-12-22 11:30:00,32.10375
2022-12-22 12:30:00,32.088750000000005
2022-12-22 13:30:00,32.09125
2022-12-22 14:30:00,31.50125
2022-12-22 15:30:00,30.65125
2022-12-22 16:30:00,30.4075
2022-12-22 17:30:00,29.697499999999998
2022-12-22 18:30:00,28.542499999999997
2022-12-22 19:30:00,26.28375
2022-12-22 20:30:00,25.223750000000003
2022-12-22 21:30:00,25.38125
2022-12-22 22:30:00,25.5625
2022-12-22 23:30:00,25.28625
2022-12-23 00:30:00,24.52875
2022-12-23 01:30:00,24.0275
2022-12-23 02:30:00,23.3325
2022-12-23 03:30:00,22.81625
2022-12-23 04:30:00,22.16625
2022-12-23 05:30:00,21.551250000000003
2022-12-23 06:30:00,21.695
2022-12-23 07:30:00,25.72625
2022-12-23 08:30:00,28.59375
2022-12-23 09:30:00,30.8975
2022-12-23 10:30:00,31.22
2022-12-23 11:30:00,30.9225
2022-12-23 12:30:00,31.405
2022-12-23 13:30:00,31.31875
2022-12-23 14:30:00,31.556250000000002
2022-12-23 15:30:00,31.902500000000003
2022-12-23 16:30:00,31.445
2022-12-23 17:30:00,30.665
2022-12-23 18:30:00,29.36375
2022-12-23 19:30:00,26.977500000000003
2022-12-23 20:30:00,25.810000000000002
2022-12-23 21:30:00,25.195
2022-12-23 22:30:00,24.8025
2022-12-23 23:30:00,24.54875
2022-12-24 00:30:00,24.192500000000003
2022-12-24 01:30:00,23.94625
2022-12-24 02:30:00,23.853749999999998
2022-12-24 03:30:00,23.47125
2022-12-24 04:30:00,23.21875
2022-12-24 05:30:00,23.26
2022-12-24 06:30:00,23.93375
2022-12-24 07:30:00,27.26125
2022-12-24 08:30:00,30.18375
2022-12-24 09:30:00,32.04
2022-12-24 10:30:00,33.4425
2022-12-24 11:30:00,33.996249999999996
2022-12-24 12:30:00,33.65375
2022-12-24 13:30:00,33.2925
2022-12-24 14:30:00,33.52875
2022-12-24 15:30:00,33.80875
2022-12-24 16:30:00,33.985
2022-12-24 17:30:00,33.28
2022-12-24 18:30:00,31.517500000000002
2022-12-24 19:30:00,29.18625
2022-12-24 20:30:00,27.83
2022-12-24 21:30:00,27.10375
2022-12-24 22:30:00,26.6075
2022-12-24 23:30:00,26.245
2022-12-25 00:30:00,26.02375
2022-12-25 01:30:00,25.9
2022-12-25 02:30:00,25.33625
2022-12-25 03:30:00,25.05875
2022-12-25 04:30:00,25.05
2022-12-25 05:30:00,25.17125
2022-12-25 06:30:00,25.634999999999998
2022-12-25 07:30:00,28.16875
2022-12-25 08:30:00,30.785
2022-12-25 09:30:00,32.31625
2022-12-25 10:30:00,32.6325
2022-12-25 11:30:00,32.5975
2022-12-25 12:30:00,32.275
2022-12-25 13:30:00,32.76625
2022-12-25 14:30:00,34.2275
2022-12-25 15:30:00,33.5775
2022-12-25 16:30:00,32.081250000000004
2022-12-25 17:30:00,32.305
2022-12-25 18:30:00,31.46625
2022-12-25 19:30:00,29.0225
2022-12-25 20:30:00,27.82125
2022-12-25 21:30:00,27.81875
2022-12-25 22:30:00,27.765
2022-12-25 23:30:00,27.724999999999998
2022-12-26 01:30:00,25.005000000000003
2022-12-26 02:30:00,24.652500000000003
2022-12-26 03:30:00,24.675
2022-12-26 04:30:00,24.82875
2022-12-26 05:30:00,24.8525
2022-12-26 06:30:00,25.13875
2022-12-26 07:30:00,25.80375
2022-12-26 08:30:00,26.549999999999997
2022-12-26 09:30:00,28.3725
2022-12-26 10:30:00,30.71625
2022-12-26 11:30:00,28.79
2022-12-26 12:30:00,29.7425
2022-12-26 13:30:00,30.596249999999998
2022-12-26 14:30:00,32.24125
2022-12-26 15:30:00,31.417499999999997
2022-12-26 16:30:00,29.88375
2022-12-26 17:30:00,28.447499999999998
2022-12-26 18:30:00,26.9875
2022-12-26 19:30:00,25.58125
2022-12-26 20:30:00,25.36125
2022-12-26 21:30:00,25.27
2022-12-26 22:30:00,24.37375
2022-12-26 23:30:00,24.1675
2022-12-27 00:30:00,24.041249999999998
2022-12-27 01:30:00,23.79375
2022-12-27 02:30:00,23.525
2022-12-27 03:30:00,23.435
2022-12-27 04:30:00,23.372500000000002
2022-12-27 05:30:00,23.3375
2022-12-27 06:30:00,23.71375
2022-12-27 07:30:00,24.57
2022-12-27 08:30:00,26.41375
2022-12-27 09:30:00,28.12625
2022-12-27 10:30:00,28.518749999999997
2022-12-27 11:30:00,27.363749999999996
2022-12-27 12:30:00,27.265
2022-12-27 13:30:00,27.14
2022-12-27 14:30:00,26.372500000000002
2022-12-27 15:30:00,25.716250000000002
2022-12-27 17:30:00,24.28333333333333
2022-12-27 18:30:00,24.2275
2022-12-27 19:30:00,24.195
2022-12-27 20:30:00,24.32
2023-01-03 16:30:00,29.491666666666664
2023-01-03 17:30:00,28.592499999999998
2023-01-03 18:30:00,27.69125
2023-01-03 19:30:00,26.277499999999996
2023-01-03 20:30:00,26.057499999999997
2023-01-03 21:30:00,26.05125
2023-01-03 22:30:00,26.064999999999998
2023-01-03 23:30:00,25.7325
2023-01-04 00:30:00,25.582499999999996
2023-01-04 01:30:00,25.302500000000002
2023-01-04 02:30:00,25.12375
2023-01-04 03:30:00,25.0425
2023-01-04 04:30:00,24.90125
2023-01-04 05:30:00,24.8625
2023-01-04 08:30:00,23.47
2023-01-04 11:30:00,27.509999999999998
2023-01-04 12:30:00,27.935
2023-01-04 13:30:00,27.67875
2023-01-04 14:30:00,29.2525
2023-01-04 15:30:00,30.535
2023-01-04 17:30:00,32.02875
2023-01-04 18:30:00,30.443749999999998
2023-01-04 19:30:00,27.115000000000002
2023-01-04 20:30:00,25.213749999999997
2023-01-04 21:30:00,24.67125
2023-01-04 22:30:00,24.1625
2023-01-04 23:30:00,23.3325
2023-01-05 00:30:00,22.958333333333332
2023-01-05 01:30:00,23.067500000000003
2023-01-05 02:30:00,22.455
2023-01-05 03:30:00,21.86
2023-01-05 04:30:00,21.31125
2023-01-05 05:30:00,21.1275
2023-01-05 06:30:00,21.585
2023-01-05 07:30:00,24.5625
2023-01-05 08:30:00,28.35875
2023-01-05 09:30:00,30.9225
2023-01-05 10:30:00,32.36
2023-01-05 11:30:00,33.743750000000006
2023-01-05 12:30:00,34.2875
2023-01-05 13:30:00,33.92
2023-01-05 14:30:00,34.068749999999994
2023-01-05 15:30:00,34.1225
2023-01-05 16:30:00,33.792500000000004
2023-01-05 17:30:00,32.81
2023-01-05 18:30:00,30.43
2023-01-05 19:30:00,27.41375
2023-01-05 20:30:00,25.865000000000002
2023-01-05 21:30:00,25.395
2023-01-05 22:30:00,25.13125
2023-01-05 23:30:00,24.4575
2023-01-06 00:30:00,23.77
2023-01-06 01:30:00,23.17625
2023-01-06 02:30:00,22.835
2023-01-06 03:30:00,22.37875
2023-01-06 04:30:00,21.95
2023-01-06 05:30:00,21.53625
2023-01-06 06:30:00,22.13625
2023-01-06 07:30:00,25.7425
2023-01-06 08:30:00,28.78
2023-01-06 09:30:00,31.445
2023-01-06 10:30:00,32.07125
2023-01-06 11:30:00,32.9225
2023-01-06 12:30:00,33.31125
2023-01-06 13:30:00,33.59
2023-01-06 14:30:00,33.9825
2023-01-06 15:30:00,33.911249999999995
2023-01-06 16:30:00,33.53375
2023-01-06 17:30:00,31.80375
2023-01-06 18:30:00,28.92875
2023-01-06 19:30:00,26.6875
2023-01-06 20:30:00,25.83125
2023-01-06 21:30:00,25.65125
2023-01-06 22:30:00,25.244999999999997
2023-01-06 23:30:00,25.10625
2023-01-07 00:30:00,24.863750000000003
2023-01-07 01:30:00,24.27
2023-01-07 02:30:00,23.92625
2023-01-07 03:30:00,23.587500000000002
2023-01-07 04:30:00,23.22
2023-01-07 05:30:00,23.00125
2023-01-07 06:30:00,23.365000000000002
2023-01-07 07:30:00,25.79875
2023-01-07 08:30:00,28.49666666666667
2023-01-07 09:30:00,27.263333333333332
2023-01-07 10:30:00,28.71875
2023-01-07 11:30:00,29.24125
2023-01-07 12:30:00,30.50375
2023-01-07 13:30:00,32.32875
2023-01-07 14:30:00,33.47
2023-01-07 15:30:00,33.8725
2023-01-07 16:30:00,33.05375
2023-01-07 17:30:00,31.255
2023-01-07 18:30:00,28.97
2023-01-07 19:30:00,27.3075
2023-01-07 20:30:00,25.72625
2023-01-07 21:30:00,24.92375
2023-01-07 22:30:00,24.4825
2023-01-07 23:30:00,24.541249999999998
2023-01-08 00:30:00,23.978333333333335
2023-01-08 01:30:00,23.73125
2023-01-08 02:30:00,23.00375
2023-01-08 03:30:00,22.3425
2023-01-08 04:30:00,21.810000000000002
2023-01-08 05:30:00,21.47625
2023-01-08 06:30:00,21.822499999999998
2023-01-08 07:30:00,25.38375
2023-01-08 08:30:00,28.7175
2023-01-08 09:30:00,31.450000000000003
2023-01-08 10:30:00,32.155
2023-01-08 11:30:00,31.497500000000002
2023-01-08 12:30:00,32.48375
2023-01-08 13:30:00,31.94
2023-01-08 14:30:00,32.3925
2023-01-08 15:30:00,32.216249999999995
2023-01-08 16:30:00,31.353749999999998
2023-01-08 17:30:00,30.973750000000003
2023-01-08 18:30:00,29.30875
2023-01-08 19:30:00,27.06
2023-01-08 20:30:00,26.215
2023-01-08 21:30:00,26.255
2023-01-08 22:30:00,26.30125
2023-01-08 23:30:00,26.0975
2023-01-09 00:30:00,25.845
2023-01-09 01:30:00,25.48625
2023-01-09 02:30:00,25.105
2023-01-09 03:30:00,25.04
2023-01-09 04:30:00,24.39333333333333
2023-01-09 05:30:00,22.905
2023-01-09 06:30:00,22.84166666666667
2023-01-09 07:30:00,27.1225
2023-01-09 08:30:00,30.635
2023-01-09 09:30:00,32.46875
2023-01-09 10:30:00,33.261250000000004
2023-01-09 11:30:00,34.268750000000004
2023-01-09 12:30:00,34.7
2023-01-09 13:30:00,34.6825
2023-01-09 14:30:00,34.4925
2023-01-09 15:30:00,33.4925
2023-01-09 16:30:00,32.5575
2023-01-09 17:30:00,30.73375
2023-01-09 18:30:00,29.50875
2023-01-09 19:30:00,27.81875
2023-01-09 20:30:00,26.404999999999998
2023-01-09 21:30:00,25.89
2023-01-09 22:30:00,25.78625
2023-01-09 23:30:00,25.533749999999998
2023-01-10 00:30:00,25.134999999999998
2023-01-10 01:30:00,24.588333333333335
2023-01-10 02:30:00,23.79
2023-01-10 03:30:00,23.5475
2023-01-10 04:30:00,23.384999999999998
2023-01-10 05:30:00,23.07875
2023-01-10 06:30:00,23.45125
2023-01-10 07:30:00,27.2225
2023-01-10 08:30:00,30.85625
2023-01-10 09:30:00,33.5425
2023-01-10 10:30:00,34.58625
2023-01-10 11:30:00,35.2475
2023-01-10 12:30:00,35.70625
2023-01-10 13:30:00,35.96
2023-01-10 14:30:00,35.81125
2023-01-10 15:30:00,34.10875
2023-01-10 16:30:00,32.32875
2023-01-10 17:30:00,29.276249999999997
2023-01-10 18:30:00,28.47
2023-01-10 19:30:00,28.166249999999998
2023-01-10 20:30:00,27.7475
2023-01-10 21:30:00,27.84875
2023-01-10 23:30:00,25.6525
2023-01-11 00:30:00,25.291249999999998
2023-01-11 01:30:00,24.947499999999998
2023-01-11 02:30:00,24.68625
2023-01-11 03:30:00,24.798750000000002
2023-01-11 04:30:00,24.902500000000003
2023-01-11 05:30:00,24.776249999999997
2023-01-11 06:30:00,25.16625
2023-01-11 07:30:00,26.8725
2023-01-11 08:30:00,28.07875
2023-01-11 09:30:00,33.48166666666667
2023-01-11 10:30:00,34.79125
2023-01-11 11:30:00,36.21875
2023-01-11 12:30:00,37.4225
2023-01-11 13:30:00,37.8875
2023-01-11 14:30:00,38.39125
2023-01-11 15:30:00,38.751666666666665
2023-01-11 17:30:00,36.22166666666667
2023-01-11 18:30:00,35.4925
2023-01-11 20:30:00,28.51125
2023-01-11 21:30:00,27.81875
2023-01-11 22:30:00,27.6
2023-01-11 23:30:00,27.36625
2023-01-12 00:30:00,26.40625
2023-01-12 01:30:00,25.682499999999997
2023-01-12 02:30:00,25.17375
2023-01-12 03:30:00,24.80375
2023-01-12 04:30:00,24.560000000000002
2023-01-12 05:30:00,24.33125
2023-01-12 06:30:00,24.41
2023-01-12 07:30:00,26.6425
2023-01-12 08:30:00,30.661250000000003
2023-01-12 09:30:00,34.738749999999996
2023-01-12 10:30:00,37.144999999999996
2023-01-12 11:30:00,38.9825
2023-01-12 12:30:00,40.09375
2023-01-12 13:30:00,39.72375
2023-01-12 14:30:00,39.948750000000004
2023-01-12 15:30:00,39.7225
2023-01-12 16:30:00,38.432500000000005
2023-01-12 17:30:00,36.06375
2023-01-12 18:30:00,33.356249999999996
2023-01-12 19:30:00,30.740000000000002
2023-01-12 20:30:00,29.6475
2023-01-12 21:30:00,29.23875
2023-01-12 22:30:00,28.99375
2023-01-12 23:30:00,29.07125
2023-01-13 00:30:00,28.745
2023-01-13 01:30:00,28.3825
2023-01-13 02:30:00,28.29375
2023-01-13 03:30:00,28.14375
2023-01-13 04:30:00,27.6625
2023-01-13 05:30:00,27.542499999999997
2023-01-13 06:30:00,27.246250000000003
2023-01-13 07:30:00,28.591250000000002
2023-01-13 08:30:00,31.11375
2023-01-13 09:30:00,34.68875
2023-01-13 10:30:00,36.372499999999995
2023-01-13 11:30:00,36.79375
2023-01-13 12:30:00,36.5875
2023-01-13 13:30:00,38.225
2023-01-13 14:30:00,37.54625
2023-01-13 15:30:00,38.17375
2023-01-13 16:30:00,36.93125
2023-01-13 17:30:00,33.25625
2023-01-13 19:30:00,26.12125
2023-01-13 20:30:00,25.89
2023-01-13 21:30:00,26.1125
2023-01-13 22:30:00,26.11375
2023-01-13 23:30:00,26.06125
2023-01-14 00:30:00,25.939999999999998
2023-01-14 01:30:00,26.036250000000003
2023-01-14 02:30:00,26.153750000000002
2023-01-14 03:30:00,26.1475
2023-01-14 04:30:00,26.195
2023-01-14 06:30:00,27.30625
2023-01-14 08:30:00,33.567499999999995
2023-01-14 09:30:00,35.94875
2023-01-14 10:30:00,36.89875
2023-01-14 11:30:00,37.06
2023-01-14 12:30:00,36.625
2023-01-14 13:30:00,36.208749999999995
2023-01-14 14:30:00,35.57875
2023-01-14 15:30:00,32.64
2023-01-14 16:30:00,32.370000000000005
2023-01-14 17:30:00,30.71875
2023-01-14 18:30:00,29.62625
2023-01-14 19:30:00,27.96375
2023-01-14 20:30:00,27.021250000000002
2023-01-14 21:30:00,26.465
2023-01-14 22:30:00,26.13875
2023-01-14 23:30:00,25.833750000000002
2023-01-15 00:30:00,25.67
2023-01-15 01:30:00,25.478749999999998
2023-01-15 02:30:00,25.46125
2023-01-15 03:30:00,25.53625
2023-01-15 04:30:00,25.57125
2023-01-15 05:30:00,25.61875
2023-01-15 06:30:00,25.93
2023-01-15 07:30:00,26.34
2023-01-15 08:30:00,26.997500000000002
2023-01-15 09:30:00,27.65625
2023-01-15 10:30:00,28.137500000000003
2023-01-15 11:30:00,27.99125
2023-01-15 12:30:00,27.125
2023-01-15 13:30:00,27.081249999999997
2023-01-15 14:30:00,27.146250000000002
2023-01-15 15:30:00,28.223333333333333
2023-01-15 16:30:00,28.985
2023-01-15 17:30:00,28.63375
2023-01-15 18:30:00,28.005
2023-01-15 19:30:00,27.009999999999998
2023-01-15 20:30:00,26.64
2023-01-15 21:30:00,26.68375
2023-01-15 22:30:00,26.88
2023-01-15 23:30:00,26.73875
2023-01-16 00:30:00,26.46375
2023-01-16 01:30:00,26.4325
2023-01-16 02:30:00,26.35
2023-01-16 03:30:00,26.3175
2023-01-16 04:30:00,26.313750000000002
2023-01-16 05:30:00,26.2425
2023-01-16 06:30:00,26.3725
2023-01-16 07:30:00,27.4525
2023-01-16 08:30:00,29.37
2023-01-16 09:30:00,31.345
2023-01-16 10:30:00,32.27
2023-01-16 11:30:00,32.644999999999996
2023-01-16 12:30:00,34.705
2023-01-16 13:30:00,33.985
2023-01-16 14:30:00,33.16375
2023-01-16 15:30:00,33.15625
2023-01-16 16:30:00,31.5725
2023-01-16 17:30:00,31.00625
2023-01-16 18:30:00,29.575000000000003
2023-01-16 19:30:00,28.692500000000003
2023-01-16 20:30:00,28.267500000000002
2023-01-16 21:30:00,27.83125
2023-01-16 22:30:00,27.30125
2023-01-16 23:30:00,27.1175
2023-01-17 00:30:00,27.138333333333332
2023-01-17 01:30:00,26.863750000000003
2023-01-17 02:30:00,26.849999999999998
2023-01-17 03:30:00,26.66375
2023-01-17 04:30:00,26.66
2023-01-17 05:30:00,26.33
2023-01-17 06:30:00,26.43875
2023-01-17 07:30:00,27.29
2023-01-17 08:30:00,28.62
2023-01-17 09:30:00,30.62375
2023-01-17 10:30:00,32.82125
2023-01-17 11:30:00,32.425000000000004
2023-01-17 12:30:00,31.665
2023-01-17 13:30:00,31.52375
2023-01-17 14:30:00,30.66625
2023-01-17 15:30:00,29.74875
2023-01-17 16:30:00,29.69625
2023-01-17 17:30:00,29.44625
2023-01-17 18:30:00,28.783749999999998
2023-01-17 19:30:00,28.377499999999998
2023-01-17 20:30:00,27.9175
2023-01-17 21:30:00,27.2725
2023-01-17 22:30:00,27.1275
2023-01-17 23:30:00,27.08625
2023-01-18 00:30:00,27.0625
2023-01-18 01:30:00,26.958750000000002
2023-01-18 02:30:00,27.0475
2023-01-18 03:30:00,26.90625
2023-01-18 04:30:00,26.841250000000002
2023-01-18 05:30:00,26.67875
2023-01-18 06:30:00,26.7375
2023-01-18 07:30:00,27.61375
2023-01-18 08:30:00,29.096249999999998
2023-01-18 09:30:00,31.33375
2023-01-18 10:30:00,33.20625
2023-01-18 11:30:00,35.34125
2023-01-18 12:30:00,35.730000000000004
2023-01-18 13:30:00,36.555
2023-01-18 14:30:00,36.53125
2023-01-18 15:30:00,35.07625
2023-01-18 16:30:00,32.56125
2023-01-18 17:30:00,31.8075
2023-01-18 18:30:00,30.3975
2023-01-18 19:30:00,28.94625
2023-01-18 20:30:00,28.58875
2023-01-18 21:30:00,28.45875
2023-01-18 22:30:00,28.15
2023-01-18 23:30:00,28.06875
2023-01-19 00:30:00,27.5775
2023-01-19 01:30:00,27.2975
2023-01-19 02:30:00,26.99375
2023-01-19 03:30:00,26.71875
2023-01-19 04:30:00,26.316250000000004
2023-01-19 05:30:00,25.985
2023-01-19 06:30:00,26.14875
2023-01-19 07:30:00,27.450000000000003
2023-01-19 08:30:00,29.71375
2023-01-19 09:30:00,30.798750000000002
2023-01-19 10:30:00,32.22125
2023-01-19 11:30:00,32.620000000000005
2023-01-19 12:30:00,30.139999999999997
2023-01-19 13:30:00,30.64125
2023-01-19 14:30:00,31.990000000000002
2023-01-19 16:30:00,34.11
2023-01-19 17:30:00,31.0975
2023-01-19 18:30:00,30.18
2023-01-19 19:30:00,29.205000000000002
2023-01-19 20:30:00,28.99125
2023-01-19 21:30:00,28.90625
2023-01-19 22:30:00,28.905
2023-01-19 23:30:00,28.74375
2023-01-20 00:30:00,28.151249999999997
2023-01-20 01:30:00,27.563750000000002
2023-01-20 02:30:00,27.286250000000003
2023-01-20 03:30:00,27.16875
2023-01-20 04:30:00,27.095
2023-01-20 05:30:00,26.895000000000003
2023-01-20 06:30:00,27.18125
2023-01-25 12:30:00,41.80875
2023-01-25 13:30:00,41.5475
2023-01-25 14:30:00,41.886250000000004
2023-01-25 15:30:00,41.9675
2023-01-25 17:30:00,39.82833333333333
2023-01-25 19:30:00,33.545
2023-01-25 20:30:00,32.10375
2023-01-25 21:30:00,31.42125
2023-01-25 22:30:00,31.24875
2023-01-25 23:30:00,30.98625
2023-01-26 00:30:00,31.061666666666667
2023-01-26 02:30:00,30.216250000000002
2023-01-26 03:30:00,29.200000000000003
2023-01-26 04:30:00,28.68
2023-01-26 05:30:00,28.39375
2023-01-26 06:30:00,28.292499999999997
2023-01-26 07:30:00,30.508333333333336
2023-01-26 10:30:00,39.48875
2023-01-26 11:30:00,39.823750000000004
2023-01-26 12:30:00,40.411249999999995
2023-01-26 13:30:00,40.66375
2023-01-26 14:30:00,40.4725
2023-01-26 15:30:00,40.135000000000005
2023-01-26 16:30:00,39.1225
2023-01-26 17:30:00,37.4025
2023-01-26 18:30:00,34.23375
2023-01-26 19:30:00,32.53125
2023-01-26 20:30:00,31.707500000000003
2023-01-26 21:30:00,31.04125
2023-01-26 22:30:00,30.56375
2023-01-26 23:30:00,30.341250000000002
2023-01-27 00:30:00,30.075
2023-01-27 01:30:00,29.75
2023-01-27 02:30:00,29.44125
2023-01-27 03:30:00,28.84125
2023-01-27 04:30:00,28.81875
2023-01-27 05:30:00,28.688750000000002
2023-01-27 06:30:00,28.41875
2023-01-27 07:30:00,29.17125
2023-01-27 08:30:00,30.76375
2023-01-27 09:30:00,34.21875
2023-01-27 10:30:00,36.87375
2023-01-27 11:30:00,38.615
2023-01-27 12:30:00,39.737500000000004
2023-01-27 13:30:00,39.915
2023-01-27 14:30:00,40.08125
2023-01-27 15:30:00,39.92375
2023-01-27 16:30:00,39.41
2023-01-27 17:30:00,38.29625
2023-01-27 18:30:00,35.8825
2023-01-27 19:30:00,32.63125
2023-01-27 20:30:00,31.13
2023-01-27 21:30:00,30.544999999999998
2023-01-27 22:30:00,30.1225
2023-01-27 23:30:00,29.778750000000002
2023-01-28 00:30:00,29.2575
2023-01-28 01:30:00,28.823749999999997
2023-01-28 02:30:00,28.585
2023-01-28 03:30:00,28.228749999999998
2023-01-28 04:30:00,28.060000000000002
2023-01-28 05:30:00,28.001250000000002
2023-01-28 06:30:00,28.17
2023-01-28 07:30:00,30.19333333333333
2023-01-28 08:30:00,34.08833333333334
2023-01-28 09:30:00,36.980000000000004
2023-01-28 10:30:00,39.52625
2023-01-28 11:30:00,40.955
2023-01-28 12:30:00,42.665
2023-01-28 13:30:00,43.185
2023-01-28 14:30:00,43.76375
2023-01-28 15:30:00,42.74
2023-01-28 16:30:00,40.18875
2023-01-28 17:30:00,36.08625
2023-01-28 18:30:00,34.29
2023-01-28 19:30:00,33.64
2023-01-28 20:30:00,32.18333333333333
2023-01-28 21:30:00,31.471249999999998
2023-01-28 22:30:00,31.1375
2023-01-28 23:30:00,30.956666666666667
2023-01-29 00:30:00,30.72625
2023-01-29 01:30:00,30.18375
2023-01-29 02:30:00,30.189999999999998
2023-01-29 03:30:00,30.401249999999997
2023-01-29 04:30:00,30.28875
2023-01-29 05:30:00,29.64125
2023-01-29 06:30:00,29.305
2023-01-29 07:30:00,30.17
2023-01-29 08:30:00,31.72
2023-01-29 09:30:00,32.10875
2023-01-29 10:30:00,32.681250000000006
2023-01-29 11:30:00,34.808749999999996
2023-01-29 12:30:00,35.21875
2023-01-29 13:30:00,35.527499999999996
2023-01-29 14:30:00,33.449999999999996
2023-01-29 15:30:00,29.16625
2023-01-29 16:30:00,29.615000000000002
2023-01-29 17:30:00,28.96875
2023-01-29 18:30:00,29.1125
2023-01-29 19:30:00,29.16375
2023-01-29 20:30:00,29.0625
2023-01-29 21:30:00,29.0375
2023-01-29 22:30:00,28.905
2023-01-29 23:30:00,28.665
2023-01-30 00:30:00,28.67625
2023-01-30 01:30:00,28.245
2023-01-30 02:30:00,28.035
2023-01-30 03:30:00,27.59375
2023-01-30 04:30:00,27.686666666666667
2023-01-30 05:30:00,27.9125
2023-01-30 06:30:00,28.17875
2023-01-30 07:30:00,29.086666666666662
2023-01-30 08:30:00,33.807500000000005
2023-01-30 09:30:00,33.792500000000004
2023-01-30 10:30:00,35.0575
2023-01-30 11:30:00,37.52125
2023-01-30 12:30:00,38.02
2023-01-30 13:30:00,38.775
2023-01-30 14:30:00,38.82875
2023-01-30 15:30:00,34.445
2023-01-30 16:30:00,32.605000000000004
2023-01-30 17:30:00,32.4975
2023-01-30 18:30:00,31.61875
2023-01-30 19:30:00,30.87375
2023-01-30 20:30:00,30.160000000000004
2023-01-30 21:30:00,29.725
2023-01-30 22:30:00,29.0275
2023-01-30 23:30:00,28.63375
2023-01-31 00:30:00,28.19125
2023-01-31 01:30:00,28.01
2023-01-31 02:30:00,27.79875
2023-01-31 03:30:00,27.4875
2023-01-31 04:30:00,27.06375
2023-01-31 05:30:00,26.81625
2023-01-31 06:30:00,26.7275
2023-01-31 07:30:00,28.55375
2023-01-31 08:30:00,31.542499999999997
2023-01-31 09:30:00,35.10375
2023-01-31 10:30:00,36.761250000000004
2023-01-31 11:30:00,38.97166666666667
2023-01-31 12:30:00,41.64
2023-01-31 13:30:00,41.81
2023-01-31 14:30:00,40.71375
2023-01-31 15:30:00,38.655
2023-01-31 16:30:00,35.78
2023-01-31 17:30:00,32.11875
2023-01-31 18:30:00,31.075
2023-01-31 19:30:00,29.2325
2023-01-31 20:30:00,28.6425
2023-01-31 21:30:00,28.73875
2023-01-31 22:30:00,28.51125
2023-01-31 23:30:00,28.4
2023-02-01 00:30:00,28.403750000000002
2023-02-01 01:30:00,27.87125
2023-02-01 02:30:00,27.299999999999997
2023-02-01 03:30:00,27.0175
2023-02-01 04:30:00,26.71875
2023-02-01 05:30:00,26.583750000000002
2023-02-01 06:30:00,26.52375
2023-02-01 07:30:00,28.81875
2023-02-01 08:30:00,32.425
2023-02-01 09:30:00,35.78875000000001
2023-02-01 10:30:00,38.2175
2023-02-01 11:30:00,39.75
2023-02-01 12:30:00,40.90375
2023-02-01 13:30:00,41.271249999999995
2023-02-01 14:30:00,41.56375
2023-02-01 15:30:00,38.995000000000005
2023-02-01 16:30:00,36.241249999999994
2023-02-01 17:30:00,34.7275
2023-02-01 18:30:00,35.251666666666665
2023-02-01 19:30:00,33.37166666666667
2023-02-01 20:30:00,31.86125
2023-02-01 21:30:00,31.16375
2023-02-01 22:30:00,30.7825
2023-02-01 23:30:00,30.19875
2023-02-02 00:30:00,29.6025
2023-02-02 01:30:00,29.08625
2023-02-02 02:30:00,28.7025
2023-02-02 03:30:00,28.60875
2023-02-02 04:30:00,28.3275
2023-02-02 05:30:00,28.041249999999998
2023-02-02 06:30:00,28.096249999999998
2023-02-02 07:30:00,30.134999999999998
2023-02-02 08:30:00,33.586666666666666
2023-02-02 09:30:00,37.4125
2023-02-02 10:30:00,38.4525
2023-02-02 11:30:00,39.786249999999995
2023-02-02 12:30:00,39.42375
2023-02-02 13:30:00,38.207499999999996
2023-02-02 14:30:00,37.97125
2023-02-02 15:30:00,37.02625
2023-02-02 16:30:00,35.45375
2023-02-02 17:30:00,33.988749999999996
2023-02-02 18:30:00,32.38
2023-02-02 19:30:00,31.0475
2023-02-02 20:30:00,30.745
2023-02-02 21:30:00,30.67875
2023-02-02 22:30:00,30.27375
2023-02-02 23:30:00,29.62375
2023-02-03 00:30:00,29.7975
2023-02-03 01:30:00,29.73125
2023-02-03 02:30:00,29.28125
2023-02-03 03:30:00,29.025
2023-02-03 04:30:00,29.135
2023-02-03 05:30:00,29.225
2023-02-03 06:30:00,29.07375
2023-02-03 07:30:00,29.488750000000003
2023-02-03 08:30:00,30.902500000000003
2023-02-03 09:30:00,31.925
2023-02-03 10:30:00,32.8575
2023-02-03 11:30:00,34.785
2023-02-03 13:30:00,39.90625
2023-02-03 14:30:00,39.5175
2023-02-03 15:30:00,38.95125
2023-02-03 16:30:00,34.96875
2023-02-03 17:30:00,30.64333333333333
2023-02-03 18:30:00,28.56125
2023-02-03 19:30:00,28.0775
2023-02-03 20:30:00,27.75875
2023-02-03 21:30:00,27.785
2023-02-03 22:30:00,27.61
2023-02-03 23:30:00,27.166249999999998
2023-02-04 00:30:00,26.94875
2023-02-04 01:30:00,27.11625
2023-02-04 02:30:00,27.200000000000003
2023-02-04 03:30:00,27.1475
2023-02-04 04:30:00,27.26
2023-02-04 05:30:00,27.3175
2023-02-04 06:30:00,27.24875
2023-02-04 07:30:00,27.9325
2023-02-04 08:30:00,32.28666666666667
2023-02-04 09:30:00,36.645
2023-02-04 10:30:00,38.37375
2023-02-04 11:30:00,39.425
2023-02-04 12:30:00,40.09666666666667
2023-02-04 15:30:00,38.48875
2023-02-04 16:30:00,37.2925
2023-02-04 17:30:00,36.33
2023-02-04 18:30:00,33.302499999999995
2023-02-04 19:30:00,31.01125
2023-02-04 20:30:00,29.657500000000002
2023-02-04 21:30:00,29.817500000000003
2023-02-04 22:30:00,29.77
2023-02-04 23:30:00,29.478749999999998
2023-02-05 00:30:00,29.235
2023-02-05 01:30:00,28.37875
2023-02-05 02:30:00,27.806250000000002
2023-02-05 03:30:00,27.465
2023-02-05 04:30:00,27.130000000000003
2023-02-05 05:30:00,26.82375
2023-02-05 06:30:00,26.485
2023-02-05 07:30:00,28.728749999999998
2023-02-05 08:30:00,32.97125
2023-02-05 09:30:00,35.901250000000005
2023-02-05 10:30:00,37.47
2023-02-05 11:30:00,38.44375
2023-02-05 12:30:00,39.58625
2023-02-05 13:30:00,40.36625
2023-02-05 14:30:00,39.375
2023-02-05 15:30:00,39.485
2023-02-05 16:30:00,39.37125
2023-02-05 17:30:00,38.3825
2023-02-05 18:30:00,35.86625
2023-02-05 19:30:00,31.7825
2023-02-05 20:30:00,29.94125
2023-02-05 21:30:00,29.60875
2023-02-05 22:30:00,29.095
2023-02-05 23:30:00,28.2425
2023-02-06 00:30:00,27.526249999999997
2023-02-06 01:30:00,26.90875
2023-02-06 02:30:00,26.4925
2023-02-06 03:30:00,26.13875
2023-02-06 04:30:00,25.849999999999998
2023-02-06 05:30:00,25.53
2023-02-06 06:30:00,25.4075
2023-02-06 07:30:00,27.41375
2023-02-06 08:30:00,31.677500000000002
2023-02-06 09:30:00,35.3075
2023-02-06 10:30:00,37.745000000000005
2023-02-06 11:30:00,38.73375
2023-02-06 12:30:00,39.42
2023-02-06 13:30:00,39.59125
2023-02-06 14:30:00,40.10625
2023-02-06 15:30:00,39.776250000000005
2023-02-06 16:30:00,37.8125
2023-02-06 17:30:00,36.80875
2023-02-06 18:30:00,35.7525
2023-02-06 19:30:00,32.17375
2023-02-06 20:30:00,30.12625
2023-02-06 21:30:00,29.4575
2023-02-06 22:30:00,28.8
2023-02-06 23:30:00,27.93875
2023-02-07 00:30:00,27.13
2023-02-07 01:30:00,26.473750000000003
2023-02-07 02:30:00,26.076249999999998
2023-02-07 03:30:00,25.6725
2023-02-07 04:30:00,25.31625
2023-02-07 05:30:00,24.895
2023-02-07 06:30:00,24.6125
2023-02-07 07:30:00,26.697499999999998
2023-02-07 08:30:00,31.116249999999997
2023-02-07 09:30:00,34.691250000000004
2023-02-07 10:30:00,36.771249999999995
2023-02-07 11:30:00,38.567499999999995
2023-02-07 12:30:00,39.863749999999996
2023-02-07 13:30:00,39.895
2023-02-07 14:30:00,39.96
2023-02-07 15:30:00,40.055
2023-02-07 16:30:00,39.70375
2023-02-07 17:30:00,37.64375
2023-02-07 18:30:00,33.551249999999996
2023-02-07 19:30:00,32.47875
2023-02-07 20:30:00,31.05125
2023-02-07 21:30:00,30.740000000000002
2023-02-07 22:30:00,30.606250000000003
2023-02-07 23:30:00,30.331666666666667
2023-02-08 01:30:00,28.95625
2023-02-08 02:30:00,28.38625
2023-02-08 03:30:00,27.729999999999997
2023-02-08 04:30:00,27.32125
2023-02-08 05:30:00,27.01875
2023-02-08 06:30:00,26.785
2023-02-08 07:30:00,28.572499999999998
2023-02-08 08:30:00,32.771249999999995
2023-02-08 09:30:00,36.40625
2023-02-08 10:30:00,38.058749999999996
2023-02-08 11:30:00,38.43875
2023-02-08 12:30:00,39.31125
2023-02-08 13:30:00,39.82875
2023-02-08 14:30:00,39.93125
2023-02-08 15:30:00,39.845
2023-02-08 16:30:00,37.959999999999994
2023-02-08 17:30:00,34.28125
2023-02-08 18:30:00,32.221250000000005
2023-02-08 19:30:00,30.42875
2023-02-08 20:30:00,29.06125
2023-02-08 21:30:00,29.63166666666667
2023-02-08 22:30:00,28.80375
2023-02-08 23:30:00,28.23125
2023-02-09 00:30:00,28.00375
2023-02-09 01:30:00,27.6725
2023-02-09 02:30:00,27.3
2023-02-09 03:30:00,27.19
2023-02-09 04:30:00,27.06375
2023-02-09 05:30:00,27.18125
2023-02-09 06:30:00,27.35125
2023-02-09 07:30:00,29.3825
2023-02-09 08:30:00,33.55875
2023-02-09 09:30:00,36.435
2023-02-09 10:30:00,38.838750000000005
2023-02-09 11:30:00,40.8725
2023-02-09 12:30:00,41.41
2023-02-09 13:30:00,40.70166666666666
2023-02-09 14:30:00,41.71124999999999
2023-02-09 17:30:00,30.86375
2023-02-09 18:30:00,31.373749999999998
2023-02-09 19:30:00,30.162499999999998
2023-02-09 20:30:00,29.611250000000002
2023-02-09 21:30:00,29.2175
2023-02-09 22:30:00,28.81125
2023-02-09 23:30:00,28.973333333333333
2023-02-10 00:30:00,29.085
2023-02-10 01:30:00,28.86625
2023-02-10 02:30:00,28.52625
2023-02-10 03:30:00,28.236250000000002
2023-02-10 04:30:00,28.38875
2023-02-10 05:30:00,28.3775
2023-02-10 06:30:00,28.3075
2023-02-10 07:30:00,29.06625
2023-02-10 08:30:00,30.17375
2023-02-10 09:30:00,32.8825
2023-02-10 10:30:00,36.1725
2023-02-10 11:30:00,39.278749999999995
2023-02-10 12:30:00,40.51125
2023-02-10 13:30:00,39.7775
2023-02-10 14:30:00,41.37125
2023-02-10 15:30:00,42.56375
2023-02-10 16:30:00,41.40125
2023-02-10 19:30:00,33.596666666666664
2023-02-10 20:30:00,32.303749999999994
2023-02-10 21:30:00,31.531666666666666
2023-02-10 22:30:00,30.98
2023-02-10 23:30:00,30.333750000000002
2023-02-11 00:30:00,30.217499999999998
2023-02-11 01:30:00,29.70625
2023-02-11 02:30:00,29.0425
2023-02-11 03:30:00,28.615
2023-02-11 04:30:00,28.15625
2023-02-11 05:30:00,27.4525
2023-02-11 06:30:00,26.98
2023-02-11 07:30:00,28.6
2023-02-11 08:30:00,33.46625
2023-02-11 09:30:00,37.14625
2023-02-11 10:30:00,38.7225
2023-02-11 11:30:00,39.84
2023-02-11 12:30:00,41.162499999999994
2023-02-11 13:30:00,41.51625
2023-02-11 14:30:00,42.0375
2023-02-11 15:30:00,41.90625
2023-02-11 16:30:00,41.147499999999994
2023-02-11 17:30:00,39.1725
2023-02-11 18:30:00,35.76625
2023-02-11 19:30:00,32.52
2023-02-11 20:30:00,31.305
2023-02-11 21:30:00,30.99625
2023-02-11 22:30:00,30.82
2023-02-11 23:30:00,30.43625
2023-02-12 00:30:00,29.85875
2023-02-12 01:30:00,29.0375
2023-02-12 02:30:00,28.30375
2023-02-12 03:30:00,27.95125
2023-02-12 04:30:00,27.3775
2023-02-12 05:30:00,26.96375
2023-02-12 06:30:00,26.768749999999997
2023-02-12 07:30:00,27.646666666666665
2023-02-12 08:30:00,33.0025
2023-02-12 09:30:00,36.14125
2023-02-12 10:30:00,38.15375
2023-02-12 11:30:00,39.99125
2023-02-12 12:30:00,40.91374999999999
2023-02-12 13:30:00,40.287499999999994
2023-02-12 14:30:00,40.5775
2023-02-12 15:30:00,39.146249999999995
2023-02-12 16:30:00,37.9925
2023-02-12 17:30:00,36.760000000000005
2023-02-12 18:30:00,35.36625
2023-02-12 19:30:00,32.29
2023-02-12 20:30:00,30.841250000000002
2023-02-12 21:30:00,30.70375
2023-02-12 22:30:00,30.6425
2023-02-12 23:30:00,30.24375
2023-02-13 00:30:00,29.997500000000002
2023-02-13 01:30:00,29.86875
2023-02-13 02:30:00,29.43
2023-02-13 03:30:00,28.85625
2023-02-13 04:30:00,28.252499999999998
2023-02-13 05:30:00,27.645
2023-02-13 06:30:00,27.245
2023-02-13 07:30:00,28.41875
2023-02-13 08:30:00,33.19125
2023-02-13 09:30:00,36.58
2023-02-13 10:30:00,39.218333333333334
2023-02-13 11:30:00,41.00625
2023-02-13 12:30:00,41.7425
2023-02-13 13:30:00,41.8125
2023-02-13 14:30:00,41.942499999999995
2023-02-13 15:30:00,41.98125
2023-02-13 16:30:00,41.1625
2023-02-13 17:30:00,39.488749999999996
2023-02-13 18:30:00,36.931666666666665
2023-02-13 19:30:00,33.45333333333333
2023-02-13 20:30:00,32.3
2023-02-13 21:30:00,31.674999999999997
2023-02-13 23:30:00,30.7425
2023-02-14 00:30:00,30.596249999999998
2023-02-14 01:30:00,30.32875
2023-02-14 02:30:00,29.971249999999998
2023-02-14 03:30:00,29.676250000000003
2023-02-14 04:30:00,29.862499999999997
2023-02-14 05:30:00,29.85625
2023-02-14 06:30:00,29.785
2023-02-14 07:30:00,30.453333333333333
2023-02-14 08:30:00,34.336666666666666
2023-02-14 10:30:00,39.2625
2023-02-14 13:30:00,44.64333333333334
2023-02-14 15:30:00,43.38666666666666
2023-02-14 16:30:00,39.083333333333336
2023-02-14 17:30:00,36.55375
2023-02-14 18:30:00,35.195
2023-02-14 19:30:00,33.63166666666667
2023-02-14 23:30:00,30.786666666666665
2023-02-15 00:30:00,29.98
2023-02-15 01:30:00,29.58666666666667
2023-02-15 03:30:00,27.35875
2023-02-15 04:30:00,27.555
2023-02-15 05:30:00,27.66375
2023-02-15 06:30:00,27.29875
2023-02-15 07:30:00,28.285
2023-02-15 08:30:00,30.20125
2023-02-15 09:30:00,32.89333333333333
2023-02-15 10:30:00,37.2225
2023-02-15 11:30:00,38.92999999999999
2023-02-15 12:30:00,40.8125
2023-02-15 13:30:00,41.222500000000004
2023-02-15 14:30:00,40.245
2023-02-15 15:30:00,39.18875
2023-02-15 16:30:00,37.01625
2023-02-15 17:30:00,34.64375
2023-02-15 18:30:00,33.287499999999994
2023-02-15 19:30:00,31.73625
2023-02-15 20:30:00,30.9875
2023-02-15 21:30:00,30.78875
2023-02-15 22:30:00,30.75375
2023-02-15 23:30:00,30.627499999999998
2023-02-16 00:30:00,29.89875
2023-02-16 01:30:00,29.295
2023-02-16 02:30:00,28.94625
2023-02-16 03:30:00,28.42625
2023-02-16 04:30:00,28.091250000000002
2023-02-16 05:30:00,27.6225
2023-02-16 06:30:00,27.39125
2023-02-16 07:30:00,27.938333333333333
2023-02-16 08:30:00,33.16125
2023-02-16 09:30:00,36.7475
2023-02-16 10:30:00,38.973749999999995
2023-02-16 11:30:00,39.675
2023-02-16 12:30:00,38.42375
2023-02-16 13:30:00,37.67999999999999
2023-02-16 14:30:00,38.79
2023-02-16 15:30:00,36.662499999999994
2023-02-16 16:30:00,36.38
2023-02-16 17:30:00,35.44375
2023-02-16 18:30:00,33.1575
2023-02-16 19:30:00,31.5475
2023-02-16 20:30:00,30.46125
2023-02-16 21:30:00,30.15875
2023-02-16 22:30:00,30.356250000000003
2023-02-16 23:30:00,30.21
2023-02-17 00:30:00,29.87125
2023-02-17 01:30:00,29.605
2023-02-17 02:30:00,29.403750000000002
2023-02-17 03:30:00,29.095
2023-02-17 04:30:00,29.011249999999997
2023-02-17 05:30:00,28.88
2023-02-17 06:30:00,28.97125
2023-02-17 07:30:00,29.6575
2023-02-17 08:30:00,30.630000000000003
2023-02-17 09:30:00,31.71875
2023-02-17 10:30:00,33.19875
2023-02-17 11:30:00,35.18125
2023-02-17 12:30:00,37.26625
2023-02-17 13:30:00,36.86125
2023-02-17 14:30:00,33.7
2023-02-17 15:30:00,30.4175
2023-02-17 16:30:00,28.06375
2023-02-17 17:30:00,27.409999999999997
2023-02-17 18:30:00,27.56875
2023-02-17 19:30:00,27.520000000000003
2023-02-17 20:30:00,27.552500000000002
2023-02-17 21:30:00,27.567500000000003
2023-02-17 22:30:00,27.2175
2023-02-17 23:30:00,26.82
2023-02-18 00:30:00,26.32125
2023-02-18 01:30:00,26.259999999999998
2023-02-18 02:30:00,26.18
2023-02-18 03:30:00,25.89
2023-02-18 04:30:00,25.02875
2023-02-18 05:30:00,24.115
2023-02-18 06:30:00,23.61625
2023-02-18 07:30:00,23.77375
2023-02-18 08:30:00,24.615000000000002
2023-02-18 09:30:00,25.08375
2023-02-18 10:30:00,27.56
2023-02-18 11:30:00,29.4225
2023-02-18 12:30:00,31.2125
2023-02-18 13:30:00,32.81375
2023-02-18 14:30:00,33.04625
2023-02-18 15:30:00,33.09625
2023-02-18 16:30:00,32.5625
2023-02-18 17:30:00,31.7675
2023-02-18 18:30:00,28.815
2023-02-18 19:30:00,25.006249999999998
2023-02-18 20:30:00,23.2475
2023-02-18 21:30:00,22.88125
2023-02-18 22:30:00,22.415
2023-02-18 23:30:00,21.84625
2023-02-19 00:30:00,21.2925
2023-02-19 01:30:00,20.927500000000002
2023-02-19 02:30:00,20.54
2023-02-19 03:30:00,20.20125
2023-02-19 04:30:00,20.308333333333334
2023-02-19 06:30:00,21.46875
2023-02-19 07:30:00,21.915
2023-02-19 08:30:00,25.11625
2023-02-19 09:30:00,29.185
2023-02-19 10:30:00,32.8175
2023-02-19 11:30:00,34.308749999999996
2023-02-19 12:30:00,34.85375
2023-02-19 13:30:00,34.94125
2023-02-19 14:30:00,34.051249999999996
2023-02-19 15:30:00,33.449999999999996
2023-02-19 16:30:00,33.23625
2023-02-19 17:30:00,31.90375
2023-02-19 18:30:00,29.872500000000002
2023-02-19 19:30:00,28.75625
2023-02-19 20:30:00,28.189999999999998
2023-02-19 21:30:00,27.721249999999998
2023-02-19 22:30:00,27.182499999999997
2023-02-19 23:30:00,26.88875
2023-02-20 00:30:00,26.652499999999996
2023-02-20 01:30:00,25.75625
2023-02-20 02:30:00,25.41
2023-02-20 03:30:00,25.533749999999998
2023-02-20 04:30:00,25.59875
2023-02-20 05:30:00,25.54125
2023-02-20 06:30:00,25.395
2023-02-20 07:30:00,25.28
2023-02-20 08:30:00,25.752499999999998
2023-02-20 09:30:00,25.4375
2023-02-20 10:30:00,25.21
2023-02-20 11:30:00,26.96125
2023-02-20 12:30:00,27.05375
2023-02-20 13:30:00,26.86625
2023-02-20 14:30:00,26.950000000000003
2023-02-20 15:30:00,27.03625
2023-02-20 16:30:00,27.0225
2023-02-20 17:30:00,26.7975
2023-02-20 18:30:00,26.49375
2023-02-20 19:30:00,26.305
2023-02-20 20:30:00,26.33
2023-02-20 21:30:00,26.41
2023-02-20 22:30:00,26.278750000000002
2023-02-20 23:30:00,25.939999999999998
2023-02-21 00:30:00,25.85875
2023-02-21 01:30:00,25.56
2023-02-21 02:30:00,25.715
2023-02-21 03:30:00,25.84375
2023-02-21 04:30:00,25.9025
2023-02-21 05:30:00,25.92875
2023-02-21 06:30:00,25.875
2023-02-21 07:30:00,26.1875
2023-02-21 08:30:00,27.12875
2023-02-21 09:30:00,28.2475
2023-02-21 10:30:00,28.61625
2023-02-21 11:30:00,31.635
2023-02-21 12:30:00,34.045
2023-02-21 13:30:00,36.005
2023-02-21 14:30:00,35.42875
2023-02-21 15:30:00,33.8675
2023-02-21 16:30:00,32.3375
2023-02-21 17:30:00,31.33125
2023-02-21 18:30:00,30.138749999999998
2023-02-21 19:30:00,29.1825
2023-02-21 20:30:00,27.689999999999998
2023-02-21 21:30:00,27.3725
2023-02-21 22:30:00,27.44125
2023-02-21 23:30:00,27.48
2023-02-22 00:30:00,27.29625
2023-02-22 01:30:00,26.845
2023-02-22 02:30:00,26.09875
2023-02-22 03:30:00,25.401249999999997
2023-02-22 04:30:00,25.058750000000003
2023-02-22 05:30:00,24.73375
2023-02-22 06:30:00,24.54125
2023-02-22 07:30:00,25.295
2023-02-22 08:30:00,29.458750000000002
2023-02-22 09:30:00,32.71625
2023-02-22 10:30:00,35.835
2023-02-22 11:30:00,37.2525
2023-02-22 12:30:00,37.144999999999996
2023-02-22 13:30:00,35.894999999999996
2023-02-22 14:30:00,36.70625
2023-02-22 15:30:00,34.11125
2023-02-22 16:30:00,31.686249999999998
2023-02-22 17:30:00,30.47625
2023-02-22 18:30:00,29.61375
2023-02-22 19:30:00,28.85125
2023-02-22 20:30:00,28.41625
2023-02-22 21:30:00,27.666249999999998
2023-02-22 22:30:00,27.4675
2023-02-22 23:30:00,27.23
2023-02-23 00:30:00,26.96125
2023-02-23 01:30:00,27.08375
2023-02-23 02:30:00,26.908749999999998
2023-02-23 03:30:00,26.5725
2023-02-23 04:30:00,26.27375
2023-02-23 05:30:00,25.872500000000002
2023-02-23 06:30:00,25.6425
2023-02-23 07:30:00,26.349999999999998
2023-02-23 08:30:00,29.2075
2023-02-23 09:30:00,31.81375
2023-02-23 10:30:00,32.995000000000005
2023-02-23 11:30:00,31.8475
2023-02-23 12:30:00,31.25375
2023-02-23 13:30:00,31.605
2023-02-23 14:30:00,33.224999999999994
2023-02-23 15:30:00,33.69375
2023-02-23 16:30:00,31.544999999999998
2023-02-23 17:30:00,27.0275
2023-02-23 18:30:00,26.791249999999998
2023-02-23 19:30:00,26.79875
2023-02-23 20:30:00,27.10875
2023-02-23 21:30:00,27.46125
2023-02-23 22:30:00,27.485
2023-02-23 23:30:00,27.20875
2023-02-24 00:30:00,27.048750000000002
2023-02-24 01:30:00,26.713749999999997
2023-02-24 02:30:00,26.09875
2023-02-24 03:30:00,25.900000000000002
2023-02-24 04:30:00,25.59
2023-02-24 05:30:00,25.455000000000002
2023-02-24 06:30:00,25.23875
2023-02-24 07:30:00,26.0275
2023-02-24 08:30:00,30.3825
2023-02-24 09:30:00,32.70125
2023-02-24 10:30:00,33.79625
2023-02-24 11:30:00,32.30875
2023-02-24 12:30:00,33.15375
2023-02-24 13:30:00,33.92875
2023-02-24 14:30:00,33.81
2023-02-24 15:30:00,34.235
2023-02-24 17:30:00,34.47375
2023-02-24 18:30:00,32.823750000000004
2023-02-24 19:30:00,31.6775
2023-02-24 20:30:00,30.55875
2023-02-24 21:30:00,30.123749999999998
2023-02-24 22:30:00,29.59875
2023-02-24 23:30:00,29.2475
2023-02-25 00:30:00,29.04875
2023-02-25 01:30:00,28.822499999999998
2023-02-25 02:30:00,28.1525
2023-02-25 03:30:00,27.93625
2023-02-25 04:30:00,27.91
2023-02-25 05:30:00,27.5925
2023-02-25 06:30:00,27.41375
2023-02-25 07:30:00,27.7475
2023-02-25 08:30:00,30.9925
2023-02-25 09:30:00,35.47125
2023-02-25 10:30:00,38.667500000000004
2023-02-25 11:30:00,41.30875
2023-02-25 14:30:00,26.64
2023-02-25 15:30:00,26.64
2023-02-25 16:30:00,26.64
2023-02-25 17:30:00,26.64
2023-02-25 18:30:00,26.64
2023-02-25 19:30:00,26.64
2023-02-25 20:30:00,26.64
2023-02-25 21:30:00,26.64
2023-02-25 22:30:00,26.64
2023-02-25 23:30:00,26.64
2023-02-26 00:30:00,26.64
2023-02-26 01:30:00,26.64
2023-02-26 02:30:00,26.64
2023-02-26 03:30:00,26.64
2023-02-26 04:30:00,26.64
2023-02-26 05:30:00,26.64
2023-02-26 06:30:00,26.64
2023-02-26 07:30:00,26.64
2023-02-26 08:30:00,26.64
2023-02-26 09:30:00,26.64
2023-02-26 10:30:00,26.64
2023-02-26 11:30:00,26.64
2023-02-26 16:30:00,26.64
2023-02-26 17:30:00,26.64
2023-02-26 18:30:00,26.64
2023-02-26 19:30:00,26.64
2023-02-26 20:30:00,26.64
2023-02-26 21:30:00,26.64
2023-02-26 22:30:00,26.64
2023-02-26 23:30:00,26.64
2023-02-27 00:30:00,26.64
2023-02-27 01:30:00,26.64
2023-02-27 02:30:00,26.64
2023-02-27 03:30:00,26.64
2023-02-27 04:30:00,26.64
2023-02-27 05:30:00,26.64
2023-02-27 06:30:00,26.64
2023-02-27 07:30:00,26.64
2023-02-27 08:30:00,26.64
2023-02-27 09:30:00,26.64
2023-02-27 10:30:00,26.64
2023-02-27 11:30:00,26.64
2023-02-27 12:30:00,26.64
2023-02-27 13:30:00,26.64
2023-02-27 14:30:00,26.64
2023-02-27 15:30:00,26.64
2023-02-27 16:30:00,26.64
2023-02-27 17:30:00,26.64
2023-02-27 18:30:00,26.64
2023-02-27 19:30:00,26.64
2023-02-27 20:30:00,26.64
2023-02-27 21:30:00,26.64
2023-02-27 22:30:00,26.64
2023-02-27 23:30:00,26.64
2023-02-28 00:30:00,26.64
2023-02-28 01:30:00,26.64
2023-02-28 02:30:00,26.64
2023-02-28 03:30:00,26.64
2023-02-28 04:30:00,26.64
2023-02-28 05:30:00,26.64
2023-02-28 06:30:00,26.64
2023-02-28 07:30:00,26.64
2023-02-28 08:30:00,26.64
2023-02-28 09:30:00,26.64
2023-02-28 10:30:00,26.64
2023-02-28 11:30:00,26.64
2023-02-28 12:30:00,26.64
2023-02-28 13:30:00,26.64
2023-02-28 14:30:00,26.64
2023-02-28 15:30:00,26.64
2023-02-28 16:30:00,26.64
2023-02-28 17:30:00,26.64
2023-02-28 18:30:00,26.64
2023-02-28 19:30:00,26.64
2023-02-28 20:30:00,26.64
2023-02-28 21:30:00,26.64
2023-02-28 22:30:00,26.64
2023-02-28 23:30:00,26.64
2023-03-01 00:30:00,26.64
2023-03-01 01:30:00,26.64
2023-03-01 02:30:00,26.64
2023-03-01 03:30:00,26.64
2023-03-01 04:30:00,26.64
2023-03-01 05:30:00,26.64
2023-03-01 06:30:00,26.64
2023-03-01 07:30:00,26.64
2023-03-01 08:30:00,26.64
2023-03-01 09:30:00,26.64
2023-03-01 10:30:00,26.64
2023-03-01 11:30:00,26.64
2023-03-01 12:30:00,26.64
2023-03-01 13:30:00,26.64
2023-03-01 14:30:00,26.64
2023-03-01 15:30:00,26.64
2023-03-01 16:30:00,26.64
2023-03-01 17:30:00,26.64
2023-03-01 18:30:00,26.64
2023-03-01 19:30:00,26.64
2023-03-01 20:30:00,26.64
2023-03-01 21:30:00,26.64
2023-03-01 22:30:00,26.64
2023-03-01 23:30:00,26.64
2023-03-02 00:30:00,26.64
2023-03-02 01:30:00,26.64
2023-03-02 02:30:00,26.64
2023-03-02 03:30:00,26.64
2023-03-02 04:30:00,26.64
2023-03-02 05:30:00,26.64
2023-03-02 06:30:00,26.64
2023-03-02 07:30:00,26.64
2023-03-02 08:30:00,26.64
2023-03-02 09:30:00,26.64
2023-03-02 10:30:00,26.64
2023-03-02 11:30:00,26.64
2023-03-02 12:30:00,26.64
2023-03-02 13:30:00,26.64
2023-03-02 14:30:00,26.64
2023-03-02 15:30:00,26.64
2023-03-02 16:30:00,26.64
2023-03-02 17:30:00,26.64
2023-03-02 18:30:00,26.64
2023-03-02 19:30:00,26.64
2023-03-02 20:30:00,26.64
2023-03-02 21:30:00,26.64
2023-03-02 22:30:00,26.64
2023-03-02 23:30:00,26.64
2023-03-03 00:30:00,26.64
2023-03-03 01:30:00,26.64
2023-03-03 02:30:00,26.64
2023-03-03 03:30:00,26.64
2023-03-03 04:30:00,26.64
2023-03-03 05:30:00,26.64
2023-03-03 06:30:00,26.64
2023-03-03 07:30:00,26.64
2023-03-03 08:30:00,26.64
2023-03-03 09:30:00,26.64
2023-03-03 10:30:00,26.64
2023-03-03 11:30:00,26.64
2023-03-03 12:30:00,26.64
2023-03-03 13:30:00,26.64
2023-03-03 14:30:00,26.64
2023-03-03 15:30:00,26.64
2023-03-03 16:30:00,26.64
2023-03-03 17:30:00,26.64
2023-03-03 18:30:00,26.64
2023-03-03 19:30:00,26.64
2023-03-03 20:30:00,26.64
2023-03-03 21:30:00,26.64
2023-03-03 22:30:00,26.64
2023-03-03 23:30:00,26.64
2023-03-04 00:30:00,26.64
2023-03-04 01:30:00,26.64
2023-03-04 02:30:00,26.64
2023-03-04 03:30:00,26.64
2023-03-04 04:30:00,26.64
2023-03-04 05:30:00,26.64
2023-03-04 06:30:00,26.64
2023-03-04 07:30:00,26.64
2023-03-04 08:30:00,26.64
2023-03-04 09:30:00,26.64
2023-03-04 10:30:00,26.64
2023-03-04 11:30:00,26.64
2023-03-04 12:30:00,26.64
2023-03-04 13:30:00,26.64
2023-03-04 14:30:00,26.64
2023-03-04 15:30:00,26.64
2023-03-04 16:30:00,26.64
2023-03-04 17:30:00,26.64
2023-03-04 18:30:00,26.64
2023-03-04 19:30:00,26.64
2023-03-04 20:30:00,26.64
2023-03-04 21:30:00,26.64
2023-03-04 22:30:00,26.64
2023-03-04 23:30:00,26.64
2023-03-05 00:30:00,26.64
2023-03-05 01:30:00,26.64
2023-03-05 02:30:00,26.64
2023-03-05 03:30:00,26.64
2023-03-05 04:30:00,26.64
2023-03-05 05:30:00,26.64
2023-03-05 06:30:00,26.64
2023-03-05 07:30:00,26.64
2023-03-05 08:30:00,26.64
2023-03-05 09:30:00,26.64
2023-03-05 10:30:00,26.64
2023-03-05 11:30:00,26.64
2023-03-05 12:30:00,26.64
2023-03-05 13:30:00,26.64
2023-03-05 14:30:00,26.64
2023-03-05 15:30:00,26.64
2023-03-05 16:30:00,26.64
2023-03-05 17:30:00,26.64
2023-03-05 18:30:00,26.64
2023-03-05 19:30:00,26.64
2023-03-05 20:30:00,26.64
2023-03-05 21:30:00,26.64
2023-03-05 22:30:00,26.64
2023-03-05 23:30:00,26.64
2023-03-06 00:30:00,26.64
2023-03-06 01:30:00,26.64
2023-03-06 02:30:00,26.64
2023-03-06 03:30:00,26.64
2023-03-06 04:30:00,26.64
2023-03-06 05:30:00,26.64
2023-03-06 06:30:00,26.64
2023-03-06 07:30:00,26.64
2023-03-06 08:30:00,26.64
2023-03-06 09:30:00,26.64
2023-03-06 10:30:00,26.64
2023-03-06 11:30:00,26.64
2023-03-06 12:30:00,26.64
2023-03-06 13:30:00,26.64
2023-03-06 14:30:00,26.64
2023-03-06 15:30:00,26.64
2023-03-06 16:30:00,26.64
2023-03-06 17:30:00,26.64
2023-03-06 18:30:00,26.64
2023-03-06 19:30:00,26.64
2023-03-06 20:30:00,26.64
2023-03-06 21:30:00,26.64
2023-03-06 22:30:00,26.64
2023-03-06 23:30:00,26.64
2023-03-07 00:30:00,26.64
2023-03-07 01:30:00,26.64
2023-03-07 02:30:00,26.64
2023-03-07 03:30:00,26.64
2023-03-07 04:30:00,26.64
2023-03-07 05:30:00,26.64
2023-03-07 06:30:00,26.64
2023-03-07 07:30:00,26.64
2023-03-07 08:30:00,26.64
2023-03-07 09:30:00,26.64
2023-03-07 10:30:00,26.64
2023-03-07 11:30:00,26.64
2023-03-07 12:30:00,26.64
2023-03-07 13:30:00,26.64
2023-03-07 14:30:00,26.64
2023-03-07 15:30:00,26.64
2023-03-07 16:30:00,26.64
2023-03-07 17:30:00,26.64
2023-03-07 18:30:00,26.64
2023-03-07 19:30:00,26.64
2023-03-07 20:30:00,26.64
2023-03-07 21:30:00,26.64
2023-03-07 22:30:00,26.64
2023-03-07 23:30:00,26.64
2023-03-08 00:30:00,26.64
2023-03-08 01:30:00,26.64
2023-03-08 02:30:00,26.64
2023-03-08 03:30:00,26.64
2023-03-08 04:30:00,26.64
2023-03-08 05:30:00,26.64
2023-03-08 06:30:00,26.64
2023-03-08 07:30:00,26.64
2023-03-23 22:30:00,28.689999999999998
2023-03-23 23:30:00,28.555
2023-03-24 00:30:00,28.372500000000002
2023-03-24 01:30:00,28.06625
2023-03-24 02:30:00,27.86
2023-03-24 03:30:00,27.741249999999997
2023-03-24 04:30:00,27.708750000000002
2023-03-24 05:30:00,27.4775
2023-03-24 06:30:00,27.52375
2023-03-24 07:30:00,28.17125
2023-03-24 08:30:00,30.18
2023-03-24 09:30:00,31.575
2023-03-24 10:30:00,32.761250000000004
2023-03-24 11:30:00,30.941666666666663
2023-03-24 12:30:00,30.377499999999998
2023-03-24 13:30:00,30.963749999999997
2023-03-24 14:30:00,32.205
2023-03-24 15:30:00,33.3075
2023-03-24 16:30:00,32.6
2023-03-24 17:30:00,32.97125
2023-03-24 18:30:00,30.83375
2023-03-24 19:30:00,28.95625
2023-03-24 20:30:00,28.715
2023-03-24 21:30:00,28.9
2023-03-24 22:30:00,28.8275
2023-03-24 23:30:00,28.65875
2023-03-25 00:30:00,28.31625
2023-03-25 01:30:00,27.810000000000002
2023-03-25 02:30:00,27.4675
2023-03-25 03:30:00,27.060000000000002
2023-03-25 04:30:00,26.82375
2023-03-25 05:30:00,26.9075
2023-03-25 06:30:00,26.925
2023-03-25 07:30:00,27.155
2023-03-25 08:30:00,28.57875
2023-03-25 09:30:00,31.41875
2023-03-25 10:30:00,34.515
2023-03-25 11:30:00,36.37625
2023-03-25 12:30:00,38.06
2023-03-25 13:30:00,37.87375
2023-03-25 14:30:00,37.887499999999996
2023-03-25 15:30:00,38.120000000000005
2023-03-25 16:30:00,36.557500000000005
2023-03-25 17:30:00,32.6925
2023-03-25 18:30:00,31.2775
2023-03-25 19:30:00,30.725
2023-03-25 20:30:00,30.06
2023-03-25 21:30:00,29.348750000000003
2023-03-25 22:30:00,29.02375
2023-03-25 23:30:00,28.695
2023-03-26 00:30:00,28.56125
2023-03-26 01:30:00,28.691250000000004
2023-03-26 02:30:00,28.596249999999998
2023-03-26 03:30:00,28.45375
2023-03-26 04:30:00,28.32
2023-03-26 05:30:00,28.1725
2023-03-26 06:30:00,28.5325
2023-03-26 07:30:00,28.77125
2023-03-26 08:30:00,29.515
2023-03-26 09:30:00,33.31375
2023-03-26 10:30:00,38.336666666666666
2023-03-26 11:30:00,41.54625
2023-03-26 12:30:00,41.20125
2023-03-26 13:30:00,39.92
2023-03-26 14:30:00,39.0325
2023-03-26 15:30:00,38.8525
2023-03-26 16:30:00,38.19
2023-03-26 17:30:00,36.3575
2023-03-26 18:30:00,32.2625
2023-03-26 19:30:00,29.58625
2023-03-26 20:30:00,28.385
2023-03-26 21:30:00,27.72375
2023-03-26 22:30:00,27.57875
2023-03-26 23:30:00,27.848750000000003
2023-03-27 00:30:00,27.8425
2023-03-27 01:30:00,27.12375
2023-03-27 02:30:00,26.3925
2023-03-27 03:30:00,25.68375
2023-03-27 04:30:00,25.30375
2023-03-27 05:30:00,24.801250000000003
2023-03-27 06:30:00,25.036250000000003
2023-03-27 07:30:00,25.822499999999998
2023-03-27 08:30:00,29.89875
2023-03-27 09:30:00,33.60625
2023-03-27 10:30:00,35.363749999999996
2023-03-27 11:30:00,36.911249999999995
2023-03-27 12:30:00,37.317499999999995
2023-03-27 13:30:00,37.4275
2023-03-27 14:30:00,37.495
2023-03-27 15:30:00,37.3925
2023-03-27 16:30:00,36.3675
2023-03-27 17:30:00,34.6125
2023-03-27 18:30:00,30.64125
2023-03-27 19:30:00,27.6
2023-03-27 20:30:00,26.74625
2023-03-27 21:30:00,26.463749999999997
2023-03-27 22:30:00,26.57125
2023-03-27 23:30:00,26.683749999999996
2023-03-28 00:30:00,26.4675
2023-03-28 02:30:00,24.33625
2023-03-28 03:30:00,23.87875
2023-03-28 04:30:00,23.555
2023-03-28 05:30:00,23.19
2023-03-28 06:30:00,22.78125
2023-03-28 07:30:00,23.168750000000003
2023-03-28 08:30:00,26.495
2023-03-28 09:30:00,30.72625
2023-03-28 10:30:00,34.4775
2023-03-28 11:30:00,36.66375
2023-03-28 12:30:00,37.4325
2023-03-28 13:30:00,37.60125
2023-03-28 14:30:00,37.58375
2023-03-28 15:30:00,37.06375
2023-03-28 16:30:00,36.526250000000005
2023-03-28 17:30:00,34.771249999999995
2023-03-28 18:30:00,31.51875
2023-03-28 19:30:00,29.61875
2023-03-28 20:30:00,29.0725
2023-03-28 21:30:00,28.57125
2023-03-28 22:30:00,28.2
2023-03-28 23:30:00,28.11125
2023-03-29 00:30:00,27.9875
2023-03-29 01:30:00,27.965
2023-03-29 02:30:00,27.98
2023-03-29 03:30:00,28.168750000000003
2023-03-29 04:30:00,28.01125
2023-03-29 05:30:00,27.84
2023-03-29 06:30:00,27.408749999999998
2023-03-29 07:30:00,27.64125
2023-03-29 08:30:00,31.65625
2023-03-29 09:30:00,35.64875
2023-03-29 10:30:00,38.5775
2023-03-29 11:30:00,41.05625
2023-03-29 12:30:00,43.167500000000004
2023-03-29 13:30:00,43.74125
2023-03-29 14:30:00,43.76625
2023-03-29 15:30:00,40.52375
2023-03-29 16:30:00,35.67875
2023-03-29 17:30:00,33.785
2023-03-29 18:30:00,31.681250000000002
2023-03-29 19:30:00,30.011249999999997
2023-03-29 20:30:00,28.293333333333333
2023-03-29 21:30:00,27.666666666666668
2023-03-29 22:30:00,28.426666666666666
2023-03-29 23:30:00,28.395
2023-03-30 00:30:00,28.17
2023-03-30 01:30:00,27.68
2023-03-30 02:30:00,27.645
2023-03-30 03:30:00,27.26625
2023-03-30 04:30:00,27.018749999999997
2023-03-30 05:30:00,26.89875
2023-03-30 06:30:00,26.622500000000002
2023-03-30 07:30:00,26.520000000000003
2023-03-30 09:30:00,35.082499999999996
2023-03-30 10:30:00,37.64875
2023-03-30 11:30:00,39.20375
2023-03-30 12:30:00,41.29625
2023-03-30 13:30:00,41.02875
2023-03-30 14:30:00,39.10625
2023-03-30 15:30:00,37.916250000000005
2023-03-30 16:30:00,34.45125
2023-03-30 17:30:00,32.89875
2023-03-30 18:30:00,31.50375
2023-03-30 19:30:00,30.5725
2023-03-30 20:30:00,29.94625
2023-03-30 21:30:00,29.5625
2023-03-30 22:30:00,29.330000000000002
2023-03-30 23:30:00,28.85125
2023-03-31 00:30:00,28.381249999999998
2023-03-31 01:30:00,27.9925
2023-03-31 02:30:00,27.55625
2023-03-31 03:30:00,27.27
2023-03-31 04:30:00,27.07125
2023-03-31 05:30:00,26.70125
2023-03-31 06:30:00,26.41875
2023-03-31 07:30:00,26.76875
2023-03-31 08:30:00,30.03
2023-03-31 09:30:00,33.886250000000004
2023-03-31 10:30:00,37.28875
2023-03-31 11:30:00,40.0175
2023-03-31 12:30:00,41.03874999999999
2023-03-31 13:30:00,41.20625
2023-03-31 14:30:00,41.485
2023-03-31 15:30:00,41.1375
2023-03-31 16:30:00,39.825
2023-03-31 17:30:00,36.72125
2023-03-31 18:30:00,33.05
2023-03-31 19:30:00,30.76375
2023-03-31 20:30:00,29.872500000000002
2023-03-31 21:30:00,29.59
2023-03-31 22:30:00,29.38125
2023-04-01 01:30:00,29.388333333333332
2023-04-01 02:30:00,28.465
2023-04-01 03:30:00,27.128333333333334
2023-04-01 04:30:00,26.89
2023-04-01 06:30:00,25.518749999999997
2023-04-01 07:30:00,25.58625
2023-04-01 08:30:00,26.685
2023-04-01 09:30:00,29.005
2023-04-01 10:30:00,31.686249999999998
2023-04-01 11:30:00,34.04
2023-04-01 12:30:00,35.45625
2023-04-01 13:30:00,35.78875
2023-04-01 14:30:00,35.8475
2023-04-01 15:30:00,35.9975
2023-04-01 16:30:00,35.66625
2023-04-01 17:30:00,33.39125
2023-04-01 18:30:00,28.68375
2023-04-01 19:30:00,26.244999999999997
2023-04-01 20:30:00,25.518749999999997
2023-04-01 21:30:00,24.873749999999998
2023-04-01 22:30:00,24.833333333333332
2023-04-01 23:30:00,25.385
2023-04-02 00:30:00,24.96125
2023-04-02 01:30:00,24.90125
2023-04-02 02:30:00,24.5925
2023-04-02 03:30:00,24.30375
2023-04-02 04:30:00,23.487499999999997
2023-04-02 05:30:00,22.71375
2023-04-02 06:30:00,22.295
2023-04-02 07:30:00,22.8775
2023-04-02 08:30:00,24.189999999999998
2023-04-02 09:30:00,29.206666666666667
2023-04-02 10:30:00,33.63375
2023-04-02 11:30:00,36.557500000000005
2023-04-02 12:30:00,36.81375
2023-04-02 13:30:00,37.28
2023-04-02 14:30:00,37.21875
2023-04-02 15:30:00,36.3175
2023-04-02 16:30:00,35.7775
2023-04-02 17:30:00,34.11666666666667
2023-04-02 18:30:00,28.86875
2023-04-02 19:30:00,27.61875
2023-04-02 20:30:00,27.705
2023-04-02 21:30:00,27.7275
2023-04-02 22:30:00,27.6725
2023-04-02 23:30:00,27.43125
2023-04-03 00:30:00,27.1025
2023-04-03 01:30:00,26.814999999999998
2023-04-03 02:30:00,26.52
2023-04-03 03:30:00,26.228749999999998
2023-04-03 04:30:00,26.029999999999998
2023-04-03 05:30:00,25.03125
2023-04-03 06:30:00,24.493333333333336
2023-04-03 07:30:00,24.256666666666664
2023-04-03 08:30:00,27.5125
2023-04-03 09:30:00,31.34
2023-04-03 10:30:00,34.583749999999995
2023-04-03 11:30:00,36.783750000000005
2023-04-03 12:30:00,38.317499999999995
2023-04-03 13:30:00,39.155
2023-04-03 14:30:00,39.12125
2023-04-03 15:30:00,38.55625
2023-04-03 16:30:00,36.93875
2023-04-03 17:30:00,34.7325
2023-04-03 18:30:00,30.74625
2023-04-03 19:30:00,28.70375
2023-04-03 20:30:00,27.83
2023-04-03 21:30:00,27.4875
2023-04-03 22:30:00,26.84
2023-04-03 23:30:00,25.748333333333335
2023-04-04 00:30:00,25.55875
2023-04-04 01:30:00,25.37875
2023-04-04 02:30:00,25.16375
2023-04-04 03:30:00,24.65
2023-04-04 05:30:00,25.05625
2023-04-04 06:30:00,24.44875
2023-04-04 07:30:00,24.64875
2023-04-04 08:30:00,28.6725
2023-04-04 09:30:00,33.15375
2023-04-04 10:30:00,36.86625
2023-04-04 11:30:00,39.4925
2023-04-04 12:30:00,41.7
2023-04-04 13:30:00,42.8475
2023-04-04 14:30:00,41.84375
2023-04-04 15:30:00,40.2875
2023-04-04 16:30:00,38.59375
2023-04-04 17:30:00,35.85375
2023-04-04 18:30:00,31.57125
2023-04-04 19:30:00,29.82375
2023-04-04 20:30:00,29.695
2023-04-04 21:30:00,29.708750000000002
2023-04-04 22:30:00,29.46125
2023-04-04 23:30:00,29.22
2023-04-05 00:30:00,29.1625
2023-04-05 01:30:00,29.036250000000003
2023-04-05 02:30:00,28.83
2023-04-05 03:30:00,28.55
2023-04-05 05:30:00,26.843333333333334
2023-04-05 06:30:00,26.443749999999998
2023-04-05 07:30:00,26.7825
2023-04-05 08:30:00,30.365000000000002
2023-04-05 09:30:00,33.46
2023-04-05 10:30:00,35.49125
2023-04-05 11:30:00,36.795
2023-04-05 13:30:00,33.2925
2023-04-05 14:30:00,29.808333333333334
2023-04-05 15:30:00,30.30625
2023-04-05 16:30:00,30.29
2023-04-05 17:30:00,29.5475
2023-04-05 18:30:00,28.111250000000002
2023-04-05 19:30:00,27.57
2023-04-05 20:30:00,26.98875
2023-04-05 21:30:00,26.415
2023-04-05 22:30:00,26.3375
2023-04-05 23:30:00,26.252499999999998
2023-04-06 00:30:00,25.89125
2023-04-06 01:30:00,25.79625
2023-04-06 02:30:00,25.4225
2023-04-06 03:30:00,25.2875
2023-04-06 04:30:00,24.95625
2023-04-06 05:30:00,25.105
2023-04-06 06:30:00,24.9525
2023-04-06 07:30:00,24.81125
2023-04-06 08:30:00,25.341250000000002
2023-04-06 09:30:00,26.45
2023-04-06 10:30:00,28.18
2023-04-06 11:30:00,29.659999999999997
2023-04-06 12:30:00,28.955
2023-04-06 13:30:00,28.72625
2023-04-06 14:30:00,28.47
2023-04-06 15:30:00,27.088749999999997
2023-04-06 16:30:00,25.9375
2023-04-06 17:30:00,25.15375
2023-04-06 18:30:00,24.872500000000002
2023-04-06 19:30:00,24.72625
2023-04-06 20:30:00,24.625
2023-04-06 21:30:00,24.7
2023-04-06 22:30:00,24.41125
2023-04-06 23:30:00,24.145
2023-04-07 00:30:00,24.15375
2023-04-07 01:30:00,24.165
2023-04-07 02:30:00,24.0225
2023-04-07 03:30:00,24.14
2023-04-07 04:30:00,24.1
2023-04-07 05:30:00,23.92875
2023-04-07 06:30:00,23.82125
2023-04-07 07:30:00,23.76
2023-04-07 08:30:00,24.12125
2023-04-07 09:30:00,25.049999999999997
2023-04-07 10:30:00,26.145
2023-04-07 11:30:00,28.0325
2023-04-07 12:30:00,30.766666666666666
2023-04-07 13:30:00,29.9425
2023-04-07 14:30:00,26.08666666666667
2023-04-07 15:30:00,25.89375
2023-04-07 16:30:00,27.00125
2023-04-07 17:30:00,27.03125
2023-04-07 18:30:00,25.903750000000002
2023-04-07 19:30:00,25.05875
2023-04-07 20:30:00,24.95625
2023-04-07 21:30:00,24.88875
2023-04-07 22:30:00,24.68625
2023-04-07 23:30:00,24.6075
2023-04-08 00:30:00,24.7175
2023-04-08 01:30:00,24.715000000000003
2023-04-08 02:30:00,24.5175
2023-04-08 03:30:00,24.403750000000002
2023-04-08 04:30:00,24.4725
2023-04-08 05:30:00,24.58625
2023-04-08 06:30:00,24.497500000000002
2023-04-08 07:30:00,24.4675
2023-04-08 08:30:00,24.55625
2023-04-08 09:30:00,25.075
2023-04-08 10:30:00,26.61
2023-04-08 11:30:00,30.1725
2023-04-08 12:30:00,31.26
2023-04-08 13:30:00,31.999999999999996
2023-04-08 14:30:00,30.56375
2023-04-08 15:30:00,29.666249999999998
2023-04-08 16:30:00,29.27375
2023-04-08 17:30:00,28.8975
2023-04-08 18:30:00,28.01875
2023-04-08 19:30:00,27.39
2023-04-08 20:30:00,27.08375
2023-04-08 21:30:00,26.62375
2023-04-08 22:30:00,25.9125
2023-04-08 23:30:00,25.138749999999998
2023-04-09 00:30:00,25.3525
2023-04-09 01:30:00,25.33375
2023-04-09 02:30:00,25.13625
2023-04-09 03:30:00,24.985000000000003
2023-04-09 04:30:00,25.05875
2023-04-09 05:30:00,25.161250000000003
2023-04-09 06:30:00,24.65
2023-04-09 07:30:00,24.90375
2023-04-09 08:30:00,28.00125
2023-04-09 09:30:00,32.0975
2023-04-09 10:30:00,34.83625
2023-04-09 11:30:00,34.47166666666667
2023-04-09 12:30:00,34.97125
2023-04-09 13:30:00,36.12375
2023-04-09 14:30:00,36.085
2023-04-09 15:30:00,35.78375
2023-04-09 16:30:00,32.8525
2023-04-09 17:30:00,30.713749999999997
2023-04-09 18:30:00,29.37375
2023-04-09 19:30:00,28.75375
2023-04-09 20:30:00,28.50125
2023-04-09 21:30:00,28.005
2023-04-09 22:30:00,27.4825
2023-04-09 23:30:00,27.060000000000002
2023-04-10 00:30:00,26.52125
2023-04-10 01:30:00,26.17875
2023-04-10 02:30:00,26.0
2023-04-10 03:30:00,25.80875
2023-04-10 04:30:00,25.4625
2023-04-10 05:30:00,24.87625
2023-04-10 06:30:00,25.13875
2023-04-10 07:30:00,25.439999999999998
2023-04-10 08:30:00,28.5175
2023-04-10 09:30:00,31.996250000000003
2023-04-10 10:30:00,35.18875
2023-04-10 11:30:00,38.129999999999995
2023-04-10 12:30:00,39.573750000000004
2023-04-10 13:30:00,39.815
2023-04-10 14:30:00,40.113749999999996
2023-04-10 15:30:00,40.8825
2023-04-10 16:30:00,39.894999999999996
2023-04-10 17:30:00,37.1525
2023-04-10 18:30:00,31.679999999999996
2023-04-10 19:30:00,29.95125
2023-04-10 20:30:00,29.34
2023-04-10 21:30:00,29.342499999999998
2023-04-10 22:30:00,28.723750000000003
2023-04-10 23:30:00,27.9925
2023-04-11 00:30:00,27.2875
2023-04-11 01:30:00,26.88625
2023-04-11 02:30:00,26.42125
2023-04-11 03:30:00,25.96125
2023-04-11 04:30:00,25.89375
2023-04-11 05:30:00,26.168750000000003
2023-04-11 06:30:00,26.3175
2023-04-11 07:30:00,26.33625
2023-04-11 08:30:00,29.590000000000003
2023-04-11 09:30:00,33.39125
2023-04-11 10:30:00,36.67375
2023-04-11 11:30:00,39.1425
2023-04-11 12:30:00,40.458749999999995
2023-04-11 13:30:00,40.47375
2023-04-11 14:30:00,40.364999999999995
2023-04-11 15:30:00,40.07875
2023-04-11 16:30:00,38.72375
2023-04-11 17:30:00,36.0475
2023-04-11 18:30:00,31.82
2023-04-11 19:30:00,29.78125
2023-04-11 20:30:00,29.16875
2023-04-11 21:30:00,28.60125
2023-04-11 22:30:00,28.2925
2023-04-11 23:30:00,27.8225
2023-04-12 00:30:00,27.66375
2023-04-12 01:30:00,27.3525
2023-04-12 02:30:00,26.77
2023-04-12 03:30:00,26.21125
2023-04-12 04:30:00,25.775
2023-04-12 05:30:00,25.6475
2023-04-12 06:30:00,25.932499999999997
2023-04-12 07:30:00,26.576249999999998
2023-04-12 08:30:00,29.7925
2023-04-12 09:30:00,32.8975
2023-04-12 10:30:00,36.73125
2023-04-12 11:30:00,40.37875
2023-04-12 12:30:00,42.09875
2023-04-12 13:30:00,43.69625
2023-04-12 18:30:00,34.651250000000005
2023-04-12 19:30:00,32.64125
2023-04-12 20:30:00,31.8325
2023-04-12 22:30:00,29.06125
2023-04-12 23:30:00,28.78125
2023-04-13 00:30:00,28.0
2023-04-13 01:30:00,27.5125
2023-04-13 02:30:00,27.3075
2023-04-13 03:30:00,26.218333333333334
2023-04-13 04:30:00,25.66875
2023-04-13 05:30:00,25.615000000000002
2023-04-13 06:30:00,25.4825
2023-04-13 07:30:00,26.1
2023-04-13 08:30:00,29.25375
2023-04-13 09:30:00,32.4775
2023-04-13 10:30:00,34.05625
2023-04-13 11:30:00,34.87166666666667
2023-04-13 12:30:00,33.63249999999999
2023-04-13 13:30:00,33.67
2023-04-13 14:30:00,33.8275
2023-04-13 15:30:00,32.557500000000005
2023-04-13 16:30:00,31.693749999999998
2023-04-13 17:30:00,29.494999999999997
2023-04-13 18:30:00,27.668750000000003
2023-04-13 19:30:00,27.45625
2023-04-13 20:30:00,27.24125
2023-04-13 21:30:00,26.93875
2023-04-13 22:30:00,26.98375
2023-04-13 23:30:00,27.08
2023-04-14 00:30:00,27.0875
2023-04-14 01:30:00,27.015
2023-04-14 02:30:00,26.8025
2023-04-14 03:30:00,26.365
2023-04-14 04:30:00,25.78875
2023-04-14 05:30:00,25.42125
2023-04-14 06:30:00,25.2075
2023-04-14 07:30:00,25.005
2023-04-14 08:30:00,24.628333333333334
2023-04-14 09:30:00,25.13
2023-04-14 10:30:00,25.810000000000002
2023-04-14 11:30:00,26.331249999999997
2023-04-14 12:30:00,26.52125
2023-04-14 13:30:00,26.50875
2023-04-14 14:30:00,26.2625
2023-04-14 15:30:00,26.70875
2023-04-14 16:30:00,26.02375
2023-04-14 17:30:00,25.50375
2023-04-14 18:30:00,24.85
2023-04-14 19:30:00,24.80125
2023-04-14 20:30:00,24.5775
2023-04-14 21:30:00,24.41125
2023-04-14 22:30:00,24.322499999999998
2023-04-14 23:30:00,24.31375
2023-04-15 00:30:00,24.39375
2023-04-15 01:30:00,24.4425
2023-04-15 02:30:00,24.43875
2023-04-15 03:30:00,24.447499999999998
2023-04-15 04:30:00,24.21
2023-04-15 05:30:00,24.005
2023-04-15 06:30:00,24.15625
2023-04-15 07:30:00,24.405
2023-04-15 08:30:00,25.076249999999998
2023-04-15 09:30:00,27.4
2023-04-15 10:30:00,29.1675
2023-04-15 11:30:00,30.50625
2023-04-15 12:30:00,31.021250000000002
2023-04-15 13:30:00,32.33875
2023-04-15 14:30:00,30.82375
2023-04-15 15:30:00,31.14
2023-04-15 16:30:00,29.90625
2023-04-15 17:30:00,28.06875
2023-04-15 18:30:00,27.26875
2023-04-15 19:30:00,26.853749999999998
2023-04-15 20:30:00,26.84625
2023-04-15 21:30:00,26.67
2023-04-15 22:30:00,26.66375
2023-04-15 23:30:00,26.59375
2023-04-16 00:30:00,26.63625
2023-04-16 01:30:00,26.69
2023-04-16 02:30:00,26.38125
2023-04-16 03:30:00,25.722499999999997
2023-04-16 04:30:00,24.813333333333333
2023-04-16 05:30:00,24.3975
2023-04-16 06:30:00,23.83875
2023-04-16 07:30:00,23.677500000000002
2023-04-16 08:30:00,27.16875
2023-04-16 09:30:00,30.98125
2023-04-16 10:30:00,32.963750000000005
2023-04-16 11:30:00,35.78125
2023-04-16 12:30:00,36.651250000000005
2023-04-16 13:30:00,37.46
2023-04-16 14:30:00,37.904999999999994
2023-04-16 15:30:00,37.0125
2023-04-16 16:30:00,33.95375
2023-04-16 17:30:00,31.49125
2023-04-16 18:30:00,29.72875
2023-04-16 19:30:00,27.98625
2023-04-16 20:30:00,27.32875
2023-04-16 21:30:00,26.982499999999998
2023-04-16 22:30:00,27.0325
2023-04-16 23:30:00,26.97625
2023-04-17 00:30:00,26.5425
2023-04-17 01:30:00,26.5275
2023-04-17 02:30:00,26.4675
2023-04-17 03:30:00,26.439999999999998
2023-04-17 04:30:00,26.365
2023-04-17 05:30:00,25.727500000000003
2023-04-17 06:30:00,25.248749999999998
2023-04-17 07:30:00,25.13375
2023-04-17 08:30:00,27.55875
2023-04-17 09:30:00,28.853333333333335
2023-04-17 10:30:00,32.685
2023-04-17 11:30:00,34.269999999999996
2023-04-17 12:30:00,34.065
2023-04-17 13:30:00,33.176249999999996
2023-04-17 14:30:00,30.5375
2023-04-17 15:30:00,29.21625
2023-04-17 16:30:00,27.58875
2023-04-17 17:30:00,26.7375
2023-04-17 18:30:00,26.42375
2023-04-17 19:30:00,26.1575
2023-04-17 20:30:00,26.0225
2023-04-17 21:30:00,25.20875
2023-04-17 22:30:00,24.40625
2023-04-17 23:30:00,24.505000000000003
2023-04-18 00:30:00,24.619999999999997
2023-04-18 01:30:00,24.47125
2023-04-18 02:30:00,24.466250000000002
2023-04-18 03:30:00,24.53875
2023-04-18 04:30:00,24.53375
2023-04-18 05:30:00,24.52625
2023-04-18 06:30:00,24.445
2023-04-18 07:30:00,24.52875
2023-04-18 08:30:00,25.017500000000002
2023-04-18 09:30:00,26.208750000000002
2023-04-18 11:30:00,33.5925
2023-04-18 12:30:00,35.17375
2023-04-18 13:30:00,34.135
2023-04-18 14:30:00,33.83875
2023-04-18 15:30:00,31.64375
2023-04-18 16:30:00,29.72125
2023-04-18 17:30:00,28.2025
2023-04-18 18:30:00,27.490000000000002
2023-04-18 19:30:00,26.471249999999998
2023-04-18 20:30:00,25.76875
2023-04-18 21:30:00,25.49875
2023-04-18 23:30:00,23.505
2023-04-19 00:30:00,22.97375
2023-04-19 01:30:00,22.63375
2023-04-19 02:30:00,22.27625
2023-04-19 03:30:00,21.893749999999997
2023-04-19 04:30:00,21.62125
2023-04-19 05:30:00,21.3975
2023-04-19 06:30:00,21.276249999999997
2023-04-19 07:30:00,21.70375
2023-04-19 08:30:00,24.25875
2023-04-19 09:30:00,27.4275
2023-04-19 10:30:00,31.30125
2023-04-19 11:30:00,33.396249999999995
2023-04-19 12:30:00,34.2775
2023-04-19 13:30:00,34.7125
2023-04-19 14:30:00,33.03
2023-04-19 15:30:00,30.34875
2023-04-19 16:30:00,28.8475
2023-04-19 17:30:00,27.83625
2023-04-19 18:30:00,25.86125
2023-04-19 19:30:00,23.64875
2023-04-20 09:30:00,25.186666666666667
2023-04-20 10:30:00,28.465
2023-04-20 11:30:00,32.1425
2023-04-20 12:30:00,33.56375
2023-04-20 13:30:00,34.1625
2023-04-20 14:30:00,35.0175
2023-04-20 15:30:00,35.582499999999996
2023-04-20 16:30:00,34.355
2023-04-20 17:30:00,31.61625
2023-04-20 18:30:00,25.650000000000002
2023-04-20 19:30:00,23.74625
2023-04-20 20:30:00,22.74
2023-04-20 22:30:00,21.400000000000002
2023-04-21 00:30:00,21.110000000000003
2023-04-21 01:30:00,20.845000000000002
2023-04-21 03:30:00,19.81833333333333
2023-04-21 04:30:00,19.713333333333335
2023-04-21 05:30:00,19.555000000000003
2023-04-21 06:30:00,19.658333333333335
2023-04-21 07:30:00,20.026666666666667
2023-04-21 10:30:00,26.6075
2023-04-21 11:30:00,30.9
2023-04-21 12:30:00,34.23125
2023-04-21 13:30:00,34.435
2023-04-21 14:30:00,33.2225
2023-04-21 15:30:00,32.322500000000005
2023-04-21 16:30:00,31.43
2023-04-21 17:30:00,30.53625
2023-04-21 18:30:00,27.1375
2023-04-21 19:30:00,25.3275
2023-04-21 20:30:00,24.45875
2023-04-21 21:30:00,23.90625
